Route_Name,Route_Link,Bus_Name,Bus_Type,Departing_Time,Duration,Reaching_Time,Star_Rating,Price,Seat_Availability
Tezpur to Guwahati,https://www.redbus.in/bus-tickets/tezpur-to-guwahati,Assam State Transport Corporation (ASTC) - 147480,Bharat Benz A/C Seater (2+2),05:00,04h 00m,09:00,3.7,INR 270,1 Seat available
Tezpur to Guwahati,https://www.redbus.in/bus-tickets/tezpur-to-guwahati,Assam State Transport Corporation (ASTC) - 135927,Volvo AC Seater 2+2,07:10,04h 30m,11:40,4.2,INR 298,23 Seats available
Tezpur to Guwahati,https://www.redbus.in/bus-tickets/tezpur-to-guwahati,Assam State Transport Corporation (ASTC) - 167476,Bharat Benz A/C Seater (2+2),07:35,04h 10m,11:45,4.5,INR 298,14 Seats available
Tezpur to Guwahati,https://www.redbus.in/bus-tickets/tezpur-to-guwahati,Assam State Transport Corporation (ASTC) - 153223,Bharat Benz A/C Seater (2+2),09:15,04h 15m,13:30,3.9,INR 298,17 Seats available
Tezpur to Guwahati,https://www.redbus.in/bus-tickets/tezpur-to-guwahati,,,,,,,,
Tezpur to Guwahati,https://www.redbus.in/bus-tickets/tezpur-to-guwahati,,,,,,,,
Tezpur to Guwahati,https://www.redbus.in/bus-tickets/tezpur-to-guwahati,,,,,,,,
Tezpur to Guwahati,https://www.redbus.in/bus-tickets/tezpur-to-guwahati,,,,,,,,
Tezpur to Guwahati,https://www.redbus.in/bus-tickets/tezpur-to-guwahati,,,,,,,,
Tezpur to Guwahati,https://www.redbus.in/bus-tickets/tezpur-to-guwahati,,,,,,,,
Guwahati to Tezpur,https://www.redbus.in/bus-tickets/guwahati-to-tezpur,Assam State Transport Corporation (ASTC) - 139846,Volvo AC Seater 2+2,06:10,03h 50m,10:00,4.1,INR 298,15 Seats available
Guwahati to Tezpur,https://www.redbus.in/bus-tickets/guwahati-to-tezpur,Assam State Transport Corporation (ASTC) - 170668,Bharat Benz A/C Seater (2+2),06:30,04h 15m,10:45,4.1,INR 298,14 Seats available
Guwahati to Tezpur,https://www.redbus.in/bus-tickets/guwahati-to-tezpur,Assam State Transport Corporation (ASTC) - 155999,Bharat Benz A/C Seater (2+2),07:15,03h 35m,10:50,4.2,INR 298,2 Seats available
Guwahati to Tezpur,https://www.redbus.in/bus-tickets/guwahati-to-tezpur,Assam State Transport Corporation (ASTC) - 154910,Bharat Benz A/C Seater (2+2),10:30,04h 30m,15:00,3.7,INR 298,23 Seats available
Guwahati to Tezpur,https://www.redbus.in/bus-tickets/guwahati-to-tezpur,,,,,,,,
Guwahati to Tezpur,https://www.redbus.in/bus-tickets/guwahati-to-tezpur,,,,,,,,
Guwahati to Tezpur,https://www.redbus.in/bus-tickets/guwahati-to-tezpur,,,,,,,,
Guwahati to Tezpur,https://www.redbus.in/bus-tickets/guwahati-to-tezpur,,,,,,,,
Guwahati to Tezpur,https://www.redbus.in/bus-tickets/guwahati-to-tezpur,,,,,,,,
Guwahati to Tezpur,https://www.redbus.in/bus-tickets/guwahati-to-tezpur,,,,,,,,
Nagaon (Assam) to Guwahati,https://www.redbus.in/bus-tickets/nagaon-to-guwahati,Assam State Transport Corporation (ASTC) - 145920,Bharat Benz A/C Seater (2+2),07:20,02h 40m,10:00,3.6,INR 191,22 Seats available
Nagaon (Assam) to Guwahati,https://www.redbus.in/bus-tickets/nagaon-to-guwahati,Assam State Transport Corporation (ASTC) - 146078,Bharat Benz A/C Seater (2+2),08:15,02h 45m,11:00,4.3,INR 191,6 Seats available
Nagaon (Assam) to Guwahati,https://www.redbus.in/bus-tickets/nagaon-to-guwahati,Assam State Transport Corporation (ASTC) - 141885,NON A/C Seater (2+2),13:45,02h 30m,16:15,3.7,INR 135,31 Seats available
Nagaon (Assam) to Guwahati,https://www.redbus.in/bus-tickets/nagaon-to-guwahati,Purple Wings Coaches,A/C Seater / Sleeper (2+1),04:05,02h 40m,06:45,3.8,INR 450,28 Seats available
Nagaon (Assam) to Guwahati,https://www.redbus.in/bus-tickets/nagaon-to-guwahati,,,,,,,,
Nagaon (Assam) to Guwahati,https://www.redbus.in/bus-tickets/nagaon-to-guwahati,,,,,,,,
Nagaon (Assam) to Guwahati,https://www.redbus.in/bus-tickets/nagaon-to-guwahati,,,,,,,,
Nagaon (Assam) to Guwahati,https://www.redbus.in/bus-tickets/nagaon-to-guwahati,,,,,,0,,
Goalpara to Guwahati,https://www.redbus.in/bus-tickets/goalpara-to-guwahati,Assam State Transport Corporation (ASTC) - 141730,Bharat Benz A/C Seater (2+2),06:10,04h 00m,10:10,3.9,INR 233,16 Seats available
Goalpara to Guwahati,https://www.redbus.in/bus-tickets/goalpara-to-guwahati,Balaji Tours And Travels,NON A/C Seater (2+2),13:30,03h 30m,17:00,5.0,INR 162,33 Seats available
Goalpara to Guwahati,https://www.redbus.in/bus-tickets/goalpara-to-guwahati,Balaji Tours And Travels,NON A/C Seater (2+2),10:45,04h 00m,14:45,1.0,INR 162,33 Seats available
Goalpara to Guwahati,https://www.redbus.in/bus-tickets/goalpara-to-guwahati,Balaji Tours And Travels,,11:15,04h 20m,15:35,1.6,INR 162,41 Seats available
Goalpara to Guwahati,https://www.redbus.in/bus-tickets/goalpara-to-guwahati,,,,,,,,
Jorhat to North Lakhimpur,https://www.redbus.in/bus-tickets/jorhat-to-north-lakhimpur,Padmanav Travels,NON A/C Seater Push Back (2+2),06:00,07h 45m,13:45,2.7,561,39 Seats available
Jorhat to North Lakhimpur,https://www.redbus.in/bus-tickets/jorhat-to-north-lakhimpur,Priyanka,NON A/C Seater (2+1),19:00,10h 30m,05:30,2.6,INR 600,19 Seats available
Dhubri to Guwahati,https://www.redbus.in/bus-tickets/dhubri-to-guwahati,Rizwan Travels,Non AC Seater (2+2),12:30,07h 30m,20:00,3.0,INR 300,45 Seats available
Dhubri to Guwahati,https://www.redbus.in/bus-tickets/dhubri-to-guwahati,Rizwan Travels,A/C Seater (2+2),04:45,06h 45m,11:30,3.0,INR 380,34 Seats available
Dhubri to Guwahati,https://www.redbus.in/bus-tickets/dhubri-to-guwahati,MAA MONOSHA TRAVELS,NON A/C Seater (2+1),20:00,07h 30m,03:30,3.5,INR 350,34 Seats available
Dhubri to Guwahati,https://www.redbus.in/bus-tickets/dhubri-to-guwahati,Yatra,Non AC Seater (2+2),20:15,07h 15m,03:30,2.3,INR 350,39 Seats available
Dhubri to Guwahati,https://www.redbus.in/bus-tickets/dhubri-to-guwahati,,,,,,,,
Jorhat to Dibrugarh,https://www.redbus.in/bus-tickets/jorhat-to-dibrugarh,Assam State Transport Corporation (ASTC) - 166131,Bharat Benz A/C Seater (2+2),07:20,04h 20m,11:40,4.1,INR 207,16 Seats available
Jorhat to Dibrugarh,https://www.redbus.in/bus-tickets/jorhat-to-dibrugarh,Basudev Transline,A/C Seater (2+2),10:00,04h 10m,14:10,3.6,300,29 Seats available
Jorhat to Dibrugarh,https://www.redbus.in/bus-tickets/jorhat-to-dibrugarh,Aniruddha Travels,AC Seater (2+2),11:45,04h 30m,16:15,3.0,540,20 Seats available
Jorhat to Dibrugarh,https://www.redbus.in/bus-tickets/jorhat-to-dibrugarh,Aroti Travels (Under ASTC),,12:20,04h 00m,16:20,3.3,INR 275,
Jorhat to Dibrugarh,https://www.redbus.in/bus-tickets/jorhat-to-dibrugarh,,,,,,,,
North Lakhimpur to Jorhat,https://www.redbus.in/bus-tickets/north-lakhimpur-to-jorhat,Padmanav Travels,NON A/C Seater Push Back (2+2),05:30,08h 05m,13:35,2.4,561,37 Seats available
North Lakhimpur to Jorhat,https://www.redbus.in/bus-tickets/north-lakhimpur-to-jorhat,Sylvan DEE Transport,Non AC Seater (2+1),18:00,10h 30m,04:30,2.8,INR 560,31 Seats available
North Lakhimpur to Sibsagar,https://www.redbus.in/bus-tickets/north-lakhimpur-to-sibsagar,Assam State Transport Corporation (ASTC) - 173044,Non AC Seater (2+2),13:00,03h 30m,16:30,3.0,INR 220,25 Seats available
North Lakhimpur to Sibsagar,https://www.redbus.in/bus-tickets/north-lakhimpur-to-sibsagar,Sylvan DEE Transport,Non AC Seater (2+1),18:00,11h 30m,05:30,1.0,INR 660,31 Seats available
Guwahati to Dhubri,https://www.redbus.in/bus-tickets/guwahati-to-dhubri,Yatra,Non AC Seater (2+2),08:15,07h 15m,15:30,2.0,INR 350,40 Seats available
Guwahati to Dhubri,https://www.redbus.in/bus-tickets/guwahati-to-dhubri,Yatra,Non AC Seater (2+2),06:30,06h 15m,12:45,1.2,INR 300,41 Seats available
Guwahati to Dhubri,https://www.redbus.in/bus-tickets/guwahati-to-dhubri,MAA MONOSHA TRAVELS,NON A/C Seater (2+1),10:00,07h 30m,17:30,2.3,INR 350,28 Seats available
Guwahati to Dhubri,https://www.redbus.in/bus-tickets/guwahati-to-dhubri,Rizwan Travels,,13:30,06h 00m,19:30,1.8,INR 390,
Guwahati to Dhubri,https://www.redbus.in/bus-tickets/guwahati-to-dhubri,,,,,,,,
Dhekiajuli to Guwahati,https://www.redbus.in/bus-tickets/dhekiajuli-to-guwahati,Assam State Transport Corporation (ASTC) - 147480,Bharat Benz A/C Seater (2+2),05:55,03h 05m,09:00,3.8,INR 213,1 Seat available
Dhekiajuli to Guwahati,https://www.redbus.in/bus-tickets/dhekiajuli-to-guwahati,Upasana Travels (Under ASTC),A/C Seater (2+2),07:15,03h 25m,10:40,3.1,INR 235,19 Seats available
Sibsagar to North Lakhimpur,https://www.redbus.in/bus-tickets/sibsagar-to-north-lakhimpur,Assam State Transport Corporation (ASTC) - 173043,Non AC Seater (2+2),07:30,04h 00m,11:30,3.0,INR 220,17 Seats available
Sibsagar to North Lakhimpur,https://www.redbus.in/bus-tickets/sibsagar-to-north-lakhimpur,Assam State Transport Corporation (ASTC) - 152649,Bharat Benz A/C Seater (2+2),08:10,04h 50m,13:00,4.2,INR 314,1 Seat available
Dibrugarh to Jorhat,https://www.redbus.in/bus-tickets/dibrugarh-to-jorhat,Assam State Transport Corporation (ASTC) - 166134,Bharat Benz A/C Seater (2+2),10:30,05h 00m,15:30,3.9,INR 207,26 Seats available
Dibrugarh to Jorhat,https://www.redbus.in/bus-tickets/dibrugarh-to-jorhat,Bashudev Transline (Under ASTC),A/C Seater (2+1),06:45,03h 45m,10:30,4.1,INR 550,13 Seats available
Dibrugarh to Jorhat,https://www.redbus.in/bus-tickets/dibrugarh-to-jorhat,Aroti Travels (Under ASTC),Non AC Seater (2+2),06:45,03h 15m,10:00,4.1,INR 275,29 Seats available
Dibrugarh to Jorhat,https://www.redbus.in/bus-tickets/dibrugarh-to-jorhat,,,,,,,,
Dibrugarh to Jorhat,https://www.redbus.in/bus-tickets/dibrugarh-to-jorhat,,,,,,,,
Jorhat to Tinsukia,https://www.redbus.in/bus-tickets/jorhat-to-tinsukia,Assam State Transport Corporation (ASTC) - 166131,Bharat Benz A/C Seater (2+2),07:20,06h 10m,13:30,4.1,INR 281,17 Seats available
Jorhat to Tinsukia,https://www.redbus.in/bus-tickets/jorhat-to-tinsukia,Assam State Transport Corporation (ASTC) - 154034,A/C Seater (2+1),09:15,05h 45m,15:00,2.2,INR 285,15 Seats available
Jorhat to Tinsukia,https://www.redbus.in/bus-tickets/jorhat-to-tinsukia,NETWORK TRAVELS,Non A/C Seater / Sleeper (2+1),00:30,05h 00m,05:30,3.9,500,27 Seats available
Jorhat to Tinsukia,https://www.redbus.in/bus-tickets/jorhat-to-tinsukia,Purple Wings Coaches,A/C Seater / Sleeper (2+1),01:15,04h 30m,05:45,4.8,575,18 Seats available
Jorhat to Tinsukia,https://www.redbus.in/bus-tickets/jorhat-to-tinsukia,,,,,,,,
Jorhat to Tinsukia,https://www.redbus.in/bus-tickets/jorhat-to-tinsukia,,,,,,,,
Jorhat to Tinsukia,https://www.redbus.in/bus-tickets/jorhat-to-tinsukia,,,,,,,,
Tezpur to Dibrugarh,https://www.redbus.in/bus-tickets/tezpur-to-dibrugarh,Assam State Transport Corporation (ASTC) - 138447,NON A/C Seater Push Back (2+1),08:00,08h 00m,16:00,3.6,INR 400,6 Seats available
Tezpur to Dibrugarh,https://www.redbus.in/bus-tickets/tezpur-to-dibrugarh,Aniruddha Travels,AC Seater (2+2),07:50,08h 25m,16:15,4.2,603,18 Seats available
Tezpur to Dibrugarh,https://www.redbus.in/bus-tickets/tezpur-to-dibrugarh,Aniruddha Travels,NON A/C Seater/ Sleeper (2+1),19:30,08h 30m,04:00,3.5,570,30 Seats available
Tezpur to Dibrugarh,https://www.redbus.in/bus-tickets/tezpur-to-dibrugarh,Puja Transport,,20:00,08h 30m,04:30,3.3,585,
Tezpur to Dibrugarh,https://www.redbus.in/bus-tickets/tezpur-to-dibrugarh,,,,,,,,
North Lakhimpur to Tezpur,https://www.redbus.in/bus-tickets/north-lakhimpur-to-tezpur,Pranjit Travels (Under ASTC),Non AC Seater (2+1),05:45,05h 10m,10:55,3.4,INR 500,13 Seats available
North Lakhimpur to Tezpur,https://www.redbus.in/bus-tickets/north-lakhimpur-to-tezpur,Pranjit Travels (Under ASTC),NON A/C Seater (2+1),07:15,04h 15m,11:30,3.5,INR 450,8 Seats available
North Lakhimpur to Tezpur,https://www.redbus.in/bus-tickets/north-lakhimpur-to-tezpur,Sparrow Travels (Under ASTC),A/C Seater Push Back (2+2),10:40,05h 20m,16:00,3.0,INR 420,40 Seats available
North Lakhimpur to Tezpur,https://www.redbus.in/bus-tickets/north-lakhimpur-to-tezpur,Sparrow Travels (Under ASTC),,12:30,06h 15m,18:45,3.0,INR 350,
North Lakhimpur to Tezpur,https://www.redbus.in/bus-tickets/north-lakhimpur-to-tezpur,,,,,,,,
Guwahati to Biswanath Charali,https://www.redbus.in/bus-tickets/guwahati-to-biswanath-charali,Assam State Transport Corporation (ASTC) - 155999,Bharat Benz A/C Seater (2+2),07:15,04h 35m,11:50,3.8,INR 412,2 Seats available
Guwahati to Biswanath Charali,https://www.redbus.in/bus-tickets/guwahati-to-biswanath-charali,Assam State Transport Corporation (ASTC) - 172867,A/C Seater (2+1),19:10,05h 20m,00:30,4.5,INR 412,25 Seats available
Guwahati to Biswanath Charali,https://www.redbus.in/bus-tickets/guwahati-to-biswanath-charali,Aziba Travels,NON A/C Seater (2+1),05:45,06h 05m,11:50,4.3,396,3 Seats available
Guwahati to Biswanath Charali,https://www.redbus.in/bus-tickets/guwahati-to-biswanath-charali,Yatra Travels,NON A/C Seater (2+1),07:00,05h 40m,12:40,,INR 550,1 Seat available
Guwahati to Biswanath Charali,https://www.redbus.in/bus-tickets/guwahati-to-biswanath-charali,,,,,,,,
Guwahati to Biswanath Charali,https://www.redbus.in/bus-tickets/guwahati-to-biswanath-charali,,,,,,,,
Guwahati to Biswanath Charali,https://www.redbus.in/bus-tickets/guwahati-to-biswanath-charali,,,,,,0,,
North Lakhimpur to Dibrugarh,https://www.redbus.in/bus-tickets/north-lakhimpur-to-dibrugarh,Assam State Transport Corporation (ASTC) - 147552,Bharat Benz A/C Seater (2+2),07:30,03h 15m,10:45,4.1,INR 235.62,25 Seats available
North Lakhimpur to Dibrugarh,https://www.redbus.in/bus-tickets/north-lakhimpur-to-dibrugarh,BARBIE TRAVELS,NON A/C Hi-Tech Push Back (2+2),06:00,04h 20m,10:20,5.0,INR 240,40 Seats available
North Lakhimpur to Dibrugarh,https://www.redbus.in/bus-tickets/north-lakhimpur-to-dibrugarh,BARBIE TRAVELS,NON A/C Hi-Tech Push Back (2+2),07:55,04h 35m,12:30,3.2,INR 240,40 Seats available
North Lakhimpur to Dibrugarh,https://www.redbus.in/bus-tickets/north-lakhimpur-to-dibrugarh,Maa Jagadamba,,09:20,04h 55m,14:15,3.4,INR 240,
North Lakhimpur to Dibrugarh,https://www.redbus.in/bus-tickets/north-lakhimpur-to-dibrugarh,,,,,,,,
Tinsukia to Jorhat,https://www.redbus.in/bus-tickets/tinsukia-to-jorhat,Assam State Transport Corporation (ASTC) - 154054,A/C Seater (2+1),08:25,05h 05m,13:30,3.9,INR 285,12 Seats available
Tinsukia to Jorhat,https://www.redbus.in/bus-tickets/tinsukia-to-jorhat,Assam State Transport Corporation (ASTC) - 166134,Bharat Benz A/C Seater (2+2),09:00,06h 30m,15:30,3.7,INR 281,26 Seats available
Tinsukia to Jorhat,https://www.redbus.in/bus-tickets/tinsukia-to-jorhat,Aroti Travels (Under ASTC),Non AC Seater (2+2),05:40,04h 20m,10:00,3.6,360,31 Seats available
Tinsukia to Jorhat,https://www.redbus.in/bus-tickets/tinsukia-to-jorhat,Aniruddha Travels,AC Seater (2+2),06:00,05h 10m,11:10,3.8,540,24 Seats available
Tinsukia to Jorhat,https://www.redbus.in/bus-tickets/tinsukia-to-jorhat,,,,,,,,
Tinsukia to Jorhat,https://www.redbus.in/bus-tickets/tinsukia-to-jorhat,,,,,,,,
Tinsukia to Jorhat,https://www.redbus.in/bus-tickets/tinsukia-to-jorhat,,,,,,,,
Tezpur to North Lakhimpur,https://www.redbus.in/bus-tickets/tezpur-to-north-lakhimpur,Assam State Transport Corporation (ASTC) - 155999,Bharat Benz A/C Seater (2+2),10:50,04h 10m,15:00,4.7,INR 334,6 Seats available
Tezpur to North Lakhimpur,https://www.redbus.in/bus-tickets/tezpur-to-north-lakhimpur,Sparrow Travels (Under ASTC),Non AC Seater (2+2),06:30,05h 30m,12:00,3.1,INR 350,40 Seats available
Tezpur to North Lakhimpur,https://www.redbus.in/bus-tickets/tezpur-to-north-lakhimpur,Aziba Travels,NON A/C Seater (2+1),10:40,04h 20m,15:00,4.9,396,5 Seats available
Tezpur to North Lakhimpur,https://www.redbus.in/bus-tickets/tezpur-to-north-lakhimpur,Pranjit Travels (Under ASTC),,13:10,05h 20m,18:30,,INR 500,
Tezpur to North Lakhimpur,https://www.redbus.in/bus-tickets/tezpur-to-north-lakhimpur,,,,,,,,
North Lakhimpur to Moran,https://www.redbus.in/bus-tickets/north-lakhimpur-to-moran,Assam State Transport Corporation (ASTC) - 173044,Non AC Seater (2+2),13:00,02h 30m,15:30,4.6,INR 170,28 Seats available
Guwahati to Gohpur,https://www.redbus.in/bus-tickets/guwahati-to-gohpur,Assam State Transport Corporation (ASTC) - 155999,Bharat Benz A/C Seater (2+2),07:15,05h 45m,13:00,4.6,INR 503,3 Seats available
Guwahati to Gohpur,https://www.redbus.in/bus-tickets/guwahati-to-gohpur,Assam State Transport Corporation (ASTC) - 172867,A/C Seater (2+1),19:10,06h 20m,01:30,4.2,INR 503,25 Seats available
Guwahati to Gohpur,https://www.redbus.in/bus-tickets/guwahati-to-gohpur,Yatra Travels,NON A/C Seater (2+1),07:00,06h 40m,13:40,4.2,INR 550,1 Seat available
Guwahati to Gohpur,https://www.redbus.in/bus-tickets/guwahati-to-gohpur,Pranjit Travels (Under ASTC),,07:45,08h 30m,16:15,4.5,INR 570,
Guwahati to Gohpur,https://www.redbus.in/bus-tickets/guwahati-to-gohpur,,,,,,,,
Guwahati to Gohpur,https://www.redbus.in/bus-tickets/guwahati-to-gohpur,,,,,,,,
Guwahati to Gohpur,https://www.redbus.in/bus-tickets/guwahati-to-gohpur,,,,,,,,
Guwahati to Kaliabor,https://www.redbus.in/bus-tickets/guwahati-to-kaliabor,Assam State Transport Corporation (ASTC) - 139846,Volvo AC Seater 2+2,06:10,03h 05m,09:15,4.6,INR 259,21 Seats available
Guwahati to Kaliabor,https://www.redbus.in/bus-tickets/guwahati-to-kaliabor,Assam State Transport Corporation (ASTC) - 170668,Bharat Benz A/C Seater (2+2),06:30,03h 30m,10:00,4.2,INR 259,25 Seats available
Guwahati to Kaliabor,https://www.redbus.in/bus-tickets/guwahati-to-kaliabor,Assam State Transport Corporation (ASTC) - 154910,Bharat Benz A/C Seater (2+2),10:30,03h 30m,14:00,4.2,INR 259,31 Seats available
Guwahati to Kaliabor,https://www.redbus.in/bus-tickets/guwahati-to-kaliabor,Assam State Transport Corporation (ASTC) - 139720,Volvo AC Seater 2+2,13:45,03h 30m,17:15,3.8,INR 259,25 Seats available
Guwahati to Kaliabor,https://www.redbus.in/bus-tickets/guwahati-to-kaliabor,,,,,,,,
Guwahati to Kaliabor,https://www.redbus.in/bus-tickets/guwahati-to-kaliabor,,,,,,,,
Guwahati to Kaliabor,https://www.redbus.in/bus-tickets/guwahati-to-kaliabor,,,,,,,,
Guwahati to Kaliabor,https://www.redbus.in/bus-tickets/guwahati-to-kaliabor,,,,,,,,
Guwahati to Kaliabor,https://www.redbus.in/bus-tickets/guwahati-to-kaliabor,,,,,,,,
Guwahati to Kaliabor,https://www.redbus.in/bus-tickets/guwahati-to-kaliabor,,,,,,,,
Guwahati to Tumuki (Tezpur Medical),https://www.redbus.in/bus-tickets/guwahati-to-tumuki-tezpur-medical,Assam State Transport Corporation (ASTC) - 139846,Volvo AC Seater 2+2,06:10,04h 35m,10:45,4.2,INR 316,21 Seats available
Dibrugarh to Tezpur,https://www.redbus.in/bus-tickets/dibrugarh-to-tezpur,Assam State Transport Corporation (ASTC) - 82639,A/C Seater (2+1),08:15,08h 15m,16:30,3.7,INR 466,19 Seats available
Dibrugarh to Tezpur,https://www.redbus.in/bus-tickets/dibrugarh-to-tezpur,Aniruddha Travels,AC Seater (2+2),07:30,08h 05m,15:35,4.2,603,23 Seats available
Dibrugarh to Tezpur,https://www.redbus.in/bus-tickets/dibrugarh-to-tezpur,SANJEEBANI TRAVELS,Non A/C Seater / Sleeper (2+1),18:45,08h 15m,03:00,3.8,570,38 Seats available
Dibrugarh to Tezpur,https://www.redbus.in/bus-tickets/dibrugarh-to-tezpur,,,,,,,,
Dibrugarh to Tezpur,https://www.redbus.in/bus-tickets/dibrugarh-to-tezpur,,,,,,,,
Biswanath Charali to Guwahati,https://www.redbus.in/bus-tickets/biswanath-charali-to-guwahati,Assam State Transport Corporation (ASTC) - 153223,Bharat Benz A/C Seater (2+2),08:00,05h 30m,13:30,3.8,INR 412,18 Seats available
Biswanath Charali to Guwahati,https://www.redbus.in/bus-tickets/biswanath-charali-to-guwahati,Mahi Travels(Under ASTC),A/C Seater (2+2),04:30,04h 25m,08:55,4.6,447,14 Seats available
Biswanath Charali to Guwahati,https://www.redbus.in/bus-tickets/biswanath-charali-to-guwahati,Orient Transline,A/C Seater (2+1),04:40,04h 20m,09:00,4.8,INR 476.19,22 Seats available
Biswanath Charali to Guwahati,https://www.redbus.in/bus-tickets/biswanath-charali-to-guwahati,Mahi Travels(Under ASTC),,05:00,04h 50m,09:50,3.8,428,
Biswanath Charali to Guwahati,https://www.redbus.in/bus-tickets/biswanath-charali-to-guwahati,,,,,,,,
Tumuki (Tezpur Medical) to Guwahati,https://www.redbus.in/bus-tickets/tumuki-tezpur-medical-to-guwahati,Assam State Transport Corporation (ASTC) - 161055,Volvo AC Seater 2+2,15:15,05h 15m,20:30,3.5,INR 316,20 Seats available
Tumuki (Tezpur Medical) to Guwahati,https://www.redbus.in/bus-tickets/tumuki-tezpur-medical-to-guwahati,Upasana Travels (Under ASTC),A/C Seater (2+2),06:45,03h 55m,10:40,1.0,INR 275,20 Seats available
Biswanath Charali to Dibrugarh,https://www.redbus.in/bus-tickets/biswanath-charali-to-dibrugarh,Air Bus Travels,NON AC Seater / Sleeper 2+1,18:30,07h 30m,02:00,3.0,INR 600,37 Seats available
Sibsagar to Dhemaji,https://www.redbus.in/bus-tickets/sibsagar-to-dhemaji,Assam State Transport Corporation (ASTC) - 173043,Non AC Seater (2+2),07:30,02h 00m,09:30,2.3,INR 150,31 Seats available
North Lakhimpur to Guwahati,https://www.redbus.in/bus-tickets/north-lakhimpur-to-guwahati,Assam State Transport Corporation (ASTC) - 170878,Bharat Benz A/C Seater (2+2),07:00,08h 15m,15:15,4.3,INR 630,16 Seats available
North Lakhimpur to Guwahati,https://www.redbus.in/bus-tickets/north-lakhimpur-to-guwahati,Assam State Transport Corporation (ASTC) - 172877,A/C Seater (2+1),19:15,09h 45m,05:00,3.8,INR 630,30 Seats available
North Lakhimpur to Guwahati,https://www.redbus.in/bus-tickets/north-lakhimpur-to-guwahati,Pranjit Travels (Under ASTC),Bharat Benz A/C Seater (2+1),21:00,09h 15m,06:15,4.2,INR 750,2 Seats available
North Lakhimpur to Guwahati,https://www.redbus.in/bus-tickets/north-lakhimpur-to-guwahati,Pranjit Travels (Under ASTC),A/C Seater / Sleeper (2+1),21:15,08h 45m,06:00,4.0,INR 700,11 Seats available
North Lakhimpur to Guwahati,https://www.redbus.in/bus-tickets/north-lakhimpur-to-guwahati,Pranjit Travels (Under ASTC),NON A/C Seater (2+1),07:15,09h 30m,16:45,4.4,INR 650,21 Seats available
North Lakhimpur to Guwahati,https://www.redbus.in/bus-tickets/north-lakhimpur-to-guwahati,AdNETWORK TRAVELS,NON A/C Seater Push Back (2+1),19:30,09h 30m,05:00,4.1,550,4 Seats available
North Lakhimpur to Guwahati,https://www.redbus.in/bus-tickets/north-lakhimpur-to-guwahati,Yatra Travels,NON AC Seater/ Sleeper (2+1),19:45,10h 30m,06:15,4.0,INR 650,5 Seats available
North Lakhimpur to Guwahati,https://www.redbus.in/bus-tickets/north-lakhimpur-to-guwahati,PARIJAT TRAVELS(UNDER ASTC),NON A/C Seater (2+1),20:56,09h 34m,06:30,4.2,INR 650,4 Seats available
North Lakhimpur to Guwahati,https://www.redbus.in/bus-tickets/north-lakhimpur-to-guwahati,KIRAN TRAVELS,A/C Seater (2+1),21:20,10h 10m,07:30,4.1,630,8 Seats available
North Lakhimpur to Guwahati,https://www.redbus.in/bus-tickets/north-lakhimpur-to-guwahati,Swapna Super(Under ASTC),Non AC Seater (2+1),19:00,10h 00m,05:00,3.9,540,7 Seats available
North Lakhimpur to Guwahati,https://www.redbus.in/bus-tickets/north-lakhimpur-to-guwahati,RAYAN TRAVELS,Non A/C Seater / Sleeper (2+1),20:15,09h 45m,06:00,3.8,INR 600,12 Seats available
North Lakhimpur to Guwahati,https://www.redbus.in/bus-tickets/north-lakhimpur-to-guwahati,Yatra Travels,NON AC Seater/ Sleeper (2+1),20:30,09h 30m,06:00,4.1,INR 650,5 Seats available
North Lakhimpur to Guwahati,https://www.redbus.in/bus-tickets/north-lakhimpur-to-guwahati,Chartered Bus - ASTC,A/C Seater Push Back (2+2),07:45,08h 30m,16:15,3.6,INR 734.02,7 Seats available
North Lakhimpur to Guwahati,https://www.redbus.in/bus-tickets/north-lakhimpur-to-guwahati,Pranjit Travels (Under ASTC),NON A/C Seater (2+1),20:45,09h 45m,06:30,3.6,INR 650,9 Seats available
North Lakhimpur to Guwahati,https://www.redbus.in/bus-tickets/north-lakhimpur-to-guwahati,Laxmi Travels,Bharat Benz A/C Seater /Sleeper (2+1),20:50,09h 10m,06:00,4.4,630,10 Seats available
North Lakhimpur to Guwahati,https://www.redbus.in/bus-tickets/north-lakhimpur-to-guwahati,NETWORK TRAVELS,NON A/C Seater (2+1),08:00,09h 00m,17:00,4.0,570,11 Seats available
North Lakhimpur to Guwahati,https://www.redbus.in/bus-tickets/north-lakhimpur-to-guwahati,Yatra Travels,NON A/C Seater (2+1),20:40,09h 35m,06:15,3.6,INR 650,12 Seats available
North Lakhimpur to Guwahati,https://www.redbus.in/bus-tickets/north-lakhimpur-to-guwahati,Deep Travels,NON AC Seater / Sleeper 2+1,19:30,09h 30m,05:00,4.1,INR 549,5 Seats available
North Lakhimpur to Guwahati,https://www.redbus.in/bus-tickets/north-lakhimpur-to-guwahati,NETWORK TRAVELS,NON A/C Seater Push Back (2+1),20:30,08h 30m,05:00,4.5,570,16 Seats available
North Lakhimpur to Guwahati,https://www.redbus.in/bus-tickets/north-lakhimpur-to-guwahati,Aziba Travels,NON A/C Seater (2+1),05:35,08h 35m,14:10,4.2,545,24 Seats available
North Lakhimpur to Guwahati,https://www.redbus.in/bus-tickets/north-lakhimpur-to-guwahati,Yatra Travels,NON A/C Seater (2+1),07:15,09h 45m,17:00,3.9,INR 650,5 Seats available
North Lakhimpur to Guwahati,https://www.redbus.in/bus-tickets/north-lakhimpur-to-guwahati,Yatra Travels,A/C Seater / Sleeper (2+1),20:50,09h 25m,06:15,3.9,INR 700,26 Seats available
North Lakhimpur to Guwahati,https://www.redbus.in/bus-tickets/north-lakhimpur-to-guwahati,Yatra Travels,NON A/C Seater / Sleeper (2+2),20:20,09h 40m,06:00,3.9,INR 600,28 Seats available
North Lakhimpur to Guwahati,https://www.redbus.in/bus-tickets/north-lakhimpur-to-guwahati,Yatra Travels,A/C Seater / Sleeper (2+1),22:00,08h 15m,06:15,3.9,INR 700,35 Seats available
North Lakhimpur to Guwahati,https://www.redbus.in/bus-tickets/north-lakhimpur-to-guwahati,Drishti Travels,NON A/C Seater (2+1),18:30,11h 00m,05:30,3.4,540,14 Seats available
North Lakhimpur to Guwahati,https://www.redbus.in/bus-tickets/north-lakhimpur-to-guwahati,Pranjit Travels (Under ASTC),NON A/C Seater (2+1),05:45,09h 15m,15:00,3.5,INR 650,32 Seats available
North Lakhimpur to Guwahati,https://www.redbus.in/bus-tickets/north-lakhimpur-to-guwahati,Island Travels (Under ASTC),Non AC Seater (2+1),20:45,09h 15m,06:00,3.3,601,17 Seats available
North Lakhimpur to Guwahati,https://www.redbus.in/bus-tickets/north-lakhimpur-to-guwahati,MAHARATHI TRANSPORT,NON A/C Seater (2+1),20:20,08h 40m,05:00,3.7,585,6 Seats available
North Lakhimpur to Guwahati,https://www.redbus.in/bus-tickets/north-lakhimpur-to-guwahati,Pranjit Travels (Under ASTC),NON A/C Seater (2+1),20:15,09h 45m,06:00,2.6,INR 600,11 Seats available
North Lakhimpur to Guwahati,https://www.redbus.in/bus-tickets/north-lakhimpur-to-guwahati,Drishti Travels,NON A/C Seater (2+1),18:30,10h 30m,05:00,2.1,540,3 Seats available
North Lakhimpur to Guwahati,https://www.redbus.in/bus-tickets/north-lakhimpur-to-guwahati,GURUNANAK TRAVELS,NON A/C Seater (2+1),18:30,10h 30m,05:00,2.4,INR 600,32 Seats available
North Lakhimpur to Guwahati,https://www.redbus.in/bus-tickets/north-lakhimpur-to-guwahati,MAHARATHI TRANSPORT,Non AC Seater (2+1),19:30,09h 30m,05:00,3.6,585,19 Seats available
North Lakhimpur to Guwahati,https://www.redbus.in/bus-tickets/north-lakhimpur-to-guwahati,Green Valley Travels,Non AC Seater (2+2),07:00,10h 00m,17:00,1.9,INR 550,45 Seats available
North Lakhimpur to Guwahati,https://www.redbus.in/bus-tickets/north-lakhimpur-to-guwahati,DONYI POLO EXPRESS,NON A/C Seater (2+1),20:40,08h 50m,05:30,1.2,585,9 Seats available
North Lakhimpur to Guwahati,https://www.redbus.in/bus-tickets/north-lakhimpur-to-guwahati,Sylvan DEE Transport,Non AC Seater (2+1),06:30,10h 30m,17:00,1.9,INR 570,32 Seats available
North Lakhimpur to Guwahati,https://www.redbus.in/bus-tickets/north-lakhimpur-to-guwahati,Priyanka,Non AC Seater (2+1),18:00,11h 00m,05:00,3.7,600,27 Seats available
North Lakhimpur to Guwahati,https://www.redbus.in/bus-tickets/north-lakhimpur-to-guwahati,Chartered Bus - ASTC,AC Seater (2+2),20:30,08h 30m,05:00,3.4,INR 810.32,38 Seats available
North Lakhimpur to Guwahati,https://www.redbus.in/bus-tickets/north-lakhimpur-to-guwahati,Rishi India Travels,Non AC Seater (2+1),20:45,09h 15m,06:00,3.2,INR 650,35 Seats available
North Lakhimpur to Guwahati,https://www.redbus.in/bus-tickets/north-lakhimpur-to-guwahati,Sylvan DEE Transport,Non AC Seater (2+1),18:30,10h 30m,05:00,1.7,INR 590,2 Seats available
Tezpur to Moran,https://www.redbus.in/bus-tickets/tezpur-to-moran,Assam State Transport Corporation (ASTC) - 96880,A/C Seater (2+1),08:00,06h 45m,14:45,3.7,INR 405,28 Seats available
Tezpur to Moran,https://www.redbus.in/bus-tickets/tezpur-to-moran,Aniruddha Travels,AC Seater (2+2),07:50,07h 10m,15:00,3.9,603,44 Seats available
Tezpur to Moran,https://www.redbus.in/bus-tickets/tezpur-to-moran,SANJEEBANI TRAVELS,Non A/C Seater / Sleeper (2+1),21:30,06h 50m,04:20,4.0,570,50 Seats available
Tezpur to Moran,https://www.redbus.in/bus-tickets/tezpur-to-moran,MOON TRAVELS,AC Seater (2+2),07:15,07h 00m,14:15,3.3,INR 500,40 Seats available
Tezpur to Moran,https://www.redbus.in/bus-tickets/tezpur-to-moran,PIHU TRANSPORT,Bharat Benz NON A/C Seater / Sleeper (2+1),19:45,07h 15m,03:00,2.4,INR 520,50 Seats available
Tezpur to Moran,https://www.redbus.in/bus-tickets/tezpur-to-moran,Neha Travels,Non AC Seater (2+1),21:50,07h 40m,05:30,5.0,644,35 Seats available
Tezpur to Moran,https://www.redbus.in/bus-tickets/tezpur-to-moran,Maa Laxmi,NON A/C Seater Push Back (2+1),22:15,06h 45m,05:00,1.5,513,36 Seats available
Tezpur to Moran,https://www.redbus.in/bus-tickets/tezpur-to-moran,Neha Travels,NON A/C Seater (2+2),22:10,05h 20m,03:30,2.0,666,35 Seats available
Moran to Tezpur,https://www.redbus.in/bus-tickets/moran-to-tezpur,Assam State Transport Corporation (ASTC) - 163953,NON A/C Seater Push Back (2+1),09:30,06h 30m,16:00,3.9,INR 349,22 Seats available
Moran to Tezpur,https://www.redbus.in/bus-tickets/moran-to-tezpur,Aniruddha Travels,AC Seater (2+2),08:25,07h 10m,15:35,4.6,603,40 Seats available
Moran to Tezpur,https://www.redbus.in/bus-tickets/moran-to-tezpur,Maa Laxmi,NON A/C Seater Push Back (2+1),18:30,09h 00m,03:30,3.3,558,36 Seats available
Moran to Tezpur,https://www.redbus.in/bus-tickets/moran-to-tezpur,Aniruddha Travels,NON A/C Seater/ Sleeper (2+1),20:45,07h 15m,04:00,2.7,570,47 Seats available
Moran to Tezpur,https://www.redbus.in/bus-tickets/moran-to-tezpur,SANJEEBANI TRAVELS,Non A/C Seater / Sleeper (2+1),20:15,06h 45m,03:00,2.9,570,49 Seats available
Moran to Tezpur,https://www.redbus.in/bus-tickets/moran-to-tezpur,PIHU TRANSPORT,Bharat Benz NON A/C Seater / Sleeper (2+1),20:45,07h 45m,04:30,2.1,INR 520,49 Seats available
Moran to Tezpur,https://www.redbus.in/bus-tickets/moran-to-tezpur,MOON TRAVELS,AC Seater (2+2),10:30,06h 30m,17:00,2.1,INR 550,40 Seats available
Moran to Tezpur,https://www.redbus.in/bus-tickets/moran-to-tezpur,Neha Travels,NON A/C Seater (2+2),18:00,09h 15m,03:15,2.7,644,35 Seats available
Moran to Tezpur,https://www.redbus.in/bus-tickets/moran-to-tezpur,Neha Travels,NON A/C Seater (2+2),18:30,10h 30m,05:00,2.7,666,35 Seats available
Bokakhat to Dibrugarh,https://www.redbus.in/bus-tickets/bokakhat-to-dibrugarh,Assam State Transport Corporation (ASTC) - 154034,A/C Seater (2+1),07:30,06h 30m,14:00,3.1,INR 316,30 Seats available
Bokakhat to Dibrugarh,https://www.redbus.in/bus-tickets/bokakhat-to-dibrugarh,Purple Wings Coaches,A/C Seater / Sleeper (2+1),00:15,04h 15m,04:30,4.3,585,12 Seats available
Bokakhat to Dibrugarh,https://www.redbus.in/bus-tickets/bokakhat-to-dibrugarh,Slumber 37,Bharat Benz A/C Sleeper (2+1),01:00,05h 00m,06:00,4.3,675,44 Seats available
Bokakhat to Dibrugarh,https://www.redbus.in/bus-tickets/bokakhat-to-dibrugarh,MOON TRAVELS,AC Seater (2+2),09:45,05h 35m,15:20,3.4,INR 550,40 Seats available
Bokakhat to Dibrugarh,https://www.redbus.in/bus-tickets/bokakhat-to-dibrugarh,Aniruddha Travels,AC Seater (2+2),10:15,06h 00m,16:15,3.3,603,44 Seats available
Bokakhat to Dibrugarh,https://www.redbus.in/bus-tickets/bokakhat-to-dibrugarh,SHIVAM TRAVELS,Bharat Benz A/C Seater (2+1),12:15,04h 45m,17:00,4.8,INR 750,17 Seats available
Bokakhat to Dibrugarh,https://www.redbus.in/bus-tickets/bokakhat-to-dibrugarh,Chartered Bus - ASTC,Volvo AC Seater Pushback 2+2,12:30,04h 45m,17:15,4.8,INR 755.58,22 Seats available
Bokakhat to Dibrugarh,https://www.redbus.in/bus-tickets/bokakhat-to-dibrugarh,Bashudev Transline (Under ASTC),A/C Seater (2+1),12:35,05h 25m,18:00,3.5,INR 550,37 Seats available
Bokakhat to Dibrugarh,https://www.redbus.in/bus-tickets/bokakhat-to-dibrugarh,Purple Wings Coaches,A/C Seater / Sleeper (2+1),00:30,04h 30m,05:00,4.3,INR 700,44 Seats available
Bokakhat to Dibrugarh,https://www.redbus.in/bus-tickets/bokakhat-to-dibrugarh,Christina Travels,NON A/C Seater (2+2),11:00,05h 30m,16:30,2.8,650,45 Seats available
Bokakhat to Dibrugarh,https://www.redbus.in/bus-tickets/bokakhat-to-dibrugarh,Aniruddha Travels,NON A/C Seater/ Sleeper (2+1),23:15,04h 45m,04:00,2.2,570,39 Seats available
Bokakhat to Dibrugarh,https://www.redbus.in/bus-tickets/bokakhat-to-dibrugarh,PIHU TRANSPORT,Bharat Benz NON A/C Seater / Sleeper (2+1),23:30,04h 30m,04:00,1.0,INR 500,50 Seats available
Haflong to Nagaon (Assam),https://www.redbus.in/bus-tickets/haflong-to-nagaon,Assam State Transport Corporation (ASTC) - 154175,NON A/C Seater Push Back (2+1),07:00,05h 30m,12:30,4.3,INR 358,16 Seats available
Jorhat to Gogamukh,https://www.redbus.in/bus-tickets/jorhat-to-gogamukh,Assam State Transport Corporation (ASTC) - 142178,Bharat Benz A/C Seater (2+2),06:45,05h 15m,12:00,3.7,INR 339,21 Seats available
