Route_Name,Route_Link,Bus_Name,Bus_Type,Departing_Time,Duration,Reaching_Time,Star_Rating,Price,Seat_Availability
Yamuna Nagar to Chandigarh,https://www.redbus.in/bus-tickets/yamuna-nagar-to-chandigarh,Chandigarh Transport Undertaking (CTU) - 165754,HVAC Seater (2+3),06:20,02h 45m,09:05,4.2,INR 195.6,45 Seats available
Yamuna Nagar to Chandigarh,https://www.redbus.in/bus-tickets/yamuna-nagar-to-chandigarh,Chandigarh Transport Undertaking (CTU) - 165750,HVAC Seater (2+3),12:20,02h 45m,15:05,3.8,INR 195.6,41 Seats available
Yamuna Nagar to Chandigarh,https://www.redbus.in/bus-tickets/yamuna-nagar-to-chandigarh,Chandigarh Transport Undertaking (CTU) - 165752,HVAC Seater (2+3),14:20,02h 45m,17:05,4.1,INR 195.6,46 Seats available
Yamuna Nagar to Chandigarh,https://www.redbus.in/bus-tickets/yamuna-nagar-to-chandigarh,Zimindara Travels,AC Sleeper (2+1),20:30,02h 30m,23:00,4.1,INR 1099,36 Seats available
Yamuna Nagar to Chandigarh,https://www.redbus.in/bus-tickets/yamuna-nagar-to-chandigarh,SHRI KRISHNA TRAVELS (JAI SHREE GANESH YATRA CO.),VE A/C Seater / Sleeper (2+1),20:40,02h 50m,23:30,3.7,INR 1699,26 Seats available
Yamuna Nagar to Chandigarh,https://www.redbus.in/bus-tickets/yamuna-nagar-to-chandigarh,SHRI KRISHNA TRAVELS (JAI SHREE GANESH YATRA CO.),Bharat Benz A/C Seater /Sleeper (2+1),02:00,02h 00m,04:00,3.7,INR 1549,11 Seats available
Yamuna Nagar to Chandigarh,https://www.redbus.in/bus-tickets/yamuna-nagar-to-chandigarh,SHRI KRISHNA TRAVELS (JAI SHREE GANESH YATRA CO.),Bharat Benz A/C Seater /Sleeper (2+1),02:00,02h 15m,04:15,3.7,INR 1549,11 Seats available
Yamuna Nagar to Chandigarh,https://www.redbus.in/bus-tickets/yamuna-nagar-to-chandigarh,Shree Mahaveer Travels Jaipur,Bharat Benz A/C Seater /Sleeper (2+1),02:20,03h 20m,05:40,3.6,INR 449,15 Seats available
Yamuna Nagar to Chandigarh,https://www.redbus.in/bus-tickets/yamuna-nagar-to-chandigarh,City Land Travels,A/C Seater/Sleeper (2+1),22:20,02h 00m,00:20,3.5,INR 1229,25 Seats available
Yamuna Nagar to Chandigarh,https://www.redbus.in/bus-tickets/yamuna-nagar-to-chandigarh,Om Sidh Express,Volvo A/C Semi Sleeper (2+2),20:20,02h 40m,23:00,3.5,1044,35 Seats available
Yamuna Nagar to Chandigarh,https://www.redbus.in/bus-tickets/yamuna-nagar-to-chandigarh,Vijay Tour and Travels,Volvo 9600 A/C Sleeper (2+1),03:35,02h 20m,05:55,3.5,INR 1099,22 Seats available
Yamuna Nagar to Chandigarh,https://www.redbus.in/bus-tickets/yamuna-nagar-to-chandigarh,Vijay Tour and Travels,Bharat Benz A/C Seater /Sleeper (2+1),20:00,02h 30m,22:30,1.0,INR 599,38 Seats available
Yamuna Nagar to Chandigarh,https://www.redbus.in/bus-tickets/yamuna-nagar-to-chandigarh,Vijay Tour and Travels,Bharat Benz A/C Seater /Sleeper (2+1),02:40,02h 20m,05:00,3.5,INR 699,17 Seats available
Yamuna Nagar to Chandigarh,https://www.redbus.in/bus-tickets/yamuna-nagar-to-chandigarh,KN Nehra Travels,A/C Seater/Sleeper (2+1),22:50,02h 25m,01:15,3.0,INR 999,32 Seats available
Yamuna Nagar to Chandigarh,https://www.redbus.in/bus-tickets/yamuna-nagar-to-chandigarh,KN Nehra Travels,A/C Seater/Sleeper (2+1),22:50,02h 40m,01:30,3.0,INR 999,32 Seats available
Chandigarh to Delhi,https://www.redbus.in/bus-tickets/chandigarh-to-delhi,Chandigarh Transport Undertaking (CTU) - 165681,HVAC Seater (2+3),07:00,05h 35m,12:35,4.2,INR 414.3,23 Seats available
Chandigarh to Delhi,https://www.redbus.in/bus-tickets/chandigarh-to-delhi,Chandigarh Transport Undertaking (CTU) - 165684,HVAC Seater (2+3),07:55,05h 35m,13:30,3.6,INR 414.3,45 Seats available
Chandigarh to Delhi,https://www.redbus.in/bus-tickets/chandigarh-to-delhi,Chandigarh Transport Undertaking (CTU) - 165687,HVAC Seater (2+3),08:25,05h 35m,14:00,4.0,INR 414.3,32 Seats available
Chandigarh to Delhi,https://www.redbus.in/bus-tickets/chandigarh-to-delhi,Chandigarh Transport Undertaking (CTU) - 165676,HVAC Seater (2+3),09:25,05h 35m,15:00,4.2,INR 414.3,40 Seats available
Chandigarh to Delhi,https://www.redbus.in/bus-tickets/chandigarh-to-delhi,Chandigarh Transport Undertaking (CTU) - 165689,HVAC Seater (2+3),10:30,05h 35m,16:05,3.6,INR 414.3,44 Seats available
Chandigarh to Delhi,https://www.redbus.in/bus-tickets/chandigarh-to-delhi,Chandigarh Transport Undertaking (CTU) - 165691,HVAC Seater (2+3),11:20,05h 35m,16:55,3.9,INR 414.3,35 Seats available
Chandigarh to Delhi,https://www.redbus.in/bus-tickets/chandigarh-to-delhi,Chandigarh Transport Undertaking (CTU) - 165693,HVAC Seater (2+3),12:30,05h 35m,18:05,3.7,INR 414.3,35 Seats available
Chandigarh to Delhi,https://www.redbus.in/bus-tickets/chandigarh-to-delhi,Chandigarh Transport Undertaking (CTU) - 165697,HVAC Seater (2+3),14:00,05h 35m,19:35,4.1,INR 414.3,43 Seats available
Chandigarh to Delhi,https://www.redbus.in/bus-tickets/chandigarh-to-delhi,Chandigarh Transport Undertaking (CTU) - 165709,HVAC Seater (2+3),14:30,05h 35m,20:05,3.8,INR 414.3,43 Seats available
Chandigarh to Delhi,https://www.redbus.in/bus-tickets/chandigarh-to-delhi,Chandigarh Transport Undertaking (CTU) - 165720,HVAC Seater (2+3),15:30,05h 35m,21:05,3.8,INR 414.3,46 Seats available
Chandigarh to Delhi,https://www.redbus.in/bus-tickets/chandigarh-to-delhi,Chandigarh Transport Undertaking (CTU) - 165722,HVAC Seater (2+3),16:30,05h 35m,22:05,3.3,INR 414.3,47 Seats available
Chandigarh to Delhi,https://www.redbus.in/bus-tickets/chandigarh-to-delhi,Chandigarh Transport Undertaking (CTU) - 165724,HVAC Seater (2+3),17:00,05h 35m,22:35,3.9,INR 414.3,46 Seats available
Chandigarh to Delhi,https://www.redbus.in/bus-tickets/chandigarh-to-delhi,Chandigarh Transport Undertaking (CTU) - 165726,HVAC Seater (2+3),17:30,05h 35m,23:05,3.9,INR 414.3,47 Seats available
Chandigarh to Delhi,https://www.redbus.in/bus-tickets/chandigarh-to-delhi,Zingbus Plus,Volvo A/C Semi Sleeper (2+2),00:15,05h 05m,05:20,4.5,987,1 Seat available
Chandigarh to Delhi,https://www.redbus.in/bus-tickets/chandigarh-to-delhi,Laxmi holidays,Volvo 9600 A/C Semi Sleeper (2+2),00:30,04h 15m,04:45,4.6,570,1 Seat available
Chandigarh to Delhi,https://www.redbus.in/bus-tickets/chandigarh-to-delhi,FlixBus,Volvo A/C Seater (2+2),00:45,04h 50m,05:35,4.7,INR 809.82,16 Seats available
Chandigarh to Delhi,https://www.redbus.in/bus-tickets/chandigarh-to-delhi,Raghukul Holidays,Volvo A/C Semi Sleeper (2+2),00:50,04h 10m,05:00,3.6,539,10 Seats available
Chandigarh to Delhi,https://www.redbus.in/bus-tickets/chandigarh-to-delhi,Northern Travels,Volvo A/C Semi Sleeper (2+2),01:00,04h 30m,05:30,3.4,425,3 Seats available
Chandigarh to Delhi,https://www.redbus.in/bus-tickets/chandigarh-to-delhi,Laxmi holidays,Volvo 9600 A/C Semi Sleeper (2+2),01:00,04h 30m,05:30,4.7,664,10 Seats available
Chandigarh to Delhi,https://www.redbus.in/bus-tickets/chandigarh-to-delhi,Bedi Travels,Volvo 9600 Multi Axle Semi-Sleeper (2+2),01:00,04h 30m,05:30,4.7,630,6 Seats available
Chandigarh to Delhi,https://www.redbus.in/bus-tickets/chandigarh-to-delhi,BIR BILLING TRAVELS,Volvo A/C Semi Sleeper (2+2),01:00,05h 00m,06:00,4.2,539,7 Seats available
Chandigarh to Delhi,https://www.redbus.in/bus-tickets/chandigarh-to-delhi,Ram Dalal Holidays,Volvo 9600 Multi Axle Semi-Sleeper (2+2),01:59,04h 31m,06:30,5.0,INR 570,12 Seats available
Chandigarh to Delhi,https://www.redbus.in/bus-tickets/chandigarh-to-delhi,Holiday Appeal Private Limited,Volvo A/C Semi Sleeper (2+2),01:10,05h 50m,07:00,4.1,INR 800,3 Seats available
Chandigarh to Delhi,https://www.redbus.in/bus-tickets/chandigarh-to-delhi,Triptara tour & Travel,Scania Multi-Axle AC Semi Sleeper (2+2),01:50,05h 05m,06:55,4.0,585,17 Seats available
Chandigarh to Delhi,https://www.redbus.in/bus-tickets/chandigarh-to-delhi,New Himalaya Travels,Volvo A/C Semi Sleeper (2+2),01:15,05h 05m,06:20,4.6,INR 600,2 Seats available
Chandigarh to Delhi,https://www.redbus.in/bus-tickets/chandigarh-to-delhi,Zingbus Plus,Volvo A/C Semi Sleeper (2+2),01:05,04h 40m,05:45,4.6,737,3 Seats available
Chandigarh to Delhi,https://www.redbus.in/bus-tickets/chandigarh-to-delhi,Laxmi holidays,Volvo A/C Semi Sleeper (2+2),01:15,04h 15m,05:30,4.1,570,2 Seats available
Chandigarh to Delhi,https://www.redbus.in/bus-tickets/chandigarh-to-delhi,Ram Dalal Holidays,Volvo A/C Semi Sleeper (2+2),01:20,03h 55m,05:15,4.9,INR 749,2 Seats available
Chandigarh to Delhi,https://www.redbus.in/bus-tickets/chandigarh-to-delhi,Ram Dalal Holidays,Volvo 9600 A/C Semi Sleeper (2+2),01:30,04h 30m,06:00,4.5,INR 699,8 Seats available
Chandigarh to Delhi,https://www.redbus.in/bus-tickets/chandigarh-to-delhi,Zingbus Plus,Volvo 9600 A/C Semi Sleeper (2+2),01:15,04h 45m,06:00,4.4,846,2 Seats available
Chandigarh to Delhi,https://www.redbus.in/bus-tickets/chandigarh-to-delhi,SIDDHI VINAYAK TRAVELS,Volvo A/C B11R Multi Axle Semi Sleeper (2+2),01:35,04h 55m,06:30,5.0,INR 499,6 Seats available
Chandigarh to Delhi,https://www.redbus.in/bus-tickets/chandigarh-to-delhi,Zingbus Plus,Scania A/C Semi Sleeper (2+2),01:55,05h 00m,06:55,4.4,999,1 Seat available
Chandigarh to Delhi,https://www.redbus.in/bus-tickets/chandigarh-to-delhi,Laxmi holidays,Scania Multi-Axle AC Semi Sleeper (2+2),01:50,04h 40m,06:30,4.7,570,2 Seats available
Chandigarh to Delhi,https://www.redbus.in/bus-tickets/chandigarh-to-delhi,Ram Dalal Holidays,Volvo 9600 A/C Semi Sleeper (2+2),01:40,04h 05m,05:45,3.2,INR 550,7 Seats available
Chandigarh to Delhi,https://www.redbus.in/bus-tickets/chandigarh-to-delhi,Laxmi holidays,Scania Multi-Axle AC Semi Sleeper (2+2),01:50,04h 10m,06:00,4.8,523,10 Seats available
Chandigarh to Delhi,https://www.redbus.in/bus-tickets/chandigarh-to-delhi,Bedi Travels,Volvo 9600 A/C Semi Sleeper (2+2),01:45,04h 15m,06:00,4.7,755,3 Seats available
Chandigarh to Delhi,https://www.redbus.in/bus-tickets/chandigarh-to-delhi,Laxmi holidays,Volvo Multi-Axle A/C Semi Sleeper (2+2),02:00,04h 20m,06:20,4.9,569,11 Seats available
Chandigarh to Delhi,https://www.redbus.in/bus-tickets/chandigarh-to-delhi,VT Bus,Scania Multi-Axle AC Semi Sleeper (2+2),02:45,02h 45m,05:30,5.0,685,2 Seats available
Chandigarh to Delhi,https://www.redbus.in/bus-tickets/chandigarh-to-delhi,Laxmi holidays,Bharat Benz A/C Sleeper (2+1),02:00,04h 00m,06:00,4.0,664,2 Seats available
Chandigarh to Delhi,https://www.redbus.in/bus-tickets/chandigarh-to-delhi,Ram Dalal Holidays,Volvo A/C Semi Sleeper (2+2),02:10,03h 35m,05:45,4.1,INR 584,1 Seat available
Chandigarh to Delhi,https://www.redbus.in/bus-tickets/chandigarh-to-delhi,Zingbus Plus,Volvo 9600 A/C Semi Sleeper (2+2),02:30,04h 55m,07:25,4.4,630,1 Seat available
Chandigarh to Delhi,https://www.redbus.in/bus-tickets/chandigarh-to-delhi,Orbit Aviation Pvt Ltd,Mercedes Multi-Axle Semi Sleeper (2+2),18:00,04h 30m,22:30,4.7,399,33 Seats available
Chandigarh to Delhi,https://www.redbus.in/bus-tickets/chandigarh-to-delhi,Laxmi holidays,VE A/C Sleeper (2+1),02:15,04h 30m,06:45,4.7,570,2 Seats available
Chandigarh to Delhi,https://www.redbus.in/bus-tickets/chandigarh-to-delhi,Laxmi holidays,Volvo A/C Semi Sleeper (2+2),02:15,04h 15m,06:30,3.4,570,5 Seats available
Chandigarh to Delhi,https://www.redbus.in/bus-tickets/chandigarh-to-delhi,Khurana Bus Service,Volvo A/C (2+2),21:10,05h 30m,02:40,5.0,425,26 Seats available
Chandigarh to Delhi,https://www.redbus.in/bus-tickets/chandigarh-to-delhi,Ram Dalal Holidays,Volvo A/C Semi Sleeper (2+2),02:20,04h 20m,06:40,4.8,INR 699,1 Seat available
Chandigarh to Delhi,https://www.redbus.in/bus-tickets/chandigarh-to-delhi,Zingbus Plus,A/C Sleeper (2+1),05:00,05h 15m,10:15,3.9,627,1 Seat available
Chandigarh to Delhi,https://www.redbus.in/bus-tickets/chandigarh-to-delhi,FlixBus,Volvo A/C Seater (2+2),02:25,04h 35m,07:00,3.9,INR 860.71,13 Seats available
Chandigarh to Delhi,https://www.redbus.in/bus-tickets/chandigarh-to-delhi,Harikesh Travels,A/C Sleeper (2+2),05:30,03h 30m,09:00,3.9,899,13 Seats available
Chandigarh to Delhi,https://www.redbus.in/bus-tickets/chandigarh-to-delhi,FlixBus,Volvo A/C Seater (2+2),02:25,04h 40m,07:05,4.8,INR 597.32,15 Seats available
Chandigarh to Delhi,https://www.redbus.in/bus-tickets/chandigarh-to-delhi,Bedi Travels,Volvo 9600 A/C Semi Sleeper (2+2),02:45,04h 45m,07:30,4.5,504,1 Seat available
Chandigarh to Delhi,https://www.redbus.in/bus-tickets/chandigarh-to-delhi,Zingbus Plus,Volvo Multi-Axle A/C Semisleeper (2+2),02:40,04h 40m,07:20,4.3,646,12 Seats available
Chandigarh to Delhi,https://www.redbus.in/bus-tickets/chandigarh-to-delhi,Laxmi holidays,Volvo 9600 A/C Semi Sleeper (2+2),02:30,05h 00m,07:30,4.2,759,1 Seat available
Chandigarh to Delhi,https://www.redbus.in/bus-tickets/chandigarh-to-delhi,Laxmi holidays,Volvo 9600 A/C Semi Sleeper (2+2),02:35,03h 55m,06:30,5.0,569,10 Seats available
Chandigarh to Delhi,https://www.redbus.in/bus-tickets/chandigarh-to-delhi,Bharmani Travels,Volvo A/C Semi Sleeper (2+2),02:30,04h 00m,06:30,4.7,719,6 Seats available
Chandigarh to Delhi,https://www.redbus.in/bus-tickets/chandigarh-to-delhi,Laxmi holidays,Volvo A/C Semi Sleeper (2+2),02:45,04h 25m,07:10,3.6,570,3 Seats available
Chandigarh to Delhi,https://www.redbus.in/bus-tickets/chandigarh-to-delhi,Laxmi holidays,Volvo A/C Semi Sleeper (2+2),02:50,04h 40m,07:30,4.4,569,4 Seats available
Chandigarh to Delhi,https://www.redbus.in/bus-tickets/chandigarh-to-delhi,Cab India Travels,Volvo A/C Semi Sleeper (2+2),03:00,04h 00m,07:00,3.8,INR 999,7 Seats available
Chandigarh to Delhi,https://www.redbus.in/bus-tickets/chandigarh-to-delhi,IntrCity SmartBus,Bharat Benz A/C Seater /Sleeper (2+1),03:00,04h 35m,07:35,4.5,INR 555,1 Seat available
Chandigarh to Delhi,https://www.redbus.in/bus-tickets/chandigarh-to-delhi,FlixBus,Volvo A/C Seater (2+2),03:05,04h 50m,07:55,4.1,INR 467.86,12 Seats available
Chandigarh to Delhi,https://www.redbus.in/bus-tickets/chandigarh-to-delhi,Laxmi holidays,Volvo 9600 A/C Semi Sleeper (2+2),03:10,03h 50m,07:00,4.8,569,4 Seats available
Chandigarh to Delhi,https://www.redbus.in/bus-tickets/chandigarh-to-delhi,Laxmi holidays,Volvo 9600 A/C Semi Sleeper (2+2),03:15,04h 15m,07:30,0,569,2 Seats available
Chandigarh to Delhi,https://www.redbus.in/bus-tickets/chandigarh-to-delhi,Laxmi holidays,Volvo 9600 A/C Semi Sleeper (2+2),03:20,05h 10m,08:30,0,664,10 Seats available
Delhi to Chandigarh,https://www.redbus.in/bus-tickets/delhi-to-chandigarh,HRTC - 505,Ordinary 3+2 Non AC Seater,06:40,05h 40m,12:20,2.4,INR 275,36 Seats available
Delhi to Chandigarh,https://www.redbus.in/bus-tickets/delhi-to-chandigarh,HRTC - 533,Ordinary 3+2 Non AC Seater,07:20,05h 10m,12:30,5.0,INR 290,34 Seats available
Delhi to Chandigarh,https://www.redbus.in/bus-tickets/delhi-to-chandigarh,HRTC - 592,A/C Executive (2+3),08:05,06h 00m,14:05,2.2,INR 400,31 Seats available
Delhi to Chandigarh,https://www.redbus.in/bus-tickets/delhi-to-chandigarh,HRTC - 513,Ordinary 3+2 Non AC Seater,10:30,04h 30m,15:00,2.8,INR 290,19 Seats available
Delhi to Chandigarh,https://www.redbus.in/bus-tickets/delhi-to-chandigarh,HRTC - 514,Ordinary 3+2 Non AC Seater,11:30,06h 10m,17:40,2.4,INR 290,37 Seats available
Delhi to Chandigarh,https://www.redbus.in/bus-tickets/delhi-to-chandigarh,HRTC - 6754,A/C Executive (2+3),12:00,05h 00m,17:00,3.0,INR 400,38 Seats available
Delhi to Chandigarh,https://www.redbus.in/bus-tickets/delhi-to-chandigarh,HRTC - 551,A/C Executive (2+3),15:30,05h 55m,21:25,3.9,INR 400,42 Seats available
Delhi to Chandigarh,https://www.redbus.in/bus-tickets/delhi-to-chandigarh,HRTC - 521,Ordinary 3+2 Non AC Seater,16:40,05h 40m,22:20,2.4,INR 275,37 Seats available
Delhi to Chandigarh,https://www.redbus.in/bus-tickets/delhi-to-chandigarh,HRTC - 526,Ordinary 3+2 Non AC Seater,17:00,06h 00m,23:00,3.9,INR 275,33 Seats available
Delhi to Chandigarh,https://www.redbus.in/bus-tickets/delhi-to-chandigarh,HRTC - 587,Ordinary 3+2 Non AC Seater,18:25,04h 40m,23:05,1.0,INR 290,6 Seats available
Delhi to Chandigarh,https://www.redbus.in/bus-tickets/delhi-to-chandigarh,HRTC - 549,A/C Executive (2+3),19:25,05h 15m,00:40,4.3,INR 390,43 Seats available
Delhi to Chandigarh,https://www.redbus.in/bus-tickets/delhi-to-chandigarh,HRTC - 548,Ordinary 3+2 Non AC Seater,19:31,05h 09m,00:40,3.9,INR 290,27 Seats available
Delhi to Chandigarh,https://www.redbus.in/bus-tickets/delhi-to-chandigarh,HRTC - 545,Ordinary 3+2 Non AC Seater,19:32,04h 48m,00:20,5.0,INR 275,31 Seats available
Delhi to Chandigarh,https://www.redbus.in/bus-tickets/delhi-to-chandigarh,HRTC - 557,Ordinary 3+2 Non AC Seater,20:15,05h 15m,01:30,2.0,INR 290,2 Seats available
Delhi to Chandigarh,https://www.redbus.in/bus-tickets/delhi-to-chandigarh,HRTC - 591,A/C Executive (2+3),21:00,06h 00m,03:00,2.4,INR 400,42 Seats available
Delhi to Chandigarh,https://www.redbus.in/bus-tickets/delhi-to-chandigarh,HRTC - 8,Himsuta AC Seater Volvo/Scania 2+2,21:02,04h 58m,02:00,3.0,INR 543,34 Seats available
Delhi to Chandigarh,https://www.redbus.in/bus-tickets/delhi-to-chandigarh,HRTC - 567,Himsuta AC Seater Volvo/Scania 2+2,21:03,05h 27m,02:30,5.0,INR 533,5 Seats available
Delhi to Chandigarh,https://www.redbus.in/bus-tickets/delhi-to-chandigarh,HRTC - 574,Ordinary 3+2 Non AC Seater,21:14,05h 26m,02:40,3.9,INR 275,21 Seats available
Delhi to Chandigarh,https://www.redbus.in/bus-tickets/delhi-to-chandigarh,HRTC - 570,Ordinary 3+2 Non AC Seater,21:25,05h 25m,02:50,4.0,INR 285,34 Seats available
Delhi to Chandigarh,https://www.redbus.in/bus-tickets/delhi-to-chandigarh,HRTC - 568,Ordinary 3+2 Non AC Seater,21:30,05h 35m,03:05,1.0,INR 290,38 Seats available
Delhi to Chandigarh,https://www.redbus.in/bus-tickets/delhi-to-chandigarh,HRTC - 577,A/C Executive (2+3),21:40,05h 00m,02:40,3.5,INR 400,38 Seats available
Delhi to Chandigarh,https://www.redbus.in/bus-tickets/delhi-to-chandigarh,HRTC - 571,Ordinary 3+2 Non AC Seater,21:40,04h 50m,02:30,3.3,INR 285,4 Seats available
Delhi to Chandigarh,https://www.redbus.in/bus-tickets/delhi-to-chandigarh,HRTC - 600,Himsuta AC Seater Volvo/Scania 2+2,21:50,06h 10m,04:00,3.9,INR 533,31 Seats available
Delhi to Chandigarh,https://www.redbus.in/bus-tickets/delhi-to-chandigarh,HRTC - 580,Ordinary 3+2 Non AC Seater,22:45,05h 05m,03:50,3.9,INR 290,32 Seats available
Delhi to Chandigarh,https://www.redbus.in/bus-tickets/delhi-to-chandigarh,HRTC - 576,Himsuta AC Seater Volvo/Scania 2+2,23:20,04h 50m,04:10,2.0,INR 548,22 Seats available
Delhi to Chandigarh,https://www.redbus.in/bus-tickets/delhi-to-chandigarh,HRTC - 564,Ordinary 3+2 Non AC Seater,23:40,06h 00m,05:40,3.7,INR 290,36 Seats available
Delhi to Chandigarh,https://www.redbus.in/bus-tickets/delhi-to-chandigarh,NueGo,Electric A/C Seater (2+2),06:00,05h 15m,11:15,4.0,INR 472,19 Seats available
Delhi to Chandigarh,https://www.redbus.in/bus-tickets/delhi-to-chandigarh,Laxmi holidays,Bharat Benz A/C Seater /Sleeper (2+1),06:30,05h 00m,11:30,4.1,INR 499,10 Seats available
Delhi to Chandigarh,https://www.redbus.in/bus-tickets/delhi-to-chandigarh,NueGo,Electric A/C Seater (2+2),07:00,05h 15m,12:15,3.8,INR 497,26 Seats available
Delhi to Chandigarh,https://www.redbus.in/bus-tickets/delhi-to-chandigarh,NueGo,Electric A/C Seater (2+2),08:00,04h 55m,12:55,3.9,INR 597,23 Seats available
Delhi to Chandigarh,https://www.redbus.in/bus-tickets/delhi-to-chandigarh,Khurana Bus Service,Volvo A/C (2+2),08:55,05h 25m,14:20,3.6,INR 899,24 Seats available
Delhi to Chandigarh,https://www.redbus.in/bus-tickets/delhi-to-chandigarh,FlixBus,AC Seater (2+2),09:00,05h 40m,14:40,4.2,INR 654.46,10 Seats available
Delhi to Chandigarh,https://www.redbus.in/bus-tickets/delhi-to-chandigarh,Khurana Bus Service,Volvo A/C (2+2),08:55,05h 30m,14:25,4.0,764,26 Seats available
Delhi to Chandigarh,https://www.redbus.in/bus-tickets/delhi-to-chandigarh,NueGo,Electric A/C Seater (2+2),09:00,05h 25m,14:25,3.9,INR 442,29 Seats available
Delhi to Chandigarh,https://www.redbus.in/bus-tickets/delhi-to-chandigarh,City Land Travels,Volvo A/C Semi Sleeper (2+2),09:15,05h 30m,14:45,4.4,INR 448,33 Seats available
Delhi to Chandigarh,https://www.redbus.in/bus-tickets/delhi-to-chandigarh,City Land Travels,Volvo A/C Semi Sleeper (2+2),17:00,06h 00m,23:00,3.8,583,33 Seats available
Delhi to Chandigarh,https://www.redbus.in/bus-tickets/delhi-to-chandigarh,City Land Travels,Volvo A/C Semi Sleeper (2+2),09:40,05h 20m,15:00,4.5,INR 500,29 Seats available
Delhi to Chandigarh,https://www.redbus.in/bus-tickets/delhi-to-chandigarh,NueGo,Electric A/C Seater (2+2),10:00,05h 05m,15:05,3.7,INR 477,35 Seats available
Delhi to Chandigarh,https://www.redbus.in/bus-tickets/delhi-to-chandigarh,NueGo,Electric A/C Seater/Sleeper (2+1),11:00,05h 25m,16:25,4.2,INR 450,16 Seats available
Delhi to Chandigarh,https://www.redbus.in/bus-tickets/delhi-to-chandigarh,NueGo,Electric A/C Seater (2+2),12:00,05h 05m,17:05,3.8,INR 502,28 Seats available
Delhi to Chandigarh,https://www.redbus.in/bus-tickets/delhi-to-chandigarh,NueGo,Electric A/C Seater/Sleeper (2+1),13:00,05h 25m,18:25,3.3,INR 447,23 Seats available
Delhi to Chandigarh,https://www.redbus.in/bus-tickets/delhi-to-chandigarh,NueGo,Electric A/C Seater (2+2),14:30,05h 05m,19:35,3.3,INR 527,29 Seats available
Delhi to Chandigarh,https://www.redbus.in/bus-tickets/delhi-to-chandigarh,NueGo,Electric A/C Seater (2+2),15:30,05h 05m,20:35,3.6,INR 493,39 Seats available
Delhi to Chandigarh,https://www.redbus.in/bus-tickets/delhi-to-chandigarh,FlixBus,AC Seater (2+2),16:00,06h 10m,22:10,4.5,INR 315.18,22 Seats available
Delhi to Chandigarh,https://www.redbus.in/bus-tickets/delhi-to-chandigarh,Orbit Aviation Pvt Ltd,Mercedes Multi-Axle Semi Sleeper (2+2),17:00,05h 10m,22:10,3.6,849,37 Seats available
Delhi to Chandigarh,https://www.redbus.in/bus-tickets/delhi-to-chandigarh,NueGo,Electric A/C Seater (2+2),16:30,05h 25m,21:55,4.4,INR 468,37 Seats available
Delhi to Chandigarh,https://www.redbus.in/bus-tickets/delhi-to-chandigarh,Orbit Aviation Pvt Ltd,Mercedes Multi-Axle Semi Sleeper (2+2),17:00,04h 20m,21:20,4.6,849,46 Seats available
Delhi to Chandigarh,https://www.redbus.in/bus-tickets/delhi-to-chandigarh,Laxmi holidays,Bharat Benz A/C Seater /Sleeper (2+1),17:00,06h 05m,23:05,4.8,INR 443,37 Seats available
Delhi to Chandigarh,https://www.redbus.in/bus-tickets/delhi-to-chandigarh,Laxmi holidays,Volvo 9600 A/C Semi Sleeper (2+2),17:00,05h 50m,22:50,4.6,INR 499,37 Seats available
Delhi to Chandigarh,https://www.redbus.in/bus-tickets/delhi-to-chandigarh,Zingbus Plus,Volvo A/C Semi Sleeper (2+2),17:30,06h 00m,23:30,4.0,466,30 Seats available
Delhi to Chandigarh,https://www.redbus.in/bus-tickets/delhi-to-chandigarh,Laxmi holidays,Volvo Multi-Axle A/C Semi Sleeper (2+2),17:30,05h 50m,23:20,3.8,INR 499,49 Seats available
Delhi to Chandigarh,https://www.redbus.in/bus-tickets/delhi-to-chandigarh,NueGo,Electric A/C Seater (2+2),17:30,05h 05m,22:35,4.4,INR 468,40 Seats available
Delhi to Chandigarh,https://www.redbus.in/bus-tickets/delhi-to-chandigarh,Ram Dalal Holidays,Volvo A/C Semi Sleeper (2+2),20:30,04h 40m,01:10,5.0,INR 650,12 Seats available
Delhi to Chandigarh,https://www.redbus.in/bus-tickets/delhi-to-chandigarh,IntrCity SmartBus,A/C Seater / Sleeper (2+1),17:30,05h 00m,22:30,4.0,INR 678,35 Seats available
Delhi to Chandigarh,https://www.redbus.in/bus-tickets/delhi-to-chandigarh,Bedi Travels,Volvo A/C Semi Sleeper (2+2),23:00,04h 50m,03:50,4.0,683,6 Seats available
Delhi to Chandigarh,https://www.redbus.in/bus-tickets/delhi-to-chandigarh,Big Bus,A/C Seater / Sleeper (2+2),17:35,05h 25m,23:00,3.5,INR 799,32 Seats available
Delhi to Chandigarh,https://www.redbus.in/bus-tickets/delhi-to-chandigarh,Kashi Bus,Scania Multi-Axle AC Semi Sleeper (2+2),21:00,05h 30m,02:30,4.8,498,39 Seats available
Delhi to Chandigarh,https://www.redbus.in/bus-tickets/delhi-to-chandigarh,City Land Travels,Scania Multi-Axle AC Semi Sleeper (2+2),23:55,04h 20m,04:15,5.0,583,39 Seats available
Delhi to Chandigarh,https://www.redbus.in/bus-tickets/delhi-to-chandigarh,FlixBus,Bharat Benz A/C Sleeper (2+1),17:45,05h 20m,23:05,3.1,INR 597.32,11 Seats available
Delhi to Chandigarh,https://www.redbus.in/bus-tickets/delhi-to-chandigarh,VT Bus,Scania Multi-Axle AC Semi Sleeper (2+2),20:00,04h 30m,00:30,0,514,27 Seats available
Delhi to Chandigarh,https://www.redbus.in/bus-tickets/delhi-to-chandigarh,Kartar Travels Private Limited,Volvo A/C Semi Sleeper (2+2),19:00,05h 00m,00:00,0,540,32 Seats available
Ludhiana to Chandigarh,https://www.redbus.in/bus-tickets/ludhiana-to-chandigarh,Chandigarh Transport Undertaking (CTU) - 165808,HVAC Seater (2+3),06:12,02h 45m,08:57,4.2,INR 181.4,45 Seats available
Ludhiana to Chandigarh,https://www.redbus.in/bus-tickets/ludhiana-to-chandigarh,Chandigarh Transport Undertaking (CTU) - 165802,HVAC Seater (2+3),10:15,03h 00m,13:15,4.4,INR 181.4,47 Seats available
Ludhiana to Chandigarh,https://www.redbus.in/bus-tickets/ludhiana-to-chandigarh,Chandigarh Transport Undertaking (CTU) - 165804,HVAC Seater (2+3),12:40,02h 45m,15:25,3.9,INR 181.4,47 Seats available
Ludhiana to Chandigarh,https://www.redbus.in/bus-tickets/ludhiana-to-chandigarh,Chandigarh Transport Undertaking (CTU) - 165806,HVAC Seater (2+3),16:35,02h 45m,19:20,4.1,INR 181.4,47 Seats available
Ludhiana to Chandigarh,https://www.redbus.in/bus-tickets/ludhiana-to-chandigarh,Orbit Aviation Pvt. Ltd.,Mercedes Multi-Axle Semi Sleeper (2+2),01:30,02h 00m,03:30,4.7,INR 295,39 Seats available
Ludhiana to Chandigarh,https://www.redbus.in/bus-tickets/ludhiana-to-chandigarh,Orbit Aviation Pvt. Ltd.,Mercedes Multi-Axle Semi Sleeper (2+2),07:05,02h 00m,09:05,4.2,INR 295,41 Seats available
Ludhiana to Chandigarh,https://www.redbus.in/bus-tickets/ludhiana-to-chandigarh,Jujhar Travels,Volvo A/C Semi Sleeper (2+2),07:25,01h 50m,09:15,4.4,INR 300,36 Seats available
Ludhiana to Chandigarh,https://www.redbus.in/bus-tickets/ludhiana-to-chandigarh,Jujhar Travels,Volvo A/C Semi Sleeper (2+2),08:10,01h 45m,09:55,4.1,INR 300,41 Seats available
Ludhiana to Chandigarh,https://www.redbus.in/bus-tickets/ludhiana-to-chandigarh,Jujhar Travels,Mercedes A/C Seater (2+2),08:20,02h 05m,10:25,3.1,INR 300,42 Seats available
Ludhiana to Chandigarh,https://www.redbus.in/bus-tickets/ludhiana-to-chandigarh,Orbit Aviation Pvt. Ltd.,Mercedes Multi-Axle Semi Sleeper (2+2),08:28,01h 47m,10:15,4.2,INR 285,39 Seats available
Ludhiana to Chandigarh,https://www.redbus.in/bus-tickets/ludhiana-to-chandigarh,Orbit Aviation Pvt Ltd,Mercedes Multi-Axle Semi Sleeper (2+2),22:10,01h 30m,23:40,3.1,399,49 Seats available
Ludhiana to Chandigarh,https://www.redbus.in/bus-tickets/ludhiana-to-chandigarh,Jujhar Travels,Volvo A/C Semi Sleeper (2+2),08:55,01h 45m,10:40,5.0,INR 300,45 Seats available
Ludhiana to Chandigarh,https://www.redbus.in/bus-tickets/ludhiana-to-chandigarh,Orbit Aviation Pvt Ltd,Mercedes Multi-Axle Semi Sleeper (2+2),16:15,02h 05m,18:20,4.8,399,41 Seats available
Ludhiana to Chandigarh,https://www.redbus.in/bus-tickets/ludhiana-to-chandigarh,Orbit Aviation Pvt Ltd,Mercedes Multi-Axle Semi Sleeper (2+2),16:15,02h 30m,18:45,4.0,399,41 Seats available
Ludhiana to Chandigarh,https://www.redbus.in/bus-tickets/ludhiana-to-chandigarh,Jujhar Travels,Volvo A/C Semi Sleeper (2+2),09:20,01h 50m,11:10,3.9,INR 300,44 Seats available
Ludhiana to Chandigarh,https://www.redbus.in/bus-tickets/ludhiana-to-chandigarh,Jujhar Travels,Volvo A/C Semi Sleeper (2+2),09:40,01h 50m,11:30,4.8,INR 300,43 Seats available
Ludhiana to Chandigarh,https://www.redbus.in/bus-tickets/ludhiana-to-chandigarh,Orbit Aviation Pvt Ltd,Mercedes Multi-Axle Semi Sleeper (2+2),22:10,01h 20m,23:30,4.9,399,49 Seats available
Ludhiana to Chandigarh,https://www.redbus.in/bus-tickets/ludhiana-to-chandigarh,Jujhar Travels,Volvo A/C Semi Sleeper (2+2),10:10,01h 50m,12:00,3.6,INR 300,33 Seats available
Ludhiana to Chandigarh,https://www.redbus.in/bus-tickets/ludhiana-to-chandigarh,Bhawani Travels,A/C Seater / Sleeper (2+2),23:59,02h 31m,02:30,3.2,635,34 Seats available
Ludhiana to Chandigarh,https://www.redbus.in/bus-tickets/ludhiana-to-chandigarh,Jujhar Travels,Mercedes Benz A/C (2+2),13:10,02h 05m,15:15,4.4,INR 300,47 Seats available
Ludhiana to Chandigarh,https://www.redbus.in/bus-tickets/ludhiana-to-chandigarh,Orbit Aviation Pvt Ltd,Mercedes Multi-Axle Semi Sleeper (2+2),22:10,01h 45m,23:55,4.4,399,49 Seats available
Ludhiana to Chandigarh,https://www.redbus.in/bus-tickets/ludhiana-to-chandigarh,Orbit Aviation Pvt Ltd,Mercedes Multi-Axle Semi Sleeper (2+2),16:15,01h 45m,18:00,3.6,399,41 Seats available
Ludhiana to Chandigarh,https://www.redbus.in/bus-tickets/ludhiana-to-chandigarh,Jujhar Travels,Volvo A/C Semi Sleeper (2+2),14:00,02h 00m,16:00,3.8,INR 300,38 Seats available
Ludhiana to Chandigarh,https://www.redbus.in/bus-tickets/ludhiana-to-chandigarh,Golden Temple Express Volvo,Volvo Multi-Axle A/C Semi Sleeper (2+2),23:58,01h 27m,01:25,2.1,699,37 Seats available
Ludhiana to Chandigarh,https://www.redbus.in/bus-tickets/ludhiana-to-chandigarh,Jujhar Travels,Volvo A/C Semi Sleeper (2+2),14:25,01h 45m,16:10,2.9,INR 320,41 Seats available
Ludhiana to Chandigarh,https://www.redbus.in/bus-tickets/ludhiana-to-chandigarh,Jujhar Travels,Volvo A/C Semi Sleeper (2+2),15:25,02h 00m,17:25,2.4,INR 300,36 Seats available
Ludhiana to Chandigarh,https://www.redbus.in/bus-tickets/ludhiana-to-chandigarh,Jujhar Travels,Mercedes A/C Seater (2+2),17:20,02h 10m,19:30,3.9,INR 300,50 Seats available
Ludhiana to Chandigarh,https://www.redbus.in/bus-tickets/ludhiana-to-chandigarh,Jujhar Travels,Mercedes A/C Seater (2+2),18:00,01h 50m,19:50,3.9,INR 300,39 Seats available
Ludhiana to Chandigarh,https://www.redbus.in/bus-tickets/ludhiana-to-chandigarh,Jujhar Travels,Mercedes Benz A/C (2+2),18:50,02h 00m,20:50,3.3,INR 300,48 Seats available
Ludhiana to Chandigarh,https://www.redbus.in/bus-tickets/ludhiana-to-chandigarh,Jujhar Travels,Mercedes A/C Seater (2+2),07:35,01h 55m,09:30,3.7,INR 300,44 Seats available
Ludhiana to Chandigarh,https://www.redbus.in/bus-tickets/ludhiana-to-chandigarh,Orbit Aviation Pvt. Ltd.,Mercedes Multi-Axle Semi Sleeper (2+2),11:00,01h 50m,12:50,3.3,INR 295,36 Seats available
Ludhiana to Chandigarh,https://www.redbus.in/bus-tickets/ludhiana-to-chandigarh,Golden Temple Express Volvo,Volvo Multi-Axle A/C Semi Sleeper (2+2),23:58,01h 32m,01:30,3.1,699,30 Seats available
Ludhiana to Chandigarh,https://www.redbus.in/bus-tickets/ludhiana-to-chandigarh,Himalayan Nomad Ktc,Volvo A/C Semi Sleeper (2+2),23:05,00h 50m,23:55,3.5,829,28 Seats available
Ludhiana to Chandigarh,https://www.redbus.in/bus-tickets/ludhiana-to-chandigarh,Himalayan Nomad Ktc,Volvo A/C Semi Sleeper (2+2),23:05,00h 52m,23:57,1.9,829,28 Seats available
Ludhiana to Chandigarh,https://www.redbus.in/bus-tickets/ludhiana-to-chandigarh,Everest Holidays,Volvo A/C Semi Sleeper (2+2),23:15,00h 44m,23:59,3.6,724,33 Seats available
Ludhiana to Chandigarh,https://www.redbus.in/bus-tickets/ludhiana-to-chandigarh,SHRI KRISHNA TRAVELS (JAI SHREE GANESH YATRA CO.),VE A/C Seater / Sleeper (2+1),02:50,02h 05m,04:55,3.3,INR 1299,3 Seats available
Ludhiana to Chandigarh,https://www.redbus.in/bus-tickets/ludhiana-to-chandigarh,Rajpreet Travels and cargo,A/C Sleeper (2+1),04:00,01h 30m,05:30,3.7,INR 947,34 Seats available
Ludhiana to Chandigarh,https://www.redbus.in/bus-tickets/ludhiana-to-chandigarh,New Khaira TPT,AC Sleeper (2+1),12:30,02h 15m,14:45,3.2,INR 1350,24 Seats available
Ludhiana to Chandigarh,https://www.redbus.in/bus-tickets/ludhiana-to-chandigarh,Vijay Tour and Travels,Volvo 9600 A/C Sleeper (2+1),19:00,02h 30m,21:30,3.7,INR 1749,29 Seats available
Ludhiana to Chandigarh,https://www.redbus.in/bus-tickets/ludhiana-to-chandigarh,Ankush travels,Bharat Benz A/C Seater / Sleeper (2+2),13:30,02h 15m,15:45,4.8,2362,50 Seats available
Ludhiana to Chandigarh,https://www.redbus.in/bus-tickets/ludhiana-to-chandigarh,Shree Mahaveer Travels Jaipur,Bharat Benz A/C Seater /Sleeper (2+1),19:15,03h 20m,22:35,2.7,INR 1399,35 Seats available
Ludhiana to Chandigarh,https://www.redbus.in/bus-tickets/ludhiana-to-chandigarh,Vijay Tour and Travels,Bharat Benz A/C Seater /Sleeper (2+1),21:00,03h 20m,00:20,1.0,INR 1549,5 Seats available
Ludhiana to Chandigarh,https://www.redbus.in/bus-tickets/ludhiana-to-chandigarh,SHRI KRISHNA TRAVELS (JAI SHREE GANESH YATRA CO.),Bharat Benz A/C Seater /Sleeper (2+1),21:30,02h 25m,23:55,1.0,INR 1599,22 Seats available
Ludhiana to Chandigarh,https://www.redbus.in/bus-tickets/ludhiana-to-chandigarh,Abtc Tour and Travels,Bharat Benz A/C Semi Sleeper (2+2),23:05,01h 15m,00:20,1.0,INR 800,32 Seats available
Ludhiana to Chandigarh,https://www.redbus.in/bus-tickets/ludhiana-to-chandigarh,Deltin Travels Pvt Ltd,Bharat Benz A/C Seater /Sleeper (2+1),23:05,02h 50m,01:55,0,INR 669,32 Seats available
Ludhiana to Chandigarh,https://www.redbus.in/bus-tickets/ludhiana-to-chandigarh,Laxmi holidays,VE A/C Sleeper (2+1),23:55,02h 20m,02:15,0,599,16 Seats available
Ludhiana to Chandigarh,https://www.redbus.in/bus-tickets/ludhiana-to-chandigarh,Shree Balaji Express,A/C Seater/Sleeper (2+1),02:40,01h 20m,04:00,0,INR 1149,36 Seats available
Ludhiana to Chandigarh,https://www.redbus.in/bus-tickets/ludhiana-to-chandigarh,Orbit Aviation Pvt. Ltd.,Mercedes Multi-Axle Semi Sleeper (2+2),20:15,01h 50m,22:05,0,INR 699,53 Seats available
Ludhiana to Chandigarh,https://www.redbus.in/bus-tickets/ludhiana-to-chandigarh,SHRI KRISHNA TRAVELS (JAI SHREE GANESH YATRA CO.),Bharat Benz A/C Seater /Sleeper (2+1),21:30,02h 00m,23:30,0,INR 1599,23 Seats available
Ludhiana to Chandigarh,https://www.redbus.in/bus-tickets/ludhiana-to-chandigarh,Abtc Tour and Travels,Bharat Benz A/C Semi Sleeper (2+2),23:05,00h 52m,23:57,0,INR 800,32 Seats available
Chandigarh to Yamuna Nagar,https://www.redbus.in/bus-tickets/chandigarh-to-yamuna-nagar,Chandigarh Transport Undertaking (CTU) - 165749,HVAC Seater (2+3),08:50,02h 45m,11:35,4.5,INR 195.6,33 Seats available
Chandigarh to Yamuna Nagar,https://www.redbus.in/bus-tickets/chandigarh-to-yamuna-nagar,Chandigarh Transport Undertaking (CTU) - 165751,HVAC Seater (2+3),10:50,02h 45m,13:35,4.5,INR 195.6,34 Seats available
Chandigarh to Yamuna Nagar,https://www.redbus.in/bus-tickets/chandigarh-to-yamuna-nagar,Chandigarh Transport Undertaking (CTU) - 165753,HVAC Seater (2+3),15:40,02h 45m,18:25,3.7,INR 195.6,40 Seats available
Chandigarh to Yamuna Nagar,https://www.redbus.in/bus-tickets/chandigarh-to-yamuna-nagar,Shree Mahaveer Travels Jaipur,Bharat Benz A/C Seater /Sleeper (2+1),22:00,02h 35m,00:35,5.0,INR 1499,19 Seats available
Chandigarh to Yamuna Nagar,https://www.redbus.in/bus-tickets/chandigarh-to-yamuna-nagar,Zimindara Travels,AC Sleeper (2+1),22:55,03h 15m,02:10,4.1,INR 749,32 Seats available
Chandigarh to Yamuna Nagar,https://www.redbus.in/bus-tickets/chandigarh-to-yamuna-nagar,SHRI KRISHNA TRAVELS (JAI SHREE GANESH YATRA CO.),VE A/C Seater / Sleeper (2+1),03:55,03h 00m,06:55,3.7,INR 1299,3 Seats available
Chandigarh to Yamuna Nagar,https://www.redbus.in/bus-tickets/chandigarh-to-yamuna-nagar,SHRI KRISHNA TRAVELS (JAI SHREE GANESH YATRA CO.),Bharat Benz A/C Seater /Sleeper (2+1),23:55,02h 05m,02:00,3.7,INR 1599,20 Seats available
Chandigarh to Yamuna Nagar,https://www.redbus.in/bus-tickets/chandigarh-to-yamuna-nagar,SHRI KRISHNA TRAVELS (JAI SHREE GANESH YATRA CO.),Bharat Benz A/C Seater /Sleeper (2+1),23:30,02h 30m,02:00,3.7,INR 1599,20 Seats available
Chandigarh to Yamuna Nagar,https://www.redbus.in/bus-tickets/chandigarh-to-yamuna-nagar,Vijay Tour and Travels,Volvo 9600 A/C Sleeper (2+1),21:30,02h 50m,00:20,3.5,INR 1849,19 Seats available
Chandigarh to Yamuna Nagar,https://www.redbus.in/bus-tickets/chandigarh-to-yamuna-nagar,Vijay Tour and Travels,Bharat Benz A/C Seater /Sleeper (2+1),23:30,02h 30m,02:00,3.5,INR 1249,4 Seats available
Chandigarh to Yamuna Nagar,https://www.redbus.in/bus-tickets/chandigarh-to-yamuna-nagar,SHRI KRISHNA TRAVELS (JAI SHREE GANESH YATRA CO.),VE A/C Seater / Sleeper (2+1),04:55,03h 00m,07:55,3.7,INR 1299,6 Seats available
Chandigarh to Yamuna Nagar,https://www.redbus.in/bus-tickets/chandigarh-to-yamuna-nagar,Vijay Tour and Travels,Bharat Benz A/C Seater /Sleeper (2+1),01:10,01h 30m,02:40,3.5,INR 800,1 Seat available
Chandigarh to Ludhiana,https://www.redbus.in/bus-tickets/chandigarh-to-ludhiana,Chandigarh Transport Undertaking (CTU) - 165801,HVAC Seater (2+3),07:16,02h 44m,10:00,4.6,INR 181.4,44 Seats available
Chandigarh to Ludhiana,https://www.redbus.in/bus-tickets/chandigarh-to-ludhiana,Chandigarh Transport Undertaking (CTU) - 165803,HVAC Seater (2+3),09:01,02h 45m,11:46,4.6,INR 181.4,40 Seats available
Chandigarh to Ludhiana,https://www.redbus.in/bus-tickets/chandigarh-to-ludhiana,Chandigarh Transport Undertaking (CTU) - 165805,HVAC Seater (2+3),13:14,02h 45m,15:59,4.4,INR 181.4,47 Seats available
Chandigarh to Ludhiana,https://www.redbus.in/bus-tickets/chandigarh-to-ludhiana,Chandigarh Transport Undertaking (CTU) - 165807,HVAC Seater (2+3),16:59,02h 45m,19:44,4.5,INR 181.4,43 Seats available
Chandigarh to Ludhiana,https://www.redbus.in/bus-tickets/chandigarh-to-ludhiana,Shree Mahaveer Travels Jaipur,Bharat Benz A/C Seater /Sleeper (2+1),04:40,02h 50m,07:30,3.6,INR 449,34 Seats available
Chandigarh to Ludhiana,https://www.redbus.in/bus-tickets/chandigarh-to-ludhiana,Jujhar Travels,Volvo A/C Semi Sleeper (2+2),08:40,01h 50m,10:30,4.5,INR 300,22 Seats available
Chandigarh to Ludhiana,https://www.redbus.in/bus-tickets/chandigarh-to-ludhiana,Jujhar Travels,Volvo A/C Semi Sleeper (2+2),09:40,02h 15m,11:55,3.7,INR 300,38 Seats available
Chandigarh to Ludhiana,https://www.redbus.in/bus-tickets/chandigarh-to-ludhiana,Jujhar Travels,Mercedes Benz A/C (2+2),10:35,02h 15m,12:50,4.4,INR 300,44 Seats available
Chandigarh to Ludhiana,https://www.redbus.in/bus-tickets/chandigarh-to-ludhiana,Jujhar Travels,Volvo A/C Semi Sleeper (2+2),11:15,01h 55m,13:10,4.4,INR 300,38 Seats available
Chandigarh to Ludhiana,https://www.redbus.in/bus-tickets/chandigarh-to-ludhiana,Orbit Aviation Pvt. Ltd.,Mercedes Multi-Axle Semi Sleeper (2+2),11:35,02h 15m,13:50,4.6,INR 295,6 Seats available
Chandigarh to Ludhiana,https://www.redbus.in/bus-tickets/chandigarh-to-ludhiana,Orbit Aviation Pvt. Ltd.,Mercedes Multi-Axle Semi Sleeper (2+2),12:55,01h 55m,14:50,3.0,INR 295,7 Seats available
Chandigarh to Ludhiana,https://www.redbus.in/bus-tickets/chandigarh-to-ludhiana,Jujhar Travels,Volvo A/C Semi Sleeper (2+2),14:13,02h 10m,16:23,3.7,INR 300,29 Seats available
Chandigarh to Ludhiana,https://www.redbus.in/bus-tickets/chandigarh-to-ludhiana,Orbit Aviation Pvt. Ltd.,Mercedes Multi-Axle Semi Sleeper (2+2),14:55,01h 55m,16:50,4.4,INR 295,27 Seats available
Chandigarh to Ludhiana,https://www.redbus.in/bus-tickets/chandigarh-to-ludhiana,Jujhar Travels,Mercedes A/C Seater (2+2),15:00,02h 15m,17:15,3.4,INR 300,23 Seats available
Chandigarh to Ludhiana,https://www.redbus.in/bus-tickets/chandigarh-to-ludhiana,Jujhar Travels,Volvo A/C Semi Sleeper (2+2),15:25,02h 05m,17:30,4.0,INR 300,37 Seats available
Chandigarh to Ludhiana,https://www.redbus.in/bus-tickets/chandigarh-to-ludhiana,Jujhar Travels,Volvo A/C Semi Sleeper (2+2),15:50,02h 15m,18:05,4.0,INR 300,38 Seats available
Chandigarh to Ludhiana,https://www.redbus.in/bus-tickets/chandigarh-to-ludhiana,Jujhar Travels,Volvo A/C Semi Sleeper (2+2),16:20,02h 10m,18:30,3.8,INR 300,39 Seats available
Chandigarh to Ludhiana,https://www.redbus.in/bus-tickets/chandigarh-to-ludhiana,Jujhar Travels,Volvo A/C Semi Sleeper (2+2),17:10,01h 55m,19:05,4.0,INR 300,39 Seats available
Chandigarh to Ludhiana,https://www.redbus.in/bus-tickets/chandigarh-to-ludhiana,Jujhar Travels,Volvo A/C Semi Sleeper (2+2),17:25,02h 35m,20:00,4.8,INR 300,41 Seats available
Chandigarh to Ludhiana,https://www.redbus.in/bus-tickets/chandigarh-to-ludhiana,Jujhar Travels,Volvo A/C Semi Sleeper (2+2),18:20,02h 00m,20:20,3.7,INR 300,41 Seats available
Chandigarh to Ludhiana,https://www.redbus.in/bus-tickets/chandigarh-to-ludhiana,FlixBus,Bharat Benz A/C Sleeper (2+1),23:10,02h 00m,01:10,3.9,INR 166.07,18 Seats available
Chandigarh to Ludhiana,https://www.redbus.in/bus-tickets/chandigarh-to-ludhiana,Orbit Aviation Pvt Ltd,Mercedes Multi-Axle Semi Sleeper (2+2),22:10,01h 45m,23:55,2.5,399,38 Seats available
Chandigarh to Ludhiana,https://www.redbus.in/bus-tickets/chandigarh-to-ludhiana,Orbit Aviation Pvt Ltd,Mercedes Multi-Axle Semi Sleeper (2+2),07:30,01h 30m,09:00,3.8,349,21 Seats available
Chandigarh to Ludhiana,https://www.redbus.in/bus-tickets/chandigarh-to-ludhiana,Orbit Aviation Pvt Ltd,Mercedes Multi-Axle Semi Sleeper (2+2),07:20,01h 40m,09:00,3.0,349,20 Seats available
Chandigarh to Ludhiana,https://www.redbus.in/bus-tickets/chandigarh-to-ludhiana,Orbit Aviation Pvt. Ltd.,Mercedes Multi-Axle Semi Sleeper (2+2),17:55,02h 05m,20:00,3.7,INR 295,39 Seats available
Chandigarh to Ludhiana,https://www.redbus.in/bus-tickets/chandigarh-to-ludhiana,Orbit Aviation Pvt Ltd,Mercedes Multi-Axle Semi Sleeper (2+2),21:20,02h 35m,23:55,3.9,399,38 Seats available
Chandigarh to Ludhiana,https://www.redbus.in/bus-tickets/chandigarh-to-ludhiana,Orbit Aviation Pvt Ltd,Mercedes Multi-Axle Semi Sleeper (2+2),07:00,02h 00m,09:00,3.1,349,16 Seats available
Chandigarh to Ludhiana,https://www.redbus.in/bus-tickets/chandigarh-to-ludhiana,Orbit Aviation Pvt Ltd,Mercedes Multi-Axle Semi Sleeper (2+2),22:20,01h 35m,23:55,3.7,399,38 Seats available
Chandigarh to Ludhiana,https://www.redbus.in/bus-tickets/chandigarh-to-ludhiana,Muskan Tour And Travels private Limited,Volvo Multi-Axle I-Shift B11R Semi Sleeper (2+2),02:50,01h 10m,04:00,4.5,599,3 Seats available
Chandigarh to Ludhiana,https://www.redbus.in/bus-tickets/chandigarh-to-ludhiana,Zingbus Plus,A/C Sleeper (2+1),03:00,01h 25m,04:25,5.0,1507,12 Seats available
Chandigarh to Ludhiana,https://www.redbus.in/bus-tickets/chandigarh-to-ludhiana,Deltin Travels Pvt Ltd,Bharat Benz A/C Seater /Sleeper (2+1),03:10,02h 45m,05:55,3.2,INR 1189,2 Seats available
Chandigarh to Ludhiana,https://www.redbus.in/bus-tickets/chandigarh-to-ludhiana,Himalayan Nomad Ktc,Volvo A/C Semi Sleeper (2+2),03:30,02h 30m,06:00,4.6,699,39 Seats available
Chandigarh to Ludhiana,https://www.redbus.in/bus-tickets/chandigarh-to-ludhiana,New Khaira TPT,AC Sleeper (2+1),04:10,01h 20m,05:30,3.3,INR 1350,30 Seats available
Chandigarh to Ludhiana,https://www.redbus.in/bus-tickets/chandigarh-to-ludhiana,SHRI KRISHNA TRAVELS (JAI SHREE GANESH YATRA CO.),Bharat Benz A/C Seater /Sleeper (2+1),04:15,01h 00m,05:15,5.0,INR 649,18 Seats available
Chandigarh to Ludhiana,https://www.redbus.in/bus-tickets/chandigarh-to-ludhiana,Laxmi holidays,VE A/C Sleeper (2+1),04:25,01h 35m,06:00,3.8,616,5 Seats available
Chandigarh to Ludhiana,https://www.redbus.in/bus-tickets/chandigarh-to-ludhiana,Laxmi holidays,Bharat Benz A/C Sleeper (2+1),05:00,01h 30m,06:30,1.0,629,3 Seats available
Chandigarh to Ludhiana,https://www.redbus.in/bus-tickets/chandigarh-to-ludhiana,Abtc Tour and Travels,Bharat Benz A/C Semi Sleeper (2+2),05:00,00h 30m,05:30,1.0,INR 700,15 Seats available
Chandigarh to Ludhiana,https://www.redbus.in/bus-tickets/chandigarh-to-ludhiana,Laxmi holidays,Bharat Benz A/C Sleeper (2+1),05:10,01h 30m,06:40,1.0,696,5 Seats available
Chandigarh to Ludhiana,https://www.redbus.in/bus-tickets/chandigarh-to-ludhiana,Rajpreet Travels and cargo,A/C Sleeper (2+1),19:00,02h 30m,21:30,1.9,INR 950,9 Seats available
Chandigarh to Ludhiana,https://www.redbus.in/bus-tickets/chandigarh-to-ludhiana,Zimindara Travels,AC Sleeper (2+1),20:00,02h 20m,22:20,2.0,INR 714,4 Seats available
Chandigarh to Ludhiana,https://www.redbus.in/bus-tickets/chandigarh-to-ludhiana,Tantia Travels & Cargo,AC Sleeper (2+1),20:15,02h 00m,22:15,0,INR 762,8 Seats available
Chandigarh to Ludhiana,https://www.redbus.in/bus-tickets/chandigarh-to-ludhiana,SHRI KRISHNA TRAVELS (JAI SHREE GANESH YATRA CO.),Bharat Benz A/C Seater /Sleeper (2+1),04:00,01h 15m,05:15,0,INR 649,17 Seats available
Chandigarh to Ludhiana,https://www.redbus.in/bus-tickets/chandigarh-to-ludhiana,Vijay Tour and Travels,Bharat Benz A/C Seater /Sleeper (2+1),04:00,03h 00m,07:00,0,INR 699,17 Seats available
Chandigarh to Ludhiana,https://www.redbus.in/bus-tickets/chandigarh-to-ludhiana,Vijay Tour and Travels,Volvo 9600 A/C Sleeper (2+1),05:55,02h 00m,07:55,0,INR 999,31 Seats available
Chandigarh to Ludhiana,https://www.redbus.in/bus-tickets/chandigarh-to-ludhiana,Ankush travels,Bharat Benz A/C Seater / Sleeper (2+2),11:30,01h 00m,12:30,0,874,50 Seats available
Chandigarh to Ludhiana,https://www.redbus.in/bus-tickets/chandigarh-to-ludhiana,Orbit Aviation Pvt Ltd,Mercedes Multi-Axle Semi Sleeper (2+2),13:45,01h 50m,15:35,0,699,16 Seats available
Chandigarh to Ludhiana,https://www.redbus.in/bus-tickets/chandigarh-to-ludhiana,Orbit Aviation Pvt Ltd,Mercedes Multi-Axle Semi Sleeper (2+2),13:50,01h 45m,15:35,0,699,43 Seats available
Chandigarh to Ludhiana,https://www.redbus.in/bus-tickets/chandigarh-to-ludhiana,Orbit Aviation Pvt Ltd,Mercedes Multi-Axle Semi Sleeper (2+2),13:52,01h 43m,15:35,0,699,43 Seats available
Chandigarh to Ludhiana,https://www.redbus.in/bus-tickets/chandigarh-to-ludhiana,Rajpreet Travels and cargo,A/C Sleeper (2+1),20:00,02h 00m,22:00,0,INR 666,36 Seats available
Hamirpur (Himachal Pradesh) to Chandigarh,https://www.redbus.in/bus-tickets/hamirpur-himachal-pradesh-to-chandigarh,HRTC - 6651,Ordinary 3+2 Non AC Seater,04:05,05h 15m,09:20,5.0,INR 302,47 Seats available
Hamirpur (Himachal Pradesh) to Chandigarh,https://www.redbus.in/bus-tickets/hamirpur-himachal-pradesh-to-chandigarh,HRTC - 649,A/C Executive (2+3),04:45,03h 45m,08:30,4.5,INR 340,29 Seats available
Hamirpur (Himachal Pradesh) to Chandigarh,https://www.redbus.in/bus-tickets/hamirpur-himachal-pradesh-to-chandigarh,HRTC - 654,A/C Executive (2+3),05:20,04h 40m,10:00,4.3,INR 399,44 Seats available
Hamirpur (Himachal Pradesh) to Chandigarh,https://www.redbus.in/bus-tickets/hamirpur-himachal-pradesh-to-chandigarh,HRTC - 616,A/C Executive (2+3),06:00,03h 50m,09:50,4.4,INR 340,13 Seats available
Hamirpur (Himachal Pradesh) to Chandigarh,https://www.redbus.in/bus-tickets/hamirpur-himachal-pradesh-to-chandigarh,HRTC - 652,Ordinary 3+2 Non AC Seater,06:20,06h 40m,13:00,5.0,INR 373,27 Seats available
Hamirpur (Himachal Pradesh) to Chandigarh,https://www.redbus.in/bus-tickets/hamirpur-himachal-pradesh-to-chandigarh,HRTC - 401269,Ordinary 3+2 Non AC Seater,06:30,04h 00m,10:30,4.7,INR 310,4 Seats available
Hamirpur (Himachal Pradesh) to Chandigarh,https://www.redbus.in/bus-tickets/hamirpur-himachal-pradesh-to-chandigarh,HRTC - 624,Ordinary 3+2 Non AC Seater,06:45,05h 05m,11:50,3.9,INR 334,24 Seats available
Hamirpur (Himachal Pradesh) to Chandigarh,https://www.redbus.in/bus-tickets/hamirpur-himachal-pradesh-to-chandigarh,HRTC - 617,Ordinary 3+2 Non AC Seater,07:30,06h 35m,14:05,2.0,INR 364,36 Seats available
Hamirpur (Himachal Pradesh) to Chandigarh,https://www.redbus.in/bus-tickets/hamirpur-himachal-pradesh-to-chandigarh,HRTC - 618,Ordinary 3+2 Non AC Seater,09:00,06h 20m,15:20,4.3,INR 364,34 Seats available
Hamirpur (Himachal Pradesh) to Chandigarh,https://www.redbus.in/bus-tickets/hamirpur-himachal-pradesh-to-chandigarh,HRTC - 620,Ordinary 3+2 Non AC Seater,15:10,05h 30m,20:40,4.0,INR 364,31 Seats available
Hamirpur (Himachal Pradesh) to Chandigarh,https://www.redbus.in/bus-tickets/hamirpur-himachal-pradesh-to-chandigarh,HRTC - 603,Ordinary 3+2 Non AC Seater,16:40,06h 30m,23:10,4.5,INR 373,37 Seats available
Hamirpur (Himachal Pradesh) to Chandigarh,https://www.redbus.in/bus-tickets/hamirpur-himachal-pradesh-to-chandigarh,HRTC - 401270,Ordinary 3+2 Non AC Seater,17:05,04h 00m,21:05,4.2,INR 310,23 Seats available
Hamirpur (Himachal Pradesh) to Chandigarh,https://www.redbus.in/bus-tickets/hamirpur-himachal-pradesh-to-chandigarh,HRTC - 955,Ordinary 3+2 Non AC Seater,17:40,06h 15m,23:55,3.9,INR 334,37 Seats available
Hamirpur (Himachal Pradesh) to Chandigarh,https://www.redbus.in/bus-tickets/hamirpur-himachal-pradesh-to-chandigarh,HRTC - 622,Ordinary 3+2 Non AC Seater,21:15,05h 15m,02:30,3.3,INR 369,30 Seats available
Hamirpur (Himachal Pradesh) to Chandigarh,https://www.redbus.in/bus-tickets/hamirpur-himachal-pradesh-to-chandigarh,Northern Travels,Volvo A/C Semi Sleeper (2+2),21:45,03h 45m,01:30,5.0,525,14 Seats available
Hamirpur (Himachal Pradesh) to Chandigarh,https://www.redbus.in/bus-tickets/hamirpur-himachal-pradesh-to-chandigarh,Bedi Travels,Volvo A/C Semi Sleeper (2+2),22:05,04h 00m,02:05,5.0,630,19 Seats available
Hamirpur (Himachal Pradesh) to Chandigarh,https://www.redbus.in/bus-tickets/hamirpur-himachal-pradesh-to-chandigarh,Laxmi holidays,Volvo A/C Semi Sleeper (2+2),20:20,04h 55m,01:15,4.6,854,15 Seats available
Hamirpur (Himachal Pradesh) to Chandigarh,https://www.redbus.in/bus-tickets/hamirpur-himachal-pradesh-to-chandigarh,Ram Dalal Holidays,Volvo A/C Semi Sleeper (2+2),21:15,04h 05m,01:20,4.0,837,15 Seats available
Hamirpur (Himachal Pradesh) to Chandigarh,https://www.redbus.in/bus-tickets/hamirpur-himachal-pradesh-to-chandigarh,Ram Dalal Holidays,Volvo A/C Semi Sleeper (2+2),22:00,05h 10m,03:10,5.0,810,31 Seats available
Chandigarh to Vrindavan,https://www.redbus.in/bus-tickets/chandigarh-to-vrindavan,Chandigarh Transport Undertaking (CTU) - 165938,HVAC Seater (2+3),20:00,09h 45m,05:45,3.9,INR 634.7,38 Seats available
Chandigarh to Vrindavan,https://www.redbus.in/bus-tickets/chandigarh-to-vrindavan,Vijay Tour and Travels,Bharat Benz A/C Seater /Sleeper (2+1),17:40,08h 10m,01:50,2.8,INR 1199,22 Seats available
Chandigarh to Vrindavan,https://www.redbus.in/bus-tickets/chandigarh-to-vrindavan,GK Travels,A/C Seater/Sleeper (2+1),16:00,32h 00m,00:00,1.0,INR 2499,4 Seats available
Chandigarh to Vrindavan,https://www.redbus.in/bus-tickets/chandigarh-to-vrindavan,NAYAR TRAVELS (OPC) PVT LTD,A/C Sleeper (2+1),16:30,08h 00m,00:30,1.0,INR 3499,10 Seats available
Chandigarh to Hamirpur (Himachal Pradesh),https://www.redbus.in/bus-tickets/chandigarh-to-hamirpur-himachal-pradesh,HRTC - 1515,Ordinary 3+2 Non AC Seater,13:20,06h 55m,20:15,3.2,INR 373,23 Seats available
Chandigarh to Hamirpur (Himachal Pradesh),https://www.redbus.in/bus-tickets/chandigarh-to-hamirpur-himachal-pradesh,HRTC - 1529,Ordinary 3+2 Non AC Seater,13:56,05h 09m,19:05,3.8,INR 364,16 Seats available
Chandigarh to Hamirpur (Himachal Pradesh),https://www.redbus.in/bus-tickets/chandigarh-to-hamirpur-himachal-pradesh,HRTC - 1468,Ordinary 3+2 Non AC Seater,15:30,05h 50m,21:20,3.9,INR 302,25 Seats available
Chandigarh to Hamirpur (Himachal Pradesh),https://www.redbus.in/bus-tickets/chandigarh-to-hamirpur-himachal-pradesh,HRTC - 1546,Ordinary 3+2 Non AC Seater,16:25,04h 50m,21:15,3.8,INR 334,12 Seats available
Chandigarh to Hamirpur (Himachal Pradesh),https://www.redbus.in/bus-tickets/chandigarh-to-hamirpur-himachal-pradesh,HRTC - 9235,A/C Executive (2+3),16:40,05h 20m,22:00,4.5,INR 399,28 Seats available
Chandigarh to Hamirpur (Himachal Pradesh),https://www.redbus.in/bus-tickets/chandigarh-to-hamirpur-himachal-pradesh,HRTC - 1549,Ordinary 3+2 Non AC Seater,18:15,06h 45m,01:00,4.8,INR 362,36 Seats available
Chandigarh to Hamirpur (Himachal Pradesh),https://www.redbus.in/bus-tickets/chandigarh-to-hamirpur-himachal-pradesh,Laxmi holidays,Volvo A/C Semi Sleeper (2+2),02:00,04h 10m,06:10,4.3,569,3 Seats available
Chandigarh to Hamirpur (Himachal Pradesh),https://www.redbus.in/bus-tickets/chandigarh-to-hamirpur-himachal-pradesh,Ram Dalal Holidays,Volvo A/C Semi Sleeper (2+2),02:15,03h 40m,05:55,4.0,INR 650,1 Seat available
Chandigarh to Hamirpur (Himachal Pradesh),https://www.redbus.in/bus-tickets/chandigarh-to-hamirpur-himachal-pradesh,Ram Dalal Holidays,Volvo A/C Semi Sleeper (2+2),01:40,03h 55m,05:35,4.6,864,6 Seats available
Chandigarh to Hamirpur (Himachal Pradesh),https://www.redbus.in/bus-tickets/chandigarh-to-hamirpur-himachal-pradesh,Ram Dalal Holidays,Volvo A/C Semi Sleeper (2+2),02:05,03h 55m,06:00,4.5,899,5 Seats available
Chandigarh to Hamirpur (Himachal Pradesh),https://www.redbus.in/bus-tickets/chandigarh-to-hamirpur-himachal-pradesh,Northern Travels,Volvo A/C Semi Sleeper (2+2),02:40,03h 50m,06:30,2.9,1125,1 Seat available
Chandigarh to Pathankot,https://www.redbus.in/bus-tickets/chandigarh-to-pathankot,HRTC - 1521,Ordinary 3+2 Non AC Seater,07:05,09h 35m,16:40,3.9,INR 450,36 Seats available
Chandigarh to Pathankot,https://www.redbus.in/bus-tickets/chandigarh-to-pathankot,HRTC - 1517,Ordinary 3+2 Non AC Seater,15:35,07h 30m,23:05,3.5,INR 461,14 Seats available
Chandigarh to Pathankot,https://www.redbus.in/bus-tickets/chandigarh-to-pathankot,Awadh Travels,A/C Sleeper (2+2),00:30,05h 30m,06:00,3.5,1215,30 Seats available
Chandigarh to Pathankot,https://www.redbus.in/bus-tickets/chandigarh-to-pathankot,IntrCity SmartBus,VE A/C Seater / Sleeper (2+1),00:40,04h 20m,05:00,5.0,INR 977,5 Seats available
Chandigarh to Pathankot,https://www.redbus.in/bus-tickets/chandigarh-to-pathankot,Laxmi holidays,Bharat Benz A/C Seater /Sleeper (2+1),02:30,04h 40m,07:10,3.7,760,2 Seats available
Chandigarh to Pathankot,https://www.redbus.in/bus-tickets/chandigarh-to-pathankot,Laxmi holidays,VE A/C Seater / Sleeper (2+1),03:00,04h 20m,07:20,4.5,854,1 Seat available
Chandigarh to Pathankot,https://www.redbus.in/bus-tickets/chandigarh-to-pathankot,IntrCity SmartBus,Bharat Benz A/C Seater /Sleeper (2+1),03:25,04h 35m,08:00,4.5,INR 509,3 Seats available
Chandigarh to Pathankot,https://www.redbus.in/bus-tickets/chandigarh-to-pathankot,Laxmi holidays,Bharat Benz A/C Sleeper (2+1),03:45,04h 25m,08:10,3.2,855,3 Seats available
Chandigarh to Pathankot,https://www.redbus.in/bus-tickets/chandigarh-to-pathankot,Hari Das Tour &Travels,Bharat Benz A/C Seater /Sleeper (2+1),04:25,03h 35m,08:00,3.7,999,9 Seats available
Chandigarh to Pathankot,https://www.redbus.in/bus-tickets/chandigarh-to-pathankot,RAJDHANI TRANSPORT,NON A/C Seater (2+3),13:00,06h 00m,19:00,3.1,INR 330,51 Seats available
Chandigarh to Pathankot,https://www.redbus.in/bus-tickets/chandigarh-to-pathankot,Orbit Aviation Pvt Ltd,Mercedes Multi-Axle Semi Sleeper (2+2),22:20,04h 30m,02:50,3.6,999,31 Seats available
Chandigarh to Pathankot,https://www.redbus.in/bus-tickets/chandigarh-to-pathankot,Orbit Aviation Pvt. Ltd.,Mercedes Multi-Axle Semi Sleeper (2+2),13:00,04h 35m,17:35,3.1,INR 788,3 Seats available
Chandigarh to Pathankot,https://www.redbus.in/bus-tickets/chandigarh-to-pathankot,RAJDHANI TRANSPORT,NON A/C Seater (2+3),13:23,06h 37m,20:00,3.1,INR 330,51 Seats available
Chandigarh to Pathankot,https://www.redbus.in/bus-tickets/chandigarh-to-pathankot,Khurana Bus Service,Volvo A/C (2+2),14:20,05h 10m,19:30,4.0,INR 1100,8 Seats available
Chandigarh to Pathankot,https://www.redbus.in/bus-tickets/chandigarh-to-pathankot,Khurana Bus Service,Volvo A/C (2+2),14:25,05h 05m,19:30,3.3,INR 1100,7 Seats available
Chandigarh to Pathankot,https://www.redbus.in/bus-tickets/chandigarh-to-pathankot,Khurana Bus Service,Bharat Benz A/C Seater (2+2),17:00,04h 30m,21:30,3.6,1020,29 Seats available
Chandigarh to Pathankot,https://www.redbus.in/bus-tickets/chandigarh-to-pathankot,Orbit Aviation Pvt. Ltd.,Mercedes Multi-Axle Semi Sleeper (2+2),14:40,04h 20m,19:00,3.8,INR 788,2 Seats available
Chandigarh to Pathankot,https://www.redbus.in/bus-tickets/chandigarh-to-pathankot,Orbit Aviation Pvt. Ltd.,Mercedes Multi-Axle Semi Sleeper (2+2),16:00,04h 40m,20:40,3.3,INR 788,15 Seats available
Chandigarh to Pathankot,https://www.redbus.in/bus-tickets/chandigarh-to-pathankot,Khurana Bus Service,Bharat Benz A/C Seater (2+2),16:50,04h 40m,21:30,4.1,INR 1200,19 Seats available
Chandigarh to Pathankot,https://www.redbus.in/bus-tickets/chandigarh-to-pathankot,Baru travels,A/C Seater / Sleeper (2+2),20:45,05h 15m,02:00,3.3,989,17 Seats available
Chandigarh to Pathankot,https://www.redbus.in/bus-tickets/chandigarh-to-pathankot,GOBUS,A/C Seater / Sleeper (2+2),22:05,04h 25m,02:30,3.4,INR 699,16 Seats available
Chandigarh to Pathankot,https://www.redbus.in/bus-tickets/chandigarh-to-pathankot,Vijay Tour and Travels,Bharat Benz A/C Seater /Sleeper (2+1),22:30,05h 30m,04:00,5.0,INR 699,28 Seats available
Chandigarh to Pathankot,https://www.redbus.in/bus-tickets/chandigarh-to-pathankot,IntrCity SmartBus,A/C Seater / Sleeper (2+1),22:30,04h 35m,03:05,4.2,INR 678,33 Seats available
Chandigarh to Pathankot,https://www.redbus.in/bus-tickets/chandigarh-to-pathankot,Laxmi holidays,Bharat Benz A/C Seater /Sleeper (2+1),22:50,04h 10m,03:00,4.6,1044,28 Seats available
Chandigarh to Pathankot,https://www.redbus.in/bus-tickets/chandigarh-to-pathankot,Laxmi holidays,Bharat Benz A/C Seater /Sleeper (2+1),23:05,04h 15m,03:20,3.9,843,25 Seats available
Chandigarh to Pathankot,https://www.redbus.in/bus-tickets/chandigarh-to-pathankot,FlixBus,Bharat Benz A/C Sleeper (2+1),23:10,05h 25m,04:35,4.2,INR 887.5,8 Seats available
Chandigarh to Pathankot,https://www.redbus.in/bus-tickets/chandigarh-to-pathankot,Zimindara Travels,AC Sleeper (2+1),23:15,04h 30m,03:45,4.0,INR 999,9 Seats available
Chandigarh to Pathankot,https://www.redbus.in/bus-tickets/chandigarh-to-pathankot,Laxmi holidays,Bharat Benz A/C Sleeper (2+1),23:30,04h 50m,04:20,4.4,923,28 Seats available
Chandigarh to Pathankot,https://www.redbus.in/bus-tickets/chandigarh-to-pathankot,IntrCity SmartBus,VE A/C Seater / Sleeper (2+1),23:30,04h 35m,04:05,4.2,INR 727,29 Seats available
Chandigarh to Pathankot,https://www.redbus.in/bus-tickets/chandigarh-to-pathankot,Zingbus Plus,A/C Sleeper (2+1),03:00,04h 50m,07:50,4.4,1258,5 Seats available
Chandigarh to Pathankot,https://www.redbus.in/bus-tickets/chandigarh-to-pathankot,Laxmi holidays,Bharat Benz A/C Seater /Sleeper (2+1),23:35,04h 10m,03:45,5.0,1140,24 Seats available
Chandigarh to Pathankot,https://www.redbus.in/bus-tickets/chandigarh-to-pathankot,New Pal Travels,A/C Sleeper (2+1),19:30,07h 00m,02:30,4.0,1494,1 Seat available
Chandigarh to Pathankot,https://www.redbus.in/bus-tickets/chandigarh-to-pathankot,Jamna Travels (Delhi),A/C Seater / Sleeper (2+2),23:59,05h 16m,05:15,3.6,INR 799,20 Seats available
Chandigarh to Pathankot,https://www.redbus.in/bus-tickets/chandigarh-to-pathankot,City Land Travels,A/C Seater/Sleeper (2+1),23:50,05h 10m,05:00,3.6,1159,39 Seats available
Chandigarh to Pathankot,https://www.redbus.in/bus-tickets/chandigarh-to-pathankot,Orbit Aviation Pvt Ltd,Mercedes Multi-Axle Semi Sleeper (2+2),07:20,04h 50m,12:10,2.6,649,9 Seats available
Chandigarh to Pathankot,https://www.redbus.in/bus-tickets/chandigarh-to-pathankot,Orbit Aviation Pvt Ltd,Mercedes Multi-Axle Semi Sleeper (2+2),07:30,04h 40m,12:10,1.0,649,10 Seats available
Chandigarh to Pathankot,https://www.redbus.in/bus-tickets/chandigarh-to-pathankot,Orbit Aviation Pvt Ltd,Mercedes Multi-Axle Semi Sleeper (2+2),07:00,05h 10m,12:10,2.9,699,9 Seats available
Chandigarh to Pathankot,https://www.redbus.in/bus-tickets/chandigarh-to-pathankot,Shiv Mohan Travels,AC Sleeper (2+1),00:50,06h 00m,06:50,2.7,1414,3 Seats available
Chandigarh to Pathankot,https://www.redbus.in/bus-tickets/chandigarh-to-pathankot,Orbit Aviation Pvt Ltd,Mercedes Multi-Axle Semi Sleeper (2+2),13:45,04h 35m,18:20,5.0,1049,4 Seats available
Chandigarh to Pathankot,https://www.redbus.in/bus-tickets/chandigarh-to-pathankot,Orbit Aviation Pvt Ltd,Mercedes Multi-Axle Semi Sleeper (2+2),13:50,04h 30m,18:20,3.1,1049,4 Seats available
Chandigarh to Pathankot,https://www.redbus.in/bus-tickets/chandigarh-to-pathankot,Big Bus,A/C Seater / Sleeper (2+2),23:00,04h 00m,03:00,3.5,INR 799,29 Seats available
Chandigarh to Pathankot,https://www.redbus.in/bus-tickets/chandigarh-to-pathankot,Orbit Aviation Pvt Ltd,Mercedes Multi-Axle Semi Sleeper (2+2),13:52,04h 28m,18:20,3.5,1049,4 Seats available
Chandigarh to Pathankot,https://www.redbus.in/bus-tickets/chandigarh-to-pathankot,Goel Tourist (Regd),A/C Seater / Sleeper (2+2),23:15,04h 15m,03:30,0,INR 888,37 Seats available
Chandigarh to Pathankot,https://www.redbus.in/bus-tickets/chandigarh-to-pathankot,Orbit Aviation Pvt Ltd,Mercedes Multi-Axle Semi Sleeper (2+2),21:20,05h 30m,02:50,0,399,32 Seats available
Chandigarh to Pathankot,https://www.redbus.in/bus-tickets/chandigarh-to-pathankot,RK Holiday,A/C Seater / Sleeper (2+2),23:20,04h 20m,03:40,0,INR 595,33 Seats available
Chandigarh to Pathankot,https://www.redbus.in/bus-tickets/chandigarh-to-pathankot,Orbit Aviation Pvt Ltd,Mercedes Multi-Axle Semi Sleeper (2+2),22:10,04h 40m,02:50,0,399,32 Seats available
Chandigarh to Pathankot,https://www.redbus.in/bus-tickets/chandigarh-to-pathankot,SWAGATAM TOUR HOLIDAY,A/C Sleeper (2+2),23:59,04h 26m,04:25,0,1359,42 Seats available
Chandigarh to Pathankot,https://www.redbus.in/bus-tickets/chandigarh-to-pathankot,IntrCity SmartBus,Bharat Benz A/C Seater /Sleeper (2+1),04:15,04h 30m,08:45,0,INR 1526,1 Seat available
Chandigarh to Pathankot,https://www.redbus.in/bus-tickets/chandigarh-to-pathankot,Jamna Travels-Jammu,AshokLeyland Stile A/C,20:30,05h 00m,01:30,0,INR 1510,9 Seats available
Chandigarh to Pathankot,https://www.redbus.in/bus-tickets/chandigarh-to-pathankot,SHRI KRISHNA TRAVELS (JAI SHREE GANESH YATRA CO.),VE A/C Seater / Sleeper (2+1),23:30,05h 30m,05:00,0,INR 1599,28 Seats available
Chandigarh to Pathankot,https://www.redbus.in/bus-tickets/chandigarh-to-pathankot,Lucky Bus Service,VE A/C Sleeper (2+2),23:45,04h 00m,03:45,0,1529,32 Seats available
Chandigarh to Dehradun,https://www.redbus.in/bus-tickets/chandigarh-to-dehradun,Chandigarh Transport Undertaking (CTU) - 165791,HVAC Seater (2+3),07:55,05h 35m,13:30,3.4,INR 397.5,35 Seats available
Chandigarh to Dehradun,https://www.redbus.in/bus-tickets/chandigarh-to-dehradun,Chandigarh Transport Undertaking (CTU) - 165793,HVAC Seater (2+3),09:00,05h 30m,14:30,3.4,INR 397.5,43 Seats available
Chandigarh to Dehradun,https://www.redbus.in/bus-tickets/chandigarh-to-dehradun,Chandigarh Transport Undertaking (CTU) - 165795,HVAC Seater (2+3),10:00,05h 30m,15:30,3.6,INR 397.5,39 Seats available
Chandigarh to Dehradun,https://www.redbus.in/bus-tickets/chandigarh-to-dehradun,SHRI KRISHNA TRAVELS (JAI SHREE GANESH YATRA CO.),VE A/C Seater / Sleeper (2+1),03:55,06h 25m,10:20,3.4,INR 1299,3 Seats available
Chandigarh to Dehradun,https://www.redbus.in/bus-tickets/chandigarh-to-dehradun,Laxmi holidays,Bharat Benz A/C Seater /Sleeper (2+1),04:20,06h 40m,11:00,4.5,570,1 Seat available
Chandigarh to Dehradun,https://www.redbus.in/bus-tickets/chandigarh-to-dehradun,SHRI KRISHNA TRAVELS (JAI SHREE GANESH YATRA CO.),VE A/C Seater / Sleeper (2+1),04:55,06h 25m,11:20,5.0,INR 1299,2 Seats available
Chandigarh to Dehradun,https://www.redbus.in/bus-tickets/chandigarh-to-dehradun,NueGo,Electric A/C Seater (2+2),18:00,04h 55m,22:55,4.0,INR 402,9 Seats available
Chandigarh to Dehradun,https://www.redbus.in/bus-tickets/chandigarh-to-dehradun,NueGo,Electric A/C Seater (2+2),19:00,03h 55m,22:55,3.8,INR 402,8 Seats available
Chandigarh to Dehradun,https://www.redbus.in/bus-tickets/chandigarh-to-dehradun,Zimindara Travels,AC Sleeper (2+1),23:00,06h 30m,05:30,4.0,INR 899,12 Seats available
Chandigarh to Dehradun,https://www.redbus.in/bus-tickets/chandigarh-to-dehradun,Laxmi holidays,VE A/C Semi Sleeper (2+2),23:55,05h 50m,05:45,4.5,854,18 Seats available
Chandigarh to Dehradun,https://www.redbus.in/bus-tickets/chandigarh-to-dehradun,Vijay Tour and Travels,Bharat Benz A/C Seater /Sleeper (2+1),01:10,05h 50m,07:00,2.2,INR 1049,1 Seat available
Chandigarh to Dehradun,https://www.redbus.in/bus-tickets/chandigarh-to-dehradun,SHRI KRISHNA TRAVELS (JAI SHREE GANESH YATRA CO.),Bharat Benz A/C Seater /Sleeper (2+1),23:30,05h 30m,05:00,2.0,INR 1599,19 Seats available
Chandigarh to Dehradun,https://www.redbus.in/bus-tickets/chandigarh-to-dehradun,SHRI KRISHNA TRAVELS (JAI SHREE GANESH YATRA CO.),Bharat Benz A/C Seater /Sleeper (2+1),23:55,05h 05m,05:00,1.0,INR 1599,17 Seats available
Dehradun to Chandigarh,https://www.redbus.in/bus-tickets/dehradun-to-chandigarh,Chandigarh Transport Undertaking (CTU) - 165792,HVAC Seater (2+3),13:40,05h 35m,19:15,3.6,INR 397.5,38 Seats available
Dehradun to Chandigarh,https://www.redbus.in/bus-tickets/dehradun-to-chandigarh,Chandigarh Transport Undertaking (CTU) - 165794,HVAC Seater (2+3),14:30,05h 40m,20:10,3.9,INR 397.5,46 Seats available
Dehradun to Chandigarh,https://www.redbus.in/bus-tickets/dehradun-to-chandigarh,Chandigarh Transport Undertaking (CTU) - 165796,HVAC Seater (2+3),15:30,05h 40m,21:10,3.3,INR 397.5,45 Seats available
Dehradun to Chandigarh,https://www.redbus.in/bus-tickets/dehradun-to-chandigarh,Gola Bus Service,VE A/C Seater / Sleeper (2+1),10:20,13h 45m,00:05,4.4,INR 1599,10 Seats available
Dehradun to Chandigarh,https://www.redbus.in/bus-tickets/dehradun-to-chandigarh,Laxmi holidays,Bharat Benz A/C Seater /Sleeper (2+1),16:00,06h 50m,22:50,4.5,1026,29 Seats available
Dehradun to Chandigarh,https://www.redbus.in/bus-tickets/dehradun-to-chandigarh,Zimindara Travels,AC Sleeper (2+1),16:00,07h 00m,23:00,5.0,INR 1099,22 Seats available
Dehradun to Chandigarh,https://www.redbus.in/bus-tickets/dehradun-to-chandigarh,Laxmi holidays,Bharat Benz A/C Seater /Sleeper (2+1),16:45,06h 50m,23:35,4.4,1140,24 Seats available
Dehradun to Chandigarh,https://www.redbus.in/bus-tickets/dehradun-to-chandigarh,Om Sidh Express,Volvo A/C Semi Sleeper (2+2),17:30,05h 30m,23:00,3.0,523,25 Seats available
Dehradun to Chandigarh,https://www.redbus.in/bus-tickets/dehradun-to-chandigarh,NueGo,Electric A/C Seater (2+2),18:00,04h 55m,22:55,4.4,INR 402,14 Seats available
Dehradun to Chandigarh,https://www.redbus.in/bus-tickets/dehradun-to-chandigarh,NueGo,Electric A/C Seater (2+2),18:00,04h 05m,22:05,3.7,INR 402,14 Seats available
Dehradun to Chandigarh,https://www.redbus.in/bus-tickets/dehradun-to-chandigarh,KN Nehra Travels,A/C Seater/Sleeper (2+1),18:20,07h 10m,01:30,3.0,INR 1399,21 Seats available
Dehradun to Chandigarh,https://www.redbus.in/bus-tickets/dehradun-to-chandigarh,Laxmi holidays,VE A/C Semi Sleeper (2+2),18:30,05h 20m,23:50,4.7,1044,10 Seats available
Dehradun to Chandigarh,https://www.redbus.in/bus-tickets/dehradun-to-chandigarh,City Land Travels,A/C Seater/Sleeper (2+1),18:30,05h 50m,00:20,3.7,INR 1229,25 Seats available
Dehradun to Chandigarh,https://www.redbus.in/bus-tickets/dehradun-to-chandigarh,SHRI KRISHNA TRAVELS (JAI SHREE GANESH YATRA CO.),Bharat Benz A/C Seater /Sleeper (2+1),23:30,04h 45m,04:15,5.0,INR 1349,28 Seats available
Dehradun to Chandigarh,https://www.redbus.in/bus-tickets/dehradun-to-chandigarh,Vijay Tour and Travels,Bharat Benz A/C Seater /Sleeper (2+1),16:10,07h 40m,23:50,2.0,INR 799,38 Seats available
Dehradun to Chandigarh,https://www.redbus.in/bus-tickets/dehradun-to-chandigarh,KN Nehra Travels,A/C Seater/Sleeper (2+1),18:20,06h 55m,01:15,1.0,INR 999,32 Seats available
Dehradun to Chandigarh,https://www.redbus.in/bus-tickets/dehradun-to-chandigarh,SHRI KRISHNA TRAVELS (JAI SHREE GANESH YATRA CO.),Bharat Benz A/C Seater /Sleeper (2+1),23:30,04h 30m,04:00,1.0,INR 1349,30 Seats available
Dehradun to Chandigarh,https://www.redbus.in/bus-tickets/dehradun-to-chandigarh,SHRI KRISHNA TRAVELS (JAI SHREE GANESH YATRA CO.),VE A/C Seater / Sleeper (2+1),17:00,06h 30m,23:30,3.3,INR 1699,20 Seats available
Pathankot to Chandigarh,https://www.redbus.in/bus-tickets/pathankot-to-chandigarh,HRTC - 1402,Ordinary 3+2 Non AC Seater,10:40,10h 20m,21:00,3.9,INR 465,36 Seats available
Pathankot to Chandigarh,https://www.redbus.in/bus-tickets/pathankot-to-chandigarh,HRTC - 1405,Ordinary 3+2 Non AC Seater,12:30,11h 15m,23:45,3.9,INR 540,27 Seats available
Pathankot to Chandigarh,https://www.redbus.in/bus-tickets/pathankot-to-chandigarh,HRTC - 1403,Ordinary 3+2 Non AC Seater,14:05,09h 35m,23:40,3.9,INR 450,37 Seats available
Pathankot to Chandigarh,https://www.redbus.in/bus-tickets/pathankot-to-chandigarh,HRTC - 1414,Ordinary 3+2 Non AC Seater,14:50,09h 09m,23:59,3.9,INR 461,37 Seats available
Pathankot to Chandigarh,https://www.redbus.in/bus-tickets/pathankot-to-chandigarh,HRTC - 1455,A/C Executive (2+3),15:45,08h 10m,23:55,3.9,INR 530,39 Seats available
Pathankot to Chandigarh,https://www.redbus.in/bus-tickets/pathankot-to-chandigarh,Chandigarh Transport Undertaking (CTU) - 165786,HVAC Seater (2+3),13:44,06h 16m,20:00,3.9,INR 468.6,47 Seats available
Pathankot to Chandigarh,https://www.redbus.in/bus-tickets/pathankot-to-chandigarh,IntrCity SmartBus,VE A/C Seater / Sleeper (2+1),00:05,04h 55m,05:00,5.0,INR 509,4 Seats available
Pathankot to Chandigarh,https://www.redbus.in/bus-tickets/pathankot-to-chandigarh,Laxmi holidays,Bharat Benz A/C Sleeper (2+1),00:30,04h 20m,04:50,4.4,624,1 Seat available
Pathankot to Chandigarh,https://www.redbus.in/bus-tickets/pathankot-to-chandigarh,Orbit Aviation Pvt. Ltd.,Mercedes Multi-Axle Semi Sleeper (2+2),04:50,04h 05m,08:55,3.3,INR 788,29 Seats available
Pathankot to Chandigarh,https://www.redbus.in/bus-tickets/pathankot-to-chandigarh,RAJDHANI TRANSPORT,NON A/C Seater (2+3),06:34,05h 56m,12:30,3.1,INR 330,51 Seats available
Sujanpur (himachal pradesh) to Chandigarh,https://www.redbus.in/bus-tickets/sujanpur-to-chandigarh,HRTC - 6747,Ordinary 3+2 Non AC Seater,05:00,04h 31m,09:31,4.0,INR 358,27 Seats available
Sujanpur (himachal pradesh) to Chandigarh,https://www.redbus.in/bus-tickets/sujanpur-to-chandigarh,HRTC - 950,Ordinary 3+2 Non AC Seater,06:45,06h 10m,12:55,3.9,INR 383,27 Seats available
Sujanpur (himachal pradesh) to Chandigarh,https://www.redbus.in/bus-tickets/sujanpur-to-chandigarh,HRTC - 1175,Ordinary 3+2 Non AC Seater,07:30,06h 55m,14:25,3.9,INR 383,37 Seats available
Sujanpur (himachal pradesh) to Chandigarh,https://www.redbus.in/bus-tickets/sujanpur-to-chandigarh,HRTC - 6676,,07:50,07h 10m,15:00,,INR 381,
Sujanpur (himachal pradesh) to Chandigarh,https://www.redbus.in/bus-tickets/sujanpur-to-chandigarh,,,,,,,,
Sujanpur (himachal pradesh) to Chandigarh,https://www.redbus.in/bus-tickets/sujanpur-to-chandigarh,,,,,,,,
Sujanpur (himachal pradesh) to Chandigarh,https://www.redbus.in/bus-tickets/sujanpur-to-chandigarh,,,,,,,,
Chandigarh to Sujanpur (himachal pradesh),https://www.redbus.in/bus-tickets/chandigarh-to-sujanpur,HRTC - 1268,Ordinary 3+2 Non AC Seater,04:50,06h 50m,11:40,5.0,INR 417,21 Seats available
Chandigarh to Sujanpur (himachal pradesh),https://www.redbus.in/bus-tickets/chandigarh-to-sujanpur,HRTC - 6748,Ordinary 3+2 Non AC Seater,14:05,06h 25m,20:30,4.7,INR 358,16 Seats available
Chandigarh to Sujanpur (himachal pradesh),https://www.redbus.in/bus-tickets/chandigarh-to-sujanpur,HRTC - 1548,Ordinary 3+2 Non AC Seater,14:20,06h 25m,20:45,3.9,INR 373,28 Seats available
Chandigarh to Sujanpur (himachal pradesh),https://www.redbus.in/bus-tickets/chandigarh-to-sujanpur,HRTC - 1528,Ordinary 3+2 Non AC Seater,18:40,05h 50m,00:30,3.9,INR 381,13 Seats available
Chandigarh to Sujanpur (himachal pradesh),https://www.redbus.in/bus-tickets/chandigarh-to-sujanpur,,,,,,,,
Chandigarh to Sujanpur (himachal pradesh),https://www.redbus.in/bus-tickets/chandigarh-to-sujanpur,,,,,,,,
Talwara to Chandigarh,https://www.redbus.in/bus-tickets/talwara-to-chandigarh,Chandigarh Transport Undertaking (CTU) - 165840,HVAC Seater (2+3),11:37,05h 00m,16:37,4.6,INR 352.4,45 Seats available
Talwara to Chandigarh,https://www.redbus.in/bus-tickets/talwara-to-chandigarh,RAJDHANI TRANSPORT,NON A/C Seater (2+3),05:40,04h 50m,10:30,3.1,INR 280,51 Seats available
Talwara to Chandigarh,https://www.redbus.in/bus-tickets/talwara-to-chandigarh,RAJDHANI TRANSPORT,NON A/C Seater (2+3),06:40,05h 20m,12:00,3.1,INR 280,51 Seats available
Vrindavan to Chandigarh,https://www.redbus.in/bus-tickets/vrindavan-to-chandigarh,HRTC - 587,Ordinary 3+2 Non AC Seater,14:00,09h 05m,23:05,4.8,INR 455,5 Seats available
Vrindavan to Chandigarh,https://www.redbus.in/bus-tickets/vrindavan-to-chandigarh,Chandigarh Transport Undertaking (CTU) - 165939,HVAC Seater (2+3),16:00,09h 45m,01:45,3.8,INR 634.7,44 Seats available
Vrindavan to Chandigarh,https://www.redbus.in/bus-tickets/vrindavan-to-chandigarh,Vijay Tour and Travels,Bharat Benz A/C Seater /Sleeper (2+1),23:55,07h 45m,07:40,3.0,INR 749,37 Seats available
Vrindavan to Chandigarh,https://www.redbus.in/bus-tickets/vrindavan-to-chandigarh,,,,,,,,
Chandigarh to Shimla,https://www.redbus.in/bus-tickets/chandigarh-to-shimla,HRTC - 1223,Ordinary 3+2 Non AC Seater,01:30,04h 00m,05:30,3.9,INR 242,35 Seats available
Chandigarh to Shimla,https://www.redbus.in/bus-tickets/chandigarh-to-shimla,HRTC - 373,Ordinary 3+2 Non AC Seater,04:30,04h 30m,09:00,3.3,INR 242,24 Seats available
Chandigarh to Shimla,https://www.redbus.in/bus-tickets/chandigarh-to-shimla,HRTC - 1730,Ordinary 3+2 Non AC Seater,06:12,04h 03m,10:15,3.4,INR 242,23 Seats available
Chandigarh to Shimla,https://www.redbus.in/bus-tickets/chandigarh-to-shimla,HRTC - 175,,07:50,04h 00m,11:50,,INR 242,
Chandigarh to Shimla,https://www.redbus.in/bus-tickets/chandigarh-to-shimla,,,,,,,,
Chandigarh to Shimla,https://www.redbus.in/bus-tickets/chandigarh-to-shimla,,,,,,,,
Chandigarh to Shimla,https://www.redbus.in/bus-tickets/chandigarh-to-shimla,,,,,,,,
Chandigarh to Shimla,https://www.redbus.in/bus-tickets/chandigarh-to-shimla,,,,,,,,
Chandigarh to Shimla,https://www.redbus.in/bus-tickets/chandigarh-to-shimla,,,,,,,,
Chandigarh to Shimla,https://www.redbus.in/bus-tickets/chandigarh-to-shimla,,,,,,,,
Chandigarh to Dinanagar (punjab),https://www.redbus.in/bus-tickets/chandigarh-to-dinanagar-punjab,Chandigarh Transport Undertaking (CTU) - 165845,HVAC Seater (2+3),06:15,05h 45m,12:00,3.9,INR 438,4 Seats available
Chandigarh to Baijnath,https://www.redbus.in/bus-tickets/chandigarh-to-baijnath,HRTC - 1268,Ordinary 3+2 Non AC Seater,04:50,09h 20m,14:10,3.9,INR 537,21 Seats available
Chandigarh to Baijnath,https://www.redbus.in/bus-tickets/chandigarh-to-baijnath,HRTC - 1531,Ordinary 3+2 Non AC Seater,06:48,09h 37m,16:25,1.0,INR 514,3 Seats available
Chandigarh to Baijnath,https://www.redbus.in/bus-tickets/chandigarh-to-baijnath,HRTC - 1514,Ordinary 3+2 Non AC Seater,16:00,08h 45m,00:45,3.7,INR 543,19 Seats available
Chandigarh to Baijnath,https://www.redbus.in/bus-tickets/chandigarh-to-baijnath,HRTC - 1505,Ordinary 3+2 Non AC Seater,20:16,07h 44m,04:00,3.2,INR 513,8 Seats available
Chandigarh to Baijnath,https://www.redbus.in/bus-tickets/chandigarh-to-baijnath,,,,,,,,
Chandigarh to Baijnath,https://www.redbus.in/bus-tickets/chandigarh-to-baijnath,,,,,,,,
Chandigarh to Baijnath,https://www.redbus.in/bus-tickets/chandigarh-to-baijnath,,,,,,,,
Chandigarh to Baijnath,https://www.redbus.in/bus-tickets/chandigarh-to-baijnath,,,,,,,,
Chandigarh to Baijnath,https://www.redbus.in/bus-tickets/chandigarh-to-baijnath,,,,,,,,
Chandigarh to Baijnath,https://www.redbus.in/bus-tickets/chandigarh-to-baijnath,,,,,,,,
Dinanagar (punjab) to Chandigarh,https://www.redbus.in/bus-tickets/dinanagar-punjab-to-chandigarh,Chandigarh Transport Undertaking (CTU) - 165846,HVAC Seater (2+3),12:00,06h 15m,18:15,4.0,INR 438,45 Seats available
Chandigarh to Amritsar,https://www.redbus.in/bus-tickets/chandigarh-to-amritsar,Chandigarh Transport Undertaking (CTU) - 165758,HVAC Seater (2+3),06:10,05h 50m,12:00,4.1,INR 433.4,47 Seats available
Chandigarh to Amritsar,https://www.redbus.in/bus-tickets/chandigarh-to-amritsar,Chandigarh Transport Undertaking (CTU) - 165760,HVAC Seater (2+3),08:21,05h 29m,13:50,3.7,INR 433.4,47 Seats available
Chandigarh to Amritsar,https://www.redbus.in/bus-tickets/chandigarh-to-amritsar,Chandigarh Transport Undertaking (CTU) - 165762,HVAC Seater (2+3),10:35,05h 50m,16:25,3.7,INR 433.4,47 Seats available
Chandigarh to Amritsar,https://www.redbus.in/bus-tickets/chandigarh-to-amritsar,Chandigarh Transport Undertaking (CTU) - 165781,HVAC Seater (2+3),13:28,05h 50m,19:18,3.8,INR 433.4,47 Seats available
Chandigarh to Amritsar,https://www.redbus.in/bus-tickets/chandigarh-to-amritsar,Deltin Travels Pvt Ltd,Bharat Benz A/C Seater /Sleeper (2+1),03:10,04h 50m,08:00,3.7,INR 599,36 Seats available
Chandigarh to Amritsar,https://www.redbus.in/bus-tickets/chandigarh-to-amritsar,Bhawani Travels,A/C Seater / Sleeper (2+2),03:20,03h 20m,06:40,3.9,540,26 Seats available
Chandigarh to Amritsar,https://www.redbus.in/bus-tickets/chandigarh-to-amritsar,Himalayan Nomad Ktc,Volvo A/C Semi Sleeper (2+2),03:30,03h 30m,07:00,3.9,699,41 Seats available
Chandigarh to Amritsar,https://www.redbus.in/bus-tickets/chandigarh-to-amritsar,AdGuardian Travels,Volvo A/C Semi Sleeper (2+2),05:50,03h 20m,09:10,4.5,495,39 Seats available
Chandigarh to Amritsar,https://www.redbus.in/bus-tickets/chandigarh-to-amritsar,Laxmi holidays,Bharat Benz A/C Seater /Sleeper (2+1),03:40,04h 10m,07:50,4.5,572,33 Seats available
Chandigarh to Amritsar,https://www.redbus.in/bus-tickets/chandigarh-to-amritsar,SHRI KRISHNA TRAVELS (JAI SHREE GANESH YATRA CO.),Bharat Benz A/C Seater /Sleeper (2+1),04:00,04h 00m,08:00,5.0,INR 1049,27 Seats available
Chandigarh to Amritsar,https://www.redbus.in/bus-tickets/chandigarh-to-amritsar,Vijay Tour and Travels,Volvo 9600 A/C Sleeper (2+1),04:00,05h 50m,09:50,5.0,INR 999,31 Seats available
Chandigarh to Amritsar,https://www.redbus.in/bus-tickets/chandigarh-to-amritsar,AdMAHARAJA TOUR & TRAVELS,Volvo Multi-Axle I-Shift B11R Semi Sleeper (2+2),05:45,03h 15m,09:00,4.4,495,46 Seats available
Chandigarh to Amritsar,https://www.redbus.in/bus-tickets/chandigarh-to-amritsar,Guardian Travels,Volvo A/C Semi Sleeper (2+2),05:55,03h 15m,09:10,4.6,495,39 Seats available
Chandigarh to Amritsar,https://www.redbus.in/bus-tickets/chandigarh-to-amritsar,SHRI KRISHNA TRAVELS (JAI SHREE GANESH YATRA CO.),Bharat Benz A/C Seater /Sleeper (2+1),04:15,03h 45m,08:00,5.0,INR 1049,27 Seats available
Chandigarh to Amritsar,https://www.redbus.in/bus-tickets/chandigarh-to-amritsar,Laxmi holidays,Bharat Benz A/C Sleeper (2+1),04:25,04h 35m,09:00,4.6,693,36 Seats available
Chandigarh to Amritsar,https://www.redbus.in/bus-tickets/chandigarh-to-amritsar,Vijay Tour and Travels,Volvo 9600 A/C Sleeper (2+1),05:00,04h 50m,09:50,3.2,INR 699,35 Seats available
Chandigarh to Amritsar,https://www.redbus.in/bus-tickets/chandigarh-to-amritsar,MAHARAJA TOUR & TRAVELS,Volvo Multi-Axle I-Shift B11R Semi Sleeper (2+2),06:00,03h 00m,09:00,4.5,495,46 Seats available
Chandigarh to Amritsar,https://www.redbus.in/bus-tickets/chandigarh-to-amritsar,Laxmi holidays,Bharat Benz A/C Sleeper (2+1),05:00,04h 40m,09:40,4.2,693,17 Seats available
Chandigarh to Amritsar,https://www.redbus.in/bus-tickets/chandigarh-to-amritsar,Laxmi holidays,Bharat Benz A/C Sleeper (2+1),05:10,04h 20m,09:30,4.5,693,30 Seats available
Chandigarh to Amritsar,https://www.redbus.in/bus-tickets/chandigarh-to-amritsar,MAHARAJA TOUR & TRAVELS,Volvo AC Seater Pushback 2+2,13:30,04h 10m,17:40,4.5,495,31 Seats available
Chandigarh to Amritsar,https://www.redbus.in/bus-tickets/chandigarh-to-amritsar,Orbit Aviation Pvt. Ltd.,Mercedes Multi-Axle Semi Sleeper (2+2),05:30,03h 15m,08:45,4.2,INR 714,44 Seats available
Chandigarh to Amritsar,https://www.redbus.in/bus-tickets/chandigarh-to-amritsar,MAHARAJA TOUR & TRAVELS,Volvo AC Seater Pushback 2+2,13:50,03h 50m,17:40,4.5,495,32 Seats available
Chandigarh to Amritsar,https://www.redbus.in/bus-tickets/chandigarh-to-amritsar,Orbit Aviation Pvt. Ltd.,Mercedes Multi-Axle Semi Sleeper (2+2),06:40,04h 20m,11:00,3.4,INR 714,47 Seats available
Chandigarh to Amritsar,https://www.redbus.in/bus-tickets/chandigarh-to-amritsar,Orbit Aviation Pvt. Ltd.,Mercedes Multi-Axle Semi Sleeper (2+2),07:40,04h 10m,11:50,3.4,INR 714,48 Seats available
Chandigarh to Amritsar,https://www.redbus.in/bus-tickets/chandigarh-to-amritsar,NueGo,Electric A/C Seater (2+2),10:10,03h 55m,14:05,4.4,INR 446,32 Seats available
Chandigarh to Amritsar,https://www.redbus.in/bus-tickets/chandigarh-to-amritsar,Guardian Tour and Travels,Volvo A/C Semi Sleeper (2+2 ),14:59,03h 31m,18:30,4.5,495,36 Seats available
Chandigarh to Amritsar,https://www.redbus.in/bus-tickets/chandigarh-to-amritsar,Orbit Aviation Pvt. Ltd.,Mercedes Multi-Axle Semi Sleeper (2+2),13:25,04h 20m,17:45,3.5,INR 667,45 Seats available
Chandigarh to Amritsar,https://www.redbus.in/bus-tickets/chandigarh-to-amritsar,Guardian Tour and Travels,Volvo A/C Semi Sleeper (2+2 ),15:00,03h 30m,18:30,4.2,495,36 Seats available
Chandigarh to Amritsar,https://www.redbus.in/bus-tickets/chandigarh-to-amritsar,Khurana Bus Service,Volvo A/C (2+2),16:55,04h 05m,21:00,3.3,595,39 Seats available
Chandigarh to Amritsar,https://www.redbus.in/bus-tickets/chandigarh-to-amritsar,Orbit Aviation Pvt. Ltd.,Bharat Benz A/C Seater (2+2),14:20,04h 10m,18:30,3.9,INR 399,43 Seats available
Chandigarh to Amritsar,https://www.redbus.in/bus-tickets/chandigarh-to-amritsar,Orbit Aviation Pvt. Ltd.,Mercedes Multi-Axle Semi Sleeper (2+2),16:25,04h 25m,20:50,3.0,INR 714,49 Seats available
Chandigarh to Amritsar,https://www.redbus.in/bus-tickets/chandigarh-to-amritsar,NueGo,Electric A/C Seater (2+2),18:15,04h 00m,22:15,4.1,INR 446,39 Seats available
Chandigarh to Amritsar,https://www.redbus.in/bus-tickets/chandigarh-to-amritsar,Muskan Tour And Travels private Limited,Volvo Multi-Axle I-Shift B11R Semi Sleeper (2+2),02:50,03h 40m,06:30,1.9,799,16 Seats available
Chandigarh to Amritsar,https://www.redbus.in/bus-tickets/chandigarh-to-amritsar,Golden Temple Express Volvo,Volvo Multi-Axle A/C Semi Sleeper (2+2),03:45,03h 50m,07:35,2.9,899,13 Seats available
Chandigarh to Amritsar,https://www.redbus.in/bus-tickets/chandigarh-to-amritsar,Golden Temple Express Volvo,Volvo Multi-Axle A/C Semi Sleeper (2+2),03:50,04h 20m,08:10,1.0,899,17 Seats available
Chandigarh to Amritsar,https://www.redbus.in/bus-tickets/chandigarh-to-amritsar,Muskan Tour And Travels private Limited,Volvo Multi-Axle I-Shift B11R Semi Sleeper (2+2),02:50,03h 40m,06:30,1.0,799,27 Seats available
Chandigarh to Amritsar,https://www.redbus.in/bus-tickets/chandigarh-to-amritsar,Abtc Tour and Travels,Bharat Benz A/C Semi Sleeper (2+2),04:30,02h 10m,06:40,1.8,INR 750,32 Seats available
Chandigarh to Amritsar,https://www.redbus.in/bus-tickets/chandigarh-to-amritsar,Raj Transport,Non AC Seater (2+3),11:50,05h 40m,17:30,2.0,INR 285,51 Seats available
Chandigarh to Amritsar,https://www.redbus.in/bus-tickets/chandigarh-to-amritsar,Orbit Aviation Pvt. Ltd.,Mercedes Multi-Axle Semi Sleeper (2+2),12:40,04h 45m,17:25,2.8,INR 650,49 Seats available
Chandigarh to Amritsar,https://www.redbus.in/bus-tickets/chandigarh-to-amritsar,Orbit Aviation Pvt. Ltd.,Mercedes Multi-Axle Semi Sleeper (2+2),15:40,04h 35m,20:15,2.8,INR 650,49 Seats available
Rohtak to Chandigarh,https://www.redbus.in/bus-tickets/rohtak-to-chandigarh,Chandigarh Transport Undertaking (CTU) - 165731,HVAC Seater (2+3),06:50,05h 30m,12:20,4.0,INR 404.76,47 Seats available
Rohtak to Chandigarh,https://www.redbus.in/bus-tickets/rohtak-to-chandigarh,Chandigarh Transport Undertaking (CTU) - 165729,HVAC Seater (2+3),14:00,05h 35m,19:35,4.1,INR 404.76,45 Seats available
Rohtak to Chandigarh,https://www.redbus.in/bus-tickets/rohtak-to-chandigarh,Vijay Tour and Travels,Bharat Benz A/C Seater /Sleeper (2+1),02:00,04h 30m,06:30,4.6,INR 899,24 Seats available
Rohtak to Chandigarh,https://www.redbus.in/bus-tickets/rohtak-to-chandigarh,Shree Raj Akanshi travels,Bharat Benz A/C Seater /Sleeper (2+1),02:30,03h 30m,06:00,4.1,INR 1099,13 Seats available
Rohtak to Chandigarh,https://www.redbus.in/bus-tickets/rohtak-to-chandigarh,Vijay Tour and Travels,Bharat Benz A/C Seater / Sleeper (2+2),05:00,04h 40m,09:40,3.8,INR 1349,42 Seats available
Rohtak to Chandigarh,https://www.redbus.in/bus-tickets/rohtak-to-chandigarh,Hari Das Tour &Travels,Bharat Benz A/C Seater /Sleeper (2+1),23:55,04h 30m,04:25,3.5,1249,34 Seats available
Rohtak to Chandigarh,https://www.redbus.in/bus-tickets/rohtak-to-chandigarh,Vijay Tour and Travels,Bharat Benz A/C Seater /Sleeper (2+1),02:30,04h 20m,06:50,2.3,INR 700,11 Seats available
Rohtak to Chandigarh,https://www.redbus.in/bus-tickets/rohtak-to-chandigarh,Vijay Tour and Travels,Bharat Benz A/C Seater /Sleeper (2+1),03:20,04h 10m,07:30,1.2,INR 949,40 Seats available
Narnaul to Chandigarh,https://www.redbus.in/bus-tickets/narnaul-to-chandigarh,Chandigarh Transport Undertaking (CTU) - 165855,HVAC Seater (2+3),17:00,06h 00m,23:00,4.5,INR 542.8,47 Seats available
Narnaul to Chandigarh,https://www.redbus.in/bus-tickets/narnaul-to-chandigarh,GK Travels,A/C Seater/Sleeper (2+1),00:15,05h 45m,06:00,4.4,INR 1199,35 Seats available
Narnaul to Chandigarh,https://www.redbus.in/bus-tickets/narnaul-to-chandigarh,Vijay Tour and Travels,Volvo Multi Axle Sleeper B11R (2+1),00:40,04h 50m,05:30,5.0,INR 1799,36 Seats available
Narnaul to Chandigarh,https://www.redbus.in/bus-tickets/narnaul-to-chandigarh,Hari Das Tour &Travels,Bharat Benz A/C Seater /Sleeper (2+1),22:40,05h 45m,04:25,3.1,1099,31 Seats available
Narnaul to Chandigarh,https://www.redbus.in/bus-tickets/narnaul-to-chandigarh,Vijay Tour and Travels,Bharat Benz A/C Seater / Sleeper (2+2),03:00,06h 40m,09:40,2.4,INR 1499,16 Seats available
Narnaul to Chandigarh,https://www.redbus.in/bus-tickets/narnaul-to-chandigarh,Vijay Tour and Travels,Volvo Multi Axle Sleeper B11R (2+1),01:35,03h 55m,05:30,1.0,INR 1799,19 Seats available
Chandigarh to Haridwar,https://www.redbus.in/bus-tickets/chandigarh-to-haridwar,HRTC - 6704,Ordinary 3+2 Non AC Seater,17:30,06h 45m,00:15,1.0,INR 314,34 Seats available
Chandigarh to Haridwar,https://www.redbus.in/bus-tickets/chandigarh-to-haridwar,HRTC - 752,Ordinary 3+2 Non AC Seater,22:00,07h 30m,05:30,3.9,INR 401,27 Seats available
Chandigarh to Haridwar,https://www.redbus.in/bus-tickets/chandigarh-to-haridwar,HRTC - 228,Ordinary 3+2 Non AC Seater,22:55,05h 05m,04:00,3.9,INR 309,37 Seats available
Chandigarh to Haridwar,https://www.redbus.in/bus-tickets/chandigarh-to-haridwar,Chandigarh Transport Undertaking (CTU) - 165962,HVAC Seater (2+3),13:40,05h 50m,19:30,4.0,INR 447.6,46 Seats available
Chandigarh to Haridwar,https://www.redbus.in/bus-tickets/chandigarh-to-haridwar,Om Sidh Express,Volvo A/C Semi Sleeper (2+2),00:30,02h 30m,03:00,3.5,1378,2 Seats available
Chandigarh to Haridwar,https://www.redbus.in/bus-tickets/chandigarh-to-haridwar,Laxmi holidays,Bharat Benz A/C Seater /Sleeper (2+1),00:50,05h 10m,06:00,4.0,994,29 Seats available
Chandigarh to Haridwar,https://www.redbus.in/bus-tickets/chandigarh-to-haridwar,City Land Travels,A/C Seater/Sleeper (2+1),04:15,04h 45m,09:00,3.5,566,29 Seats available
Chandigarh to Haridwar,https://www.redbus.in/bus-tickets/chandigarh-to-haridwar,Laxmi holidays,Bharat Benz A/C Seater /Sleeper (2+1),04:20,05h 10m,09:30,4.6,1186,19 Seats available
Chandigarh to Haridwar,https://www.redbus.in/bus-tickets/chandigarh-to-haridwar,Shree Mahaveer Travels Jaipur,Bharat Benz A/C Seater /Sleeper (2+1),22:00,05h 15m,03:15,3.8,INR 1099,26 Seats available
Chandigarh to Haridwar,https://www.redbus.in/bus-tickets/chandigarh-to-haridwar,Zimindara Travels,AC Sleeper (2+1),22:55,05h 30m,04:25,4.3,INR 1049,35 Seats available
Chandigarh to Haridwar,https://www.redbus.in/bus-tickets/chandigarh-to-haridwar,Vijay Tour and Travels,Volvo 9600 A/C Sleeper (2+1),23:30,05h 00m,04:30,4.4,INR 949,3 Seats available
Chandigarh to Haridwar,https://www.redbus.in/bus-tickets/chandigarh-to-haridwar,SHRI KRISHNA TRAVELS (JAI SHREE GANESH YATRA CO.),Bharat Benz A/C Seater /Sleeper (2+1),23:30,06h 05m,05:35,3.7,INR 1399,32 Seats available
Chandigarh to Haridwar,https://www.redbus.in/bus-tickets/chandigarh-to-haridwar,Laxmi holidays,VE A/C Semi Sleeper (2+2),23:55,06h 35m,06:30,4.6,1044,44 Seats available
Chandigarh to Haridwar,https://www.redbus.in/bus-tickets/chandigarh-to-haridwar,SHRI KRISHNA TRAVELS (JAI SHREE GANESH YATRA CO.),Bharat Benz A/C Seater /Sleeper (2+1),23:55,05h 40m,05:35,4.1,INR 1399,32 Seats available
Chandigarh to Haridwar,https://www.redbus.in/bus-tickets/chandigarh-to-haridwar,Vijay Tour and Travels,Bharat Benz A/C Seater /Sleeper (2+1),21:30,05h 10m,02:40,1.0,INR 899,20 Seats available
Chandigarh to Haridwar,https://www.redbus.in/bus-tickets/chandigarh-to-haridwar,City Land Travels,Volvo A/C Semi Sleeper (2+2),23:55,10h 00m,09:55,1.8,1339,40 Seats available
Chandigarh to Haridwar,https://www.redbus.in/bus-tickets/chandigarh-to-haridwar,Vijay Tour and Travels,Bharat Benz A/C Seater /Sleeper (2+1),00:20,04h 10m,04:30,1.0,INR 1599,5 Seats available
Hisar (Haryana) to Chandigarh,https://www.redbus.in/bus-tickets/hisar-haryana-to-chandigarh,Chandigarh Transport Undertaking (CTU) - 165850,HVAC Seater (2+3),12:30,05h 50m,18:20,4.0,INR 423.85,47 Seats available
Hisar (Haryana) to Chandigarh,https://www.redbus.in/bus-tickets/hisar-haryana-to-chandigarh,Vijay Tour and Travels,Bharat Benz A/C Seater /Sleeper (2+1),02:00,03h 50m,05:50,4.0,INR 1200,27 Seats available
Hisar (Haryana) to Chandigarh,https://www.redbus.in/bus-tickets/hisar-haryana-to-chandigarh,Milan Travels,A/C Seater / Sleeper (2+1),01:15,04h 30m,05:45,2.9,INR 665,13 Seats available
Hisar (Haryana) to Chandigarh,https://www.redbus.in/bus-tickets/hisar-haryana-to-chandigarh,Rathore Sonal Travels,A/C Seater/Sleeper (2+1),02:00,03h 40m,05:40,1.0,759,14 Seats available
Chandigarh to Hisar (Haryana),https://www.redbus.in/bus-tickets/chandigarh-to-hisar-haryana,Chandigarh Transport Undertaking (CTU) - 165849,HVAC Seater (2+3),06:10,05h 50m,12:00,4.8,INR 423.85,44 Seats available
Chandigarh to Hisar (Haryana),https://www.redbus.in/bus-tickets/chandigarh-to-hisar-haryana,Vijay Tour and Travels,Bharat Benz A/C Seater /Sleeper (2+1),17:30,04h 35m,22:05,2.2,INR 900,33 Seats available
Chandigarh to Hisar (Haryana),https://www.redbus.in/bus-tickets/chandigarh-to-hisar-haryana,Vijay Tour and Travels,Bharat Benz A/C Sleeper (2+1),20:00,04h 20m,00:20,3.7,1139,26 Seats available
Chandigarh to Hisar (Haryana),https://www.redbus.in/bus-tickets/chandigarh-to-hisar-haryana,,,,,,,,
Chandigarh to Rishikesh,https://www.redbus.in/bus-tickets/chandigarh-to-rishikesh,Chandigarh Transport Undertaking (CTU) - 165956,HVAC Seater (2+3),05:30,06h 30m,12:00,4.1,INR 506.8,47 Seats available
Chandigarh to Rishikesh,https://www.redbus.in/bus-tickets/chandigarh-to-rishikesh,Laxmi holidays,Bharat Benz A/C Seater /Sleeper (2+1),00:50,05h 10m,06:00,5.0,994,29 Seats available
Chandigarh to Rishikesh,https://www.redbus.in/bus-tickets/chandigarh-to-rishikesh,Laxmi holidays,Bharat Benz A/C Seater /Sleeper (2+1),04:20,05h 35m,09:55,4.5,1186,19 Seats available
Chandigarh to Rishikesh,https://www.redbus.in/bus-tickets/chandigarh-to-rishikesh,,,,,,,,
Chandigarh to Rishikesh,https://www.redbus.in/bus-tickets/chandigarh-to-rishikesh,,,,,,,,
Rishikesh to Chandigarh,https://www.redbus.in/bus-tickets/rishikesh-to-chandigarh,Chandigarh Transport Undertaking (CTU) - 165957,HVAC Seater (2+3),13:45,06h 30m,20:15,4.0,INR 506.8,47 Seats available
Rishikesh to Chandigarh,https://www.redbus.in/bus-tickets/rishikesh-to-chandigarh,Gola Bus Service,VE A/C Seater / Sleeper (2+1),10:50,13h 15m,00:05,4.4,INR 1599,10 Seats available
Rishikesh to Chandigarh,https://www.redbus.in/bus-tickets/rishikesh-to-chandigarh,Zimindara Travels,AC Sleeper (2+1),16:45,06h 15m,23:00,3.7,INR 1099,32 Seats available
Rishikesh to Chandigarh,https://www.redbus.in/bus-tickets/rishikesh-to-chandigarh,,,,,,,,
Rishikesh to Chandigarh,https://www.redbus.in/bus-tickets/rishikesh-to-chandigarh,,,,,,,,
Haldwani to Chandigarh,https://www.redbus.in/bus-tickets/haldwani-to-chandigarh,Chandigarh Transport Undertaking (CTU) - 165937,HVAC Seater (2+3),06:20,12h 25m,18:45,2.6,INR 950.5,45 Seats available
Haldwani to Chandigarh,https://www.redbus.in/bus-tickets/haldwani-to-chandigarh,Shree Mahaveer Travels Jaipur,Bharat Benz A/C Seater /Sleeper (2+1),19:00,10h 40m,05:40,4.1,INR 999,24 Seats available
Haldwani to Chandigarh,https://www.redbus.in/bus-tickets/haldwani-to-chandigarh,Vijay Tour and Travels,Bharat Benz A/C Seater /Sleeper (2+1),19:20,10h 10m,05:30,3.8,INR 999,35 Seats available
Haldwani to Chandigarh,https://www.redbus.in/bus-tickets/haldwani-to-chandigarh,,,,,,,,
Haldwani to Chandigarh,https://www.redbus.in/bus-tickets/haldwani-to-chandigarh,,,,,,,,
Chandigarh to Jawala Ji,https://www.redbus.in/bus-tickets/chandigarh-to-jawala-ji,HRTC - 1564,Ordinary 3+2 Non AC Seater,12:15,05h 15m,17:30,3.9,INR 325,24 Seats available
Chandigarh to Jawala Ji,https://www.redbus.in/bus-tickets/chandigarh-to-jawala-ji,HRTC - 1514,Ordinary 3+2 Non AC Seater,16:00,05h 45m,21:45,3.9,INR 343,37 Seats available
Chandigarh to Jawala Ji,https://www.redbus.in/bus-tickets/chandigarh-to-jawala-ji,HRTC - 573,Ordinary 3+2 Non AC Seater,19:40,04h 35m,00:15,4.0,INR 343,34 Seats available
Chandigarh to Jawala Ji,https://www.redbus.in/bus-tickets/chandigarh-to-jawala-ji,HRTC - 1524,Ordinary 3+2 Non AC Seater,22:00,04h 45m,02:45,1.0,INR 325,27 Seats available
Chandigarh to Jawala Ji,https://www.redbus.in/bus-tickets/chandigarh-to-jawala-ji,,,,,,,,
Chandigarh to Jawala Ji,https://www.redbus.in/bus-tickets/chandigarh-to-jawala-ji,,,,,,,,
Chandigarh to Jawala Ji,https://www.redbus.in/bus-tickets/chandigarh-to-jawala-ji,,,,,,,,
Chandigarh to Jawala Ji,https://www.redbus.in/bus-tickets/chandigarh-to-jawala-ji,,,,,,,,
Chandigarh to Jawala Ji,https://www.redbus.in/bus-tickets/chandigarh-to-jawala-ji,,,,,,,,
Chandigarh to Jawala Ji,https://www.redbus.in/bus-tickets/chandigarh-to-jawala-ji,,,,,,,,
Chandigarh to Jammu (j and k),https://www.redbus.in/bus-tickets/chandigarh-to-jammu,Chandigarh Transport Undertaking (CTU) - 165940,HVAC Seater (2+3),15:40,09h 25m,01:05,3.6,INR 638.8,46 Seats available
Chandigarh to Jammu (j and k),https://www.redbus.in/bus-tickets/chandigarh-to-jammu,Laxmi holidays,Bharat Benz A/C Seater /Sleeper (2+1),22:50,07h 10m,06:00,4.5,931,45 Seats available
Chandigarh to Jammu (j and k),https://www.redbus.in/bus-tickets/chandigarh-to-jammu,Laxmi holidays,Bharat Benz A/C Seater /Sleeper (2+1),23:05,06h 55m,06:00,4.5,694,42 Seats available
Chandigarh to Jammu (j and k),https://www.redbus.in/bus-tickets/chandigarh-to-jammu,,,,,,,,
Chandigarh to Jammu (j and k),https://www.redbus.in/bus-tickets/chandigarh-to-jammu,,,,,,,,
Firozpur to Chandigarh,https://www.redbus.in/bus-tickets/ferozpur-to-chandigarh,Chandigarh Transport Undertaking (CTU) - 165790,HVAC Seater (2+3),13:18,05h 20m,18:38,4.0,INR 442.9,47 Seats available
Firozpur to Chandigarh,https://www.redbus.in/bus-tickets/ferozpur-to-chandigarh,Orbit Aviation Pvt. Ltd.,Mercedes Multi-Axle Semi Sleeper (2+2),05:00,04h 05m,09:05,4.6,INR 666,49 Seats available
Firozpur to Chandigarh,https://www.redbus.in/bus-tickets/ferozpur-to-chandigarh,Jujhar Travels,Mercedes A/C Seater (2+2),05:30,04h 00m,09:30,4.5,600,45 Seats available
Firozpur to Chandigarh,https://www.redbus.in/bus-tickets/ferozpur-to-chandigarh,,,,,,,,
Firozpur to Chandigarh,https://www.redbus.in/bus-tickets/ferozpur-to-chandigarh,,,,,,,,
Hansi to Chandigarh,https://www.redbus.in/bus-tickets/hansi-to-chandigarh,Chandigarh Transport Undertaking (CTU) - 165857,HVAC Seater (2+3),13:30,06h 00m,19:30,3.6,INR 400,47 Seats available
Chandigarh to Firozpur,https://www.redbus.in/bus-tickets/chandigarh-to-ferozpur,Chandigarh Transport Undertaking (CTU) - 165789,HVAC Seater (2+3),07:31,05h 19m,12:50,3.7,INR 409.5,46 Seats available
Chandigarh to Firozpur,https://www.redbus.in/bus-tickets/chandigarh-to-ferozpur,Jujhar Travels,Non AC Seater (2+3),06:04,06h 10m,12:14,4.2,INR 310,47 Seats available
Chandigarh to Firozpur,https://www.redbus.in/bus-tickets/chandigarh-to-ferozpur,Jujhar Travels,Mercedes A/C Seater (2+2),08:00,04h 15m,12:15,4.5,INR 650,50 Seats available
Chandigarh to Firozpur,https://www.redbus.in/bus-tickets/chandigarh-to-ferozpur,,,,,,,,
Chandigarh to Firozpur,https://www.redbus.in/bus-tickets/chandigarh-to-ferozpur,,,,,,,,
