Route_Name,Route_Link,Bus_Name,Bus_Type,Departing_Time,Duration,Reaching_Time,Star_Rating,Price,Seat_Availability
Chamba (Himachal Pradesh) to Chandigarh,https://www.redbus.in/bus-tickets/chamba-himachal-pradesh-to-chandigarh,HRTC - 1003,Ordinary 3+2 Non AC Seater,14:30,11h 50m,02:20,3.9,INR 661,37 Seats available
Chamba (Himachal Pradesh) to Chandigarh,https://www.redbus.in/bus-tickets/chamba-himachal-pradesh-to-chandigarh,HRTC - 1002,Ordinary 3+2 Non AC Seater,15:00,12h 15m,03:15,3.9,INR 637,37 Seats available
Chamba (Himachal Pradesh) to Chandigarh,https://www.redbus.in/bus-tickets/chamba-himachal-pradesh-to-chandigarh,HRTC - 1024,A/C Executive (2+3),16:20,11h 55m,04:15,3.7,INR 692,42 Seats available
Chamba (Himachal Pradesh) to Chandigarh,https://www.redbus.in/bus-tickets/chamba-himachal-pradesh-to-chandigarh,,,,,,,,
Chamba (Himachal Pradesh) to Chandigarh,https://www.redbus.in/bus-tickets/chamba-himachal-pradesh-to-chandigarh,,,,,,,,
Delhi to Hamirpur (Himachal Pradesh),https://www.redbus.in/bus-tickets/delhi-to-hamirpur-himachal-pradesh,HRTC - 165,Himsuta AC Seater Volvo/Scania 2+2,07:00,10h 10m,17:10,4.5,INR 1068,4 Seats available
Delhi to Hamirpur (Himachal Pradesh),https://www.redbus.in/bus-tickets/delhi-to-hamirpur-himachal-pradesh,HRTC - 1468,Ordinary 3+2 Non AC Seater,09:15,12h 05m,21:20,3.2,INR 567,36 Seats available
Delhi to Hamirpur (Himachal Pradesh),https://www.redbus.in/bus-tickets/delhi-to-hamirpur-himachal-pradesh,HRTC - 416,Ordinary 3+2 Non AC Seater,17:10,11h 05m,04:15,4.5,INR 634,34 Seats available
Delhi to Hamirpur (Himachal Pradesh),https://www.redbus.in/bus-tickets/delhi-to-hamirpur-himachal-pradesh,,,,,,,,
Delhi to Hamirpur (Himachal Pradesh),https://www.redbus.in/bus-tickets/delhi-to-hamirpur-himachal-pradesh,,,,,,,,
Delhi to Hamirpur (Himachal Pradesh),https://www.redbus.in/bus-tickets/delhi-to-hamirpur-himachal-pradesh,,,,,,,,
Delhi to Hamirpur (Himachal Pradesh),https://www.redbus.in/bus-tickets/delhi-to-hamirpur-himachal-pradesh,,,,,,,,
Delhi to Hamirpur (Himachal Pradesh),https://www.redbus.in/bus-tickets/delhi-to-hamirpur-himachal-pradesh,,,,,,,,
Delhi to Hamirpur (Himachal Pradesh),https://www.redbus.in/bus-tickets/delhi-to-hamirpur-himachal-pradesh,,,,,,,,
Delhi to Hamirpur (Himachal Pradesh),https://www.redbus.in/bus-tickets/delhi-to-hamirpur-himachal-pradesh,,,,,,,,
Chamba (Himachal Pradesh) to Delhi,https://www.redbus.in/bus-tickets/chamba-himachal-pradesh-to-delhi,HRTC - 1017,Ordinary 3+2 Non AC Seater,12:50,17h 10m,06:00,3.6,INR 876,36 Seats available
Chamba (Himachal Pradesh) to Delhi,https://www.redbus.in/bus-tickets/chamba-himachal-pradesh-to-delhi,HRTC - 1002,Ordinary 3+2 Non AC Seater,15:00,17h 30m,08:30,3.9,INR 907,37 Seats available
Chamba (Himachal Pradesh) to Delhi,https://www.redbus.in/bus-tickets/chamba-himachal-pradesh-to-delhi,HRTC - 1024,A/C Executive (2+3),16:20,16h 15m,08:35,3.2,INR 1062,42 Seats available
Chamba (Himachal Pradesh) to Delhi,https://www.redbus.in/bus-tickets/chamba-himachal-pradesh-to-delhi,,,,,,,,
Delhi to Solan,https://www.redbus.in/bus-tickets/delhi-to-solan,HRTC - 69,Himsuta AC Seater Volvo/Scania 2+2,00:40,06h 50m,07:30,4.4,INR 741,14 Seats available
Delhi to Solan,https://www.redbus.in/bus-tickets/delhi-to-solan,HRTC - 2100720,Ordinary 3+2 Non AC Seater,05:00,08h 30m,13:30,1.0,INR 409,37 Seats available
Delhi to Solan,https://www.redbus.in/bus-tickets/delhi-to-solan,HRTC - 6,Himsuta AC Seater Volvo/Scania 2+2,06:45,08h 15m,15:00,4.2,INR 741,34 Seats available
Delhi to Solan,https://www.redbus.in/bus-tickets/delhi-to-solan,,,,,,,,
Delhi to Solan,https://www.redbus.in/bus-tickets/delhi-to-solan,,,,,,,,
Delhi to Solan,https://www.redbus.in/bus-tickets/delhi-to-solan,,,,,,,,
Delhi to Solan,https://www.redbus.in/bus-tickets/delhi-to-solan,,,,,,,,
Delhi to Solan,https://www.redbus.in/bus-tickets/delhi-to-solan,,,,,,,,
Delhi to Solan,https://www.redbus.in/bus-tickets/delhi-to-solan,,,,,,,,
Delhi to Solan,https://www.redbus.in/bus-tickets/delhi-to-solan,,,,,,,,
Baddi (Himachal Pradesh) to Delhi,https://www.redbus.in/bus-tickets/baddi-himachal-pradesh-to-delhi,HRTC - 6708,Ordinary 3+2 Non AC Seater,05:30,07h 40m,13:10,1.7,INR 315,36 Seats available
Baddi (Himachal Pradesh) to Delhi,https://www.redbus.in/bus-tickets/baddi-himachal-pradesh-to-delhi,HRTC - 6753,Ordinary 3+2 Non AC Seater,10:20,07h 10m,17:30,4.6,INR 325,35 Seats available
Baddi (Himachal Pradesh) to Delhi,https://www.redbus.in/bus-tickets/baddi-himachal-pradesh-to-delhi,HRTC - 6649,A/C Executive (2+3),13:15,07h 15m,20:30,3.3,INR 430,43 Seats available
Baddi (Himachal Pradesh) to Delhi,https://www.redbus.in/bus-tickets/baddi-himachal-pradesh-to-delhi,,,,,,,,
Baddi (Himachal Pradesh) to Delhi,https://www.redbus.in/bus-tickets/baddi-himachal-pradesh-to-delhi,,,,,,,,
Manali to Chandigarh,https://www.redbus.in/bus-tickets/manali-to-chandigarh,HRTC - 783,A/C Executive (2+3),00:40,08h 40m,09:20,2.0,INR 608,41 Seats available
Manali to Chandigarh,https://www.redbus.in/bus-tickets/manali-to-chandigarh,HRTC - 30,Himsuta AC Seater Volvo/Scania 2+2,08:00,07h 00m,15:00,4.1,INR 965,26 Seats available
Manali to Chandigarh,https://www.redbus.in/bus-tickets/manali-to-chandigarh,HRTC - 791,Ordinary 3+2 Non AC Seater,08:40,11h 00m,19:40,4.0,INR 564,28 Seats available
Manali to Chandigarh,https://www.redbus.in/bus-tickets/manali-to-chandigarh,HRTC - 804,,09:38,09h 22m,19:00,,INR 569,
Manali to Chandigarh,https://www.redbus.in/bus-tickets/manali-to-chandigarh,,,,,,,,
Manali to Chandigarh,https://www.redbus.in/bus-tickets/manali-to-chandigarh,,,,,,,,
Manali to Chandigarh,https://www.redbus.in/bus-tickets/manali-to-chandigarh,,,,,,,,
Manali to Chandigarh,https://www.redbus.in/bus-tickets/manali-to-chandigarh,,,,,,,,
Manali to Chandigarh,https://www.redbus.in/bus-tickets/manali-to-chandigarh,,,,,,,,
Manali to Chandigarh,https://www.redbus.in/bus-tickets/manali-to-chandigarh,,,,,,,,
Ghumarwin to Chandigarh,https://www.redbus.in/bus-tickets/ghumarwin-to-chandigarh,HRTC - 401279,Ordinary 3+2 Non AC Seater,05:30,03h 40m,09:10,3.9,INR 240,37 Seats available
Ghumarwin to Chandigarh,https://www.redbus.in/bus-tickets/ghumarwin-to-chandigarh,HRTC - 6651,Ordinary 3+2 Non AC Seater,05:30,03h 50m,09:20,1.0,INR 210,47 Seats available
Ghumarwin to Chandigarh,https://www.redbus.in/bus-tickets/ghumarwin-to-chandigarh,HRTC - 667,Ordinary 3+2 Non AC Seater,05:45,03h 05m,08:50,3.0,INR 218,33 Seats available
Ghumarwin to Chandigarh,https://www.redbus.in/bus-tickets/ghumarwin-to-chandigarh,HRTC - 663,,06:35,02h 55m,09:30,,INR 218,
Ghumarwin to Chandigarh,https://www.redbus.in/bus-tickets/ghumarwin-to-chandigarh,,,,,,,,
Ghumarwin to Chandigarh,https://www.redbus.in/bus-tickets/ghumarwin-to-chandigarh,,,,,,,,
Ghumarwin to Chandigarh,https://www.redbus.in/bus-tickets/ghumarwin-to-chandigarh,,,,,,,,
Ghumarwin to Chandigarh,https://www.redbus.in/bus-tickets/ghumarwin-to-chandigarh,,,,,,,,
Chandigarh to Kullu,https://www.redbus.in/bus-tickets/chandigarh-to-kullu,HRTC - 545,Ordinary 3+2 Non AC Seater,00:20,07h 40m,08:00,3.9,INR 477,37 Seats available
Chandigarh to Kullu,https://www.redbus.in/bus-tickets/chandigarh-to-kullu,HRTC - 306245,Ordinary 3+2 Non AC Seater,04:40,07h 40m,12:20,3.9,INR 477,35 Seats available
Chandigarh to Kullu,https://www.redbus.in/bus-tickets/chandigarh-to-kullu,HRTC - 1545,Ordinary 3+2 Non AC Seater,08:55,07h 05m,16:00,3.9,INR 477,4 Seats available
Chandigarh to Kullu,https://www.redbus.in/bus-tickets/chandigarh-to-kullu,HRTC - 508,,12:00,07h 15m,19:15,3.7,INR 507,
Chandigarh to Kullu,https://www.redbus.in/bus-tickets/chandigarh-to-kullu,,,,,,,,
Chandigarh to Kullu,https://www.redbus.in/bus-tickets/chandigarh-to-kullu,,,,,,,,
Chandigarh to Kullu,https://www.redbus.in/bus-tickets/chandigarh-to-kullu,,,,,,,,
Chandigarh to Kullu,https://www.redbus.in/bus-tickets/chandigarh-to-kullu,,,,,,,,
Chandigarh to Kullu,https://www.redbus.in/bus-tickets/chandigarh-to-kullu,,,,,,,,
Chandigarh to Kullu,https://www.redbus.in/bus-tickets/chandigarh-to-kullu,,,,,,,,
Delhi to Ghumarwin,https://www.redbus.in/bus-tickets/delhi-to-ghumarwin,HRTC - 886,Ordinary 3+2 Non AC Seater,06:20,09h 00m,15:20,4.6,INR 488,37 Seats available
Delhi to Ghumarwin,https://www.redbus.in/bus-tickets/delhi-to-ghumarwin,HRTC - 165,Himsuta AC Seater Volvo/Scania 2+2,07:00,08h 45m,15:45,3.7,INR 916,4 Seats available
Delhi to Ghumarwin,https://www.redbus.in/bus-tickets/delhi-to-ghumarwin,HRTC - 1468,Ordinary 3+2 Non AC Seater,09:15,09h 50m,19:05,4.2,INR 475,37 Seats available
Delhi to Ghumarwin,https://www.redbus.in/bus-tickets/delhi-to-ghumarwin,,,,,,,,
Delhi to Ghumarwin,https://www.redbus.in/bus-tickets/delhi-to-ghumarwin,,,,,,,,
Delhi to Ghumarwin,https://www.redbus.in/bus-tickets/delhi-to-ghumarwin,,,,,,,,
Delhi to Ghumarwin,https://www.redbus.in/bus-tickets/delhi-to-ghumarwin,,,,,,,,
Delhi to Ghumarwin,https://www.redbus.in/bus-tickets/delhi-to-ghumarwin,,,,,,,,
Chamba (Himachal Pradesh) to Shimla,https://www.redbus.in/bus-tickets/chamba-himachal-pradesh-to-shimla,HRTC - 1006,Ordinary 3+2 Non AC Seater,04:00,16h 15m,20:15,3.0,INR 837,37 Seats available
Chamba (Himachal Pradesh) to Shimla,https://www.redbus.in/bus-tickets/chamba-himachal-pradesh-to-shimla,HRTC - 1005,Ordinary 3+2 Non AC Seater,07:00,13h 30m,20:30,2.5,INR 775,27 Seats available
Chamba (Himachal Pradesh) to Shimla,https://www.redbus.in/bus-tickets/chamba-himachal-pradesh-to-shimla,HRTC - 1009,Ordinary 3+2 Non AC Seater,17:00,14h 30m,07:30,3.3,INR 837,37 Seats available
Chamba (Himachal Pradesh) to Shimla,https://www.redbus.in/bus-tickets/chamba-himachal-pradesh-to-shimla,HRTC - 1001,A/C Executive (2+3),17:15,15h 00m,08:15,1.9,INR 924,44 Seats available
Chamba (Himachal Pradesh) to Shimla,https://www.redbus.in/bus-tickets/chamba-himachal-pradesh-to-shimla,,,,,,,,
Chamba (Himachal Pradesh) to Shimla,https://www.redbus.in/bus-tickets/chamba-himachal-pradesh-to-shimla,,,,,,,,
Delhi to Palampur,https://www.redbus.in/bus-tickets/delhi-to-palampur,HRTC - 1139,Ordinary 3+2 Non AC Seater,06:00,13h 00m,19:00,5.0,INR 746,34 Seats available
Delhi to Palampur,https://www.redbus.in/bus-tickets/delhi-to-palampur,HRTC - 165,Himsuta AC Seater Volvo/Scania 2+2,07:00,12h 00m,19:00,3.7,INR 1307,4 Seats available
Delhi to Palampur,https://www.redbus.in/bus-tickets/delhi-to-palampur,HRTC - 562,Ordinary 3+2 Non AC Seater,15:15,13h 15m,04:30,5.0,INR 787,31 Seats available
Delhi to Palampur,https://www.redbus.in/bus-tickets/delhi-to-palampur,,,,,,,,
Delhi to Palampur,https://www.redbus.in/bus-tickets/delhi-to-palampur,,,,,,,,
Delhi to Palampur,https://www.redbus.in/bus-tickets/delhi-to-palampur,,,,,,,,
Delhi to Palampur,https://www.redbus.in/bus-tickets/delhi-to-palampur,,,,,,,,
Delhi to Palampur,https://www.redbus.in/bus-tickets/delhi-to-palampur,,,,,,,,
Delhi to Palampur,https://www.redbus.in/bus-tickets/delhi-to-palampur,,,,,,,,
Delhi to Palampur,https://www.redbus.in/bus-tickets/delhi-to-palampur,,,,,,,,
Chandigarh to Reckong Peo (Himachal Pradesh),https://www.redbus.in/bus-tickets/chandigarh-to-reckong-peo-himachal-pradesh,HRTC - 2080051,Himmani Deluxe 2+2 Non AC Seater,16:50,12h 50m,05:40,4.3,INR 840,27 Seats available
Chandigarh to Reckong Peo (Himachal Pradesh),https://www.redbus.in/bus-tickets/chandigarh-to-reckong-peo-himachal-pradesh,HRTC - 1511,Himmani Deluxe 2+2 Non AC Seater,17:50,12h 45m,06:35,4.1,INR 840,25 Seats available
Chandigarh to Reckong Peo (Himachal Pradesh),https://www.redbus.in/bus-tickets/chandigarh-to-reckong-peo-himachal-pradesh,HRTC - 1509,Ordinary 3+2 Non AC Seater,18:00,12h 20m,06:20,2.8,INR 768,28 Seats available
Bilaspur (Himachal Pradesh) to Delhi,https://www.redbus.in/bus-tickets/bilaspur-himachal-pradesh-to-delhi,HRTC - 759,Himsuta AC Seater Volvo/Scania 2+2,01:10,07h 50m,09:00,4.2,INR 883,34 Seats available
Bilaspur (Himachal Pradesh) to Delhi,https://www.redbus.in/bus-tickets/bilaspur-himachal-pradesh-to-delhi,HRTC - 733,A/C Executive (2+3),09:18,07h 42m,17:00,1.7,INR 594,42 Seats available
Bilaspur (Himachal Pradesh) to Delhi,https://www.redbus.in/bus-tickets/bilaspur-himachal-pradesh-to-delhi,HRTC - 843,Ordinary 3+2 Non AC Seater,17:15,09h 45m,03:00,3.9,INR 452,37 Seats available
Bilaspur (Himachal Pradesh) to Delhi,https://www.redbus.in/bus-tickets/bilaspur-himachal-pradesh-to-delhi,HRTC - 680,Ordinary 3+2 Non AC Seater,19:30,09h 00m,04:30,4.5,INR 469,33 Seats available
Bilaspur (Himachal Pradesh) to Delhi,https://www.redbus.in/bus-tickets/bilaspur-himachal-pradesh-to-delhi,,,,,,,,
Bilaspur (Himachal Pradesh) to Delhi,https://www.redbus.in/bus-tickets/bilaspur-himachal-pradesh-to-delhi,,,,,,,,
Bilaspur (Himachal Pradesh) to Delhi,https://www.redbus.in/bus-tickets/bilaspur-himachal-pradesh-to-delhi,,,,,,,,
Bilaspur (Himachal Pradesh) to Delhi,https://www.redbus.in/bus-tickets/bilaspur-himachal-pradesh-to-delhi,,,,,,,,
Bilaspur (Himachal Pradesh) to Delhi,https://www.redbus.in/bus-tickets/bilaspur-himachal-pradesh-to-delhi,,,,,,,,
Bilaspur (Himachal Pradesh) to Delhi,https://www.redbus.in/bus-tickets/bilaspur-himachal-pradesh-to-delhi,,,,,,,,
Sarkaghat to Delhi,https://www.redbus.in/bus-tickets/sarkaghat-to-delhi,HRTC - 887,Ordinary 3+2 Non AC Seater,06:10,10h 20m,16:30,4.1,INR 589,37 Seats available
Sarkaghat to Delhi,https://www.redbus.in/bus-tickets/sarkaghat-to-delhi,HRTC - 763,Ordinary 3+2 Non AC Seater,17:10,10h 50m,04:00,3.7,INR 600,37 Seats available
Sarkaghat to Delhi,https://www.redbus.in/bus-tickets/sarkaghat-to-delhi,HRTC - 749,Ordinary 3+2 Non AC Seater,18:00,11h 30m,05:30,4.2,INR 637,37 Seats available
Sarkaghat to Delhi,https://www.redbus.in/bus-tickets/sarkaghat-to-delhi,,,,,,,,
Sarkaghat to Delhi,https://www.redbus.in/bus-tickets/sarkaghat-to-delhi,,,,,,,,
