Route_Name,Route_Link,Bus_Name,Bus_Type,Departing_Time,Duration,Reaching_Time,Star_Rating,Price,Seat_Availability
Mendhar (J & K) to Jammu (j and k),https://www.redbus.in/bus-tickets/mendhar-j-k-to-jammu,JKRTC - 170811,Non AC Seater (2+2),06:50,07h 40m,14:30,4.0,INR 434,33 Seats available
Mendhar (J & K) to Jammu (j and k),https://www.redbus.in/bus-tickets/mendhar-j-k-to-jammu,JKRTC - 170813,NON A/C Seater (2+3),07:00,07h 45m,14:45,4.0,INR 334,42 Seats available
Chandigarh to Jammu (j and k),https://www.redbus.in/bus-tickets/chandigarh-to-jammu,Chandigarh Transport Undertaking (CTU) - 165940,HVAC Seater (2+3),15:40,09h 25m,01:05,3.6,INR 638.8,46 Seats available
Chandigarh to Jammu (j and k),https://www.redbus.in/bus-tickets/chandigarh-to-jammu,Laxmi holidays,Bharat Benz A/C Seater /Sleeper (2+1),22:50,07h 10m,06:00,4.5,931,45 Seats available
Chandigarh to Jammu (j and k),https://www.redbus.in/bus-tickets/chandigarh-to-jammu,Laxmi holidays,Bharat Benz A/C Seater /Sleeper (2+1),23:05,06h 55m,06:00,4.5,694,42 Seats available
Chandigarh to Jammu (j and k),https://www.redbus.in/bus-tickets/chandigarh-to-jammu,,,,,,,,
Chandigarh to Jammu (j and k),https://www.redbus.in/bus-tickets/chandigarh-to-jammu,,,,,,,,
Kishtwar to Jammu (j and k),https://www.redbus.in/bus-tickets/kishtwar-to-jammu,JKRTC - 170815,NON A/C Seater (2+3),06:30,08h 00m,14:30,5.0,INR 349,32 Seats available
Kishtwar to Jammu (j and k),https://www.redbus.in/bus-tickets/kishtwar-to-jammu,Manpreet Travels,NON A/C Seater (2+2),08:50,08h 40m,17:30,4.0,INR 400,27 Seats available
Kishtwar to Jammu (j and k),https://www.redbus.in/bus-tickets/kishtwar-to-jammu,Manpreet Travels,NON A/C Seater (2+2),04:00,08h 00m,12:00,2.4,INR 400,27 Seats available
Kishtwar to Jammu (j and k),https://www.redbus.in/bus-tickets/kishtwar-to-jammu,,,,,,,,
Kishtwar to Jammu (j and k),https://www.redbus.in/bus-tickets/kishtwar-to-jammu,,,,,,,,
