Route_Name,Route_Link,Bus_Name,Bus_Type,Departing_Time,Duration,Reaching_Time,Star_Rating,Price,Seat_Availability
Guwahati to Bokolia (assam),https://www.redbus.in/bus-tickets/guwahati-to-bokolia-assam,KAAC TRANSPORT - 157250,Non AC Seater 2+2,11:30,04h 15m,15:45,3.7,INR 299,44 Seats available
Guwahati to Bokolia (assam),https://www.redbus.in/bus-tickets/guwahati-to-bokolia-assam,Kareng Travels,A/C Seater (2+1),09:30,05h 15m,14:45,4.2,INR 300,37 Seats available
Guwahati to Bokolia (assam),https://www.redbus.in/bus-tickets/guwahati-to-bokolia-assam,Kareng Travels,Non AC Seater (2+2),11:45,04h 45m,16:30,4.3,INR 300,45 Seats available
Langhin (assam) to Guwahati,https://www.redbus.in/bus-tickets/langhin-assam-to-guwahati,KAAC TRANSPORT - 157249,Non AC Seater 2+2,05:30,04h 00m,09:30,3.9,INR 266,43 Seats available
Langhin (assam) to Guwahati,https://www.redbus.in/bus-tickets/langhin-assam-to-guwahati,Kareng Travels,Bharat Benz A/C Seater (2+1),11:30,04h 30m,16:00,3.7,INR 300,37 Seats available
Langhin (assam) to Guwahati,https://www.redbus.in/bus-tickets/langhin-assam-to-guwahati,Kareng Travels,Non AC Seater (2+2),05:45,03h 45m,09:30,4.4,INR 300,44 Seats available
Guwahati to Manja (assam),https://www.redbus.in/bus-tickets/guwahati-to-manja-assam,KAAC TRANSPORT - 157250,Non AC Seater 2+2,11:30,05h 30m,17:00,4.5,INR 350,43 Seats available
Guwahati to Manja (assam),https://www.redbus.in/bus-tickets/guwahati-to-manja-assam,Kareng Travels,A/C Seater (2+1),09:30,06h 15m,15:45,3.4,INR 400,37 Seats available
Guwahati to Manja (assam),https://www.redbus.in/bus-tickets/guwahati-to-manja-assam,Kareng Travels,Non AC Seater (2+2),11:45,06h 15m,18:00,3.9,INR 360,44 Seats available
