Route_Name,Route_Link,Bus_Name,Bus_Type,Departing_Time,Duration,Reaching_Time,Star_Rating,Price,Seat_Availability
Goa to Mumbai,https://www.redbus.in/bus-tickets/goa-to-mumbai,Kadamba Transport Corporation Limited (KTCL) - 116186,Volvo AC Seater 2+2,17:00,16h 30m,09:30,4.1,INR 1200,12 Seats available
Goa to Mumbai,https://www.redbus.in/bus-tickets/goa-to-mumbai,Zingbus Plus,VE A/C Sleeper (2+1),20:25,15h 30m,11:55,4.6,1360,22 Seats available
Goa to Mumbai,https://www.redbus.in/bus-tickets/goa-to-mumbai,Zingbus Plus,VE A/C Sleeper (2+1),19:40,14h 35m,10:15,4.4,1089,23 Seats available
Goa to Mumbai,https://www.redbus.in/bus-tickets/goa-to-mumbai,,,,,,,,
Goa to Mumbai,https://www.redbus.in/bus-tickets/goa-to-mumbai,,,,,,,,
Pandharpur to Goa,https://www.redbus.in/bus-tickets/pandharpur-to-goa,Kadamba Transport Corporation Limited (KTCL) - 61005,Non AC Seater 2+2,21:15,12h 45m,10:00,3.3,INR 735,35 Seats available
Pandharpur to Goa,https://www.redbus.in/bus-tickets/pandharpur-to-goa,New Shivbaba Tours And Travels,AC Sleeper (2+1),19:45,10h 45m,06:30,1.6,1044,30 Seats available
Goa to Pandharpur,https://www.redbus.in/bus-tickets/goa-to-pandharpur,Kadamba Transport Corporation Limited (KTCL) - 60996,Non AC Seater 2+2,19:00,12h 00m,07:00,3.0,INR 735,8 Seats available
Goa to Pandharpur,https://www.redbus.in/bus-tickets/goa-to-pandharpur,New Shivbaba Tours And Travels,AC Sleeper (2+1),19:45,07h 25m,03:10,1.0,1424,24 Seats available
Goa to Pandharpur,https://www.redbus.in/bus-tickets/goa-to-pandharpur,New Shivbaba Tours And Travels,AC Sleeper (2+1),18:45,09h 45m,04:30,2.4,2469,14 Seats available
Goa to Pandharpur,https://www.redbus.in/bus-tickets/goa-to-pandharpur,,,,,,,,
Calangute (goa) to Goa Airport,https://www.redbus.in/bus-tickets/calangute-goa-to-goa-airport,Kadamba Transport Corporation Limited (KTCL) - 99716,AC Seater (2+2),10:00,01h 45m,11:45,4.2,INR 200,40 Seats available
Calangute (goa) to Goa Airport,https://www.redbus.in/bus-tickets/calangute-goa-to-goa-airport,Kadamba Transport Corporation Limited (KTCL) - 78627,Volvo AC Seater 2+2,13:30,01h 45m,15:15,3.5,INR 200,40 Seats available
Calangute (goa) to Goa Airport,https://www.redbus.in/bus-tickets/calangute-goa-to-goa-airport,Kadamba Transport Corporation Limited (KTCL) - 99718,AC Seater (2+2),15:30,01h 45m,17:15,4.1,INR 200,39 Seats available
Calangute (goa) to Goa Airport,https://www.redbus.in/bus-tickets/calangute-goa-to-goa-airport,,,,,,,,
Goa to Kolhapur(Maharashtra),https://www.redbus.in/bus-tickets/goa-to-kolhapur-maharashtra,Kadamba Transport Corporation Limited (KTCL) - 6032,Non AC Seater 2+2,18:00,08h 30m,02:30,4.1,INR 450,30 Seats available
Goa to Kolhapur(Maharashtra),https://www.redbus.in/bus-tickets/goa-to-kolhapur-maharashtra,Kadamba Transport Corporation Limited (KTCL) - 60996,Non AC Seater 2+2,19:00,07h 30m,02:30,3.2,INR 420,8 Seats available
Goa to Kolhapur(Maharashtra),https://www.redbus.in/bus-tickets/goa-to-kolhapur-maharashtra,Ashoka Travels,A/C Sleeper (2+1),08:30,06h 20m,14:50,3.5,INR 700,17 Seats available
Goa to Kolhapur(Maharashtra),https://www.redbus.in/bus-tickets/goa-to-kolhapur-maharashtra,URL Travels Neeta,A/C Sleeper (2+1),10:30,06h 30m,17:00,3.5,INR 850,16 Seats available
Goa to Kolhapur(Maharashtra),https://www.redbus.in/bus-tickets/goa-to-kolhapur-maharashtra,KTC Travels (Neeta),AC Sleeper (2+1),12:30,06h 30m,19:00,3.1,INR 700,21 Seats available
Goa to Kolhapur(Maharashtra),https://www.redbus.in/bus-tickets/goa-to-kolhapur-maharashtra,Shri Ganesh Travels,A/C Seater (2+2),14:00,06h 00m,20:00,3.4,INR 999,37 Seats available
Goa to Kolhapur(Maharashtra),https://www.redbus.in/bus-tickets/goa-to-kolhapur-maharashtra,Atmaram Travels (Dolphin),A/C Sleeper (2+1),15:00,06h 44m,21:44,3.7,INR 1299,23 Seats available
Goa to Kolhapur(Maharashtra),https://www.redbus.in/bus-tickets/goa-to-kolhapur-maharashtra,Atmaram Travels (Dolphin),A/C Sleeper (2+1),16:30,06h 30m,23:00,4.5,INR 1299,36 Seats available
Goa to Kolhapur(Maharashtra),https://www.redbus.in/bus-tickets/goa-to-kolhapur-maharashtra,Zingbus Plus,Bharat Benz A/C Sleeper (2+1),18:10,06h 05m,00:15,3.4,1074,23 Seats available
Goa to Kolhapur(Maharashtra),https://www.redbus.in/bus-tickets/goa-to-kolhapur-maharashtra,Atmaram Travels (Dolphin),A/C Sleeper (2+1),16:30,06h 15m,22:45,3.2,INR 1299,24 Seats available
Goa to Kolhapur(Maharashtra),https://www.redbus.in/bus-tickets/goa-to-kolhapur-maharashtra,Giroba Travels (Kelkar),NON A/C Airbus (2+2),18:00,08h 00m,02:00,3.1,INR 500,36 Seats available
Goa to Kolhapur(Maharashtra),https://www.redbus.in/bus-tickets/goa-to-kolhapur-maharashtra,Venkteshwara Travels,A/C Sleeper (2+1),20:30,07h 30m,04:00,4.4,1349,1 Seat available
Goa to Kolhapur(Maharashtra),https://www.redbus.in/bus-tickets/goa-to-kolhapur-maharashtra,Laxmi-Princess Nova,Non A/C Seater / Sleeper (2+1),19:00,06h 30m,01:30,4.6,INR 599,37 Seats available
Goa to Kolhapur(Maharashtra),https://www.redbus.in/bus-tickets/goa-to-kolhapur-maharashtra,IntrCity SmartBus,AC Sleeper (2+1),19:00,06h 15m,01:15,3.6,INR 1330,28 Seats available
Goa to Kolhapur(Maharashtra),https://www.redbus.in/bus-tickets/goa-to-kolhapur-maharashtra,Jolly Tours and Travels,A/C Sleeper (2+1),18:30,07h 15m,01:45,3.4,1349,22 Seats available
Goa to Kolhapur(Maharashtra),https://www.redbus.in/bus-tickets/goa-to-kolhapur-maharashtra,Atmaram Travels(GTA),A/C Sleeper (2+1),19:00,06h 45m,01:45,4.3,INR 1050,29 Seats available
Goa to Kolhapur(Maharashtra),https://www.redbus.in/bus-tickets/goa-to-kolhapur-maharashtra,Laxmi Queen Prime,A/C Sleeper (2+1),19:30,06h 00m,01:30,4.5,INR 1299,24 Seats available
Goa to Kolhapur(Maharashtra),https://www.redbus.in/bus-tickets/goa-to-kolhapur-maharashtra,Zingbus Plus,VE A/C Sleeper (2+1),19:40,06h 05m,01:45,4.0,1139,23 Seats available
Goa to Kolhapur(Maharashtra),https://www.redbus.in/bus-tickets/goa-to-kolhapur-maharashtra,Atmaram Travels (Dolphin),A/C Sleeper (2+1),19:30,07h 00m,02:30,3.4,INR 1000,29 Seats available
Goa to Kolhapur(Maharashtra),https://www.redbus.in/bus-tickets/goa-to-kolhapur-maharashtra,Sai Travels - Yogeshwari,A/C Seater/Sleeper (2+1),19:45,05h 25m,01:10,4.7,INR 1000,33 Seats available
Goa to Kolhapur(Maharashtra),https://www.redbus.in/bus-tickets/goa-to-kolhapur-maharashtra,Zingbus Plus,VE A/C Sleeper (2+1),20:50,05h 35m,02:25,3.9,1286,22 Seats available
Goa to Kolhapur(Maharashtra),https://www.redbus.in/bus-tickets/goa-to-kolhapur-maharashtra,Laxmi Empress Stellar,NON A/C Sleeper (2+1),19:45,06h 00m,01:45,4.0,INR 999,29 Seats available
Goa to Kolhapur(Maharashtra),https://www.redbus.in/bus-tickets/goa-to-kolhapur-maharashtra,Ashray Travels,Non A/C Seater / Sleeper (2+1),20:00,05h 30m,01:30,3.6,INR 800,37 Seats available
Goa to Kolhapur(Maharashtra),https://www.redbus.in/bus-tickets/goa-to-kolhapur-maharashtra,Vaibhav Travels,A/C Sleeper (2+1),20:00,10h 12m,06:12,4.0,INR 1000,18 Seats available
Goa to Kolhapur(Maharashtra),https://www.redbus.in/bus-tickets/goa-to-kolhapur-maharashtra,Laxmi Queen Asta,A/C Sleeper (2+1),20:30,05h 30m,02:00,4.7,INR 1299,30 Seats available
Goa to Kolhapur(Maharashtra),https://www.redbus.in/bus-tickets/goa-to-kolhapur-maharashtra,IntrCity SmartBus,Bharat Benz A/C Seater /Sleeper (2+1),20:30,06h 05m,02:35,4.2,INR 878,33 Seats available
Goa to Kolhapur(Maharashtra),https://www.redbus.in/bus-tickets/goa-to-kolhapur-maharashtra,Indumati Travels,A/C Sleeper (2+1),21:00,05h 45m,02:45,3.3,INR 1400,24 Seats available
Goa to Kolhapur(Maharashtra),https://www.redbus.in/bus-tickets/goa-to-kolhapur-maharashtra,PSR Travels (Vaibhav),A/C Sleeper (2+1),22:30,05h 00m,03:30,4.0,INR 1399,20 Seats available
Goa to Kolhapur(Maharashtra),https://www.redbus.in/bus-tickets/goa-to-kolhapur-maharashtra,Atmaram Travels (Vaibhav),A/C Sleeper (2+1),22:31,06h 30m,05:01,2.5,INR 1299,17 Seats available
Goa to Kolhapur(Maharashtra),https://www.redbus.in/bus-tickets/goa-to-kolhapur-maharashtra,Manish Patil Travels,A/C Sleeper (2+1),15:30,08h 30m,00:00,1.7,INR 1400,30 Seats available
Goa to Kolhapur(Maharashtra),https://www.redbus.in/bus-tickets/goa-to-kolhapur-maharashtra,Atmaram Travels (Dolphin),A/C Sleeper (2+1),15:30,06h 15m,21:45,2.3,INR 1299,26 Seats available
Goa to Kolhapur(Maharashtra),https://www.redbus.in/bus-tickets/goa-to-kolhapur-maharashtra,Manish Travels,NON A/C Seater (2+2),16:45,07h 10m,23:55,2.7,INR 700,32 Seats available
Goa to Kolhapur(Maharashtra),https://www.redbus.in/bus-tickets/goa-to-kolhapur-maharashtra,Naik Tours And Travels,NON A/C Sleeper (2+1),17:00,06h 55m,23:55,1.7,INR 1050,26 Seats available
Goa to Kolhapur(Maharashtra),https://www.redbus.in/bus-tickets/goa-to-kolhapur-maharashtra,Naik Tours And Travels,NON A/C Sleeper (2+1),18:05,05h 50m,23:55,2.0,INR 1150,26 Seats available
Goa to Kolhapur(Maharashtra),https://www.redbus.in/bus-tickets/goa-to-kolhapur-maharashtra,Atmaram Travels (Dolphin),AC Sleeper (2+1),18:30,06h 15m,00:45,2.4,INR 1150,26 Seats available
Goa to Kolhapur(Maharashtra),https://www.redbus.in/bus-tickets/goa-to-kolhapur-maharashtra,"National Travels,Goa",NON A/C Sleeper (2+1),19:00,06h 45m,01:45,2.0,INR 1099,14 Seats available
Goa to Kolhapur(Maharashtra),https://www.redbus.in/bus-tickets/goa-to-kolhapur-maharashtra,New Shivbaba Tours And Travels,AC Sleeper (2+1),19:45,04h 10m,23:55,2.1,1424,30 Seats available
Goa to Kolhapur(Maharashtra),https://www.redbus.in/bus-tickets/goa-to-kolhapur-maharashtra,Atmaram Travels (Shreyas),Bharat Benz A/C Sleeper (2+1),20:03,06h 30m,02:33,4.2,INR 1299,18 Seats available
Goa to Kolhapur(Maharashtra),https://www.redbus.in/bus-tickets/goa-to-kolhapur-maharashtra,Atmaram Travels ( Gogte ),NON A/C Sleeper (2+1),21:15,06h 00m,03:15,5.0,INR 850,30 Seats available
Goa to Kolhapur(Maharashtra),https://www.redbus.in/bus-tickets/goa-to-kolhapur-maharashtra,Atmaram Travels (Dolphin),A/C Sleeper (2+1),14:00,06h 30m,20:30,5.0,INR 1499,25 Seats available
Goa to Kolhapur(Maharashtra),https://www.redbus.in/bus-tickets/goa-to-kolhapur-maharashtra,Zingbus Plus,AC Sleeper (2+1),16:10,04h 40m,20:50,4.5,2538,24 Seats available
Goa to Kolhapur(Maharashtra),https://www.redbus.in/bus-tickets/goa-to-kolhapur-maharashtra,Sharma Travels,Bharat Benz A/C Sleeper (2+1),15:00,07h 00m,22:00,3.0,INR 3200,36 Seats available
Goa to Kolhapur(Maharashtra),https://www.redbus.in/bus-tickets/goa-to-kolhapur-maharashtra,IntrCity SmartBus,AC Sleeper (2+1),15:40,06h 05m,21:45,4.7,INR 2706,21 Seats available
Goa to Kolhapur(Maharashtra),https://www.redbus.in/bus-tickets/goa-to-kolhapur-maharashtra,Atmaram Travels (Vishal),A/C Sleeper (2+1),17:30,06h 25m,23:55,4.0,INR 2099,22 Seats available
Goa to Kolhapur(Maharashtra),https://www.redbus.in/bus-tickets/goa-to-kolhapur-maharashtra,IntrCity SmartBus,AC Sleeper (2+1),18:10,06h 10m,00:20,4.1,INR 2841,20 Seats available
Goa to Kolhapur(Maharashtra),https://www.redbus.in/bus-tickets/goa-to-kolhapur-maharashtra,IntrCity SmartBus,AC Sleeper (2+1),18:30,06h 30m,01:00,4.9,INR 1632,28 Seats available
Goa to Kolhapur(Maharashtra),https://www.redbus.in/bus-tickets/goa-to-kolhapur-maharashtra,PSR Travels Goa,A/C Sleeper (2+1),19:15,06h 00m,01:15,3.2,INR 1899,16 Seats available
Goa to Kolhapur(Maharashtra),https://www.redbus.in/bus-tickets/goa-to-kolhapur-maharashtra,IntrCity SmartBus,AC Sleeper (2+1),19:30,05h 40m,01:10,5.0,INR 1651,25 Seats available
Goa to Kolhapur(Maharashtra),https://www.redbus.in/bus-tickets/goa-to-kolhapur-maharashtra,Atmaram Travels (Humsafar),Bharat Benz A/C Sleeper (2+1),19:30,06h 00m,01:30,3.8,INR 1799,2 Seats available
Goa to Kolhapur(Maharashtra),https://www.redbus.in/bus-tickets/goa-to-kolhapur-maharashtra,IntrCity SmartBus,Bharat Benz A/C Sleeper (2+1),19:45,05h 50m,01:35,4.4,INR 2223,34 Seats available
Goa to Kolhapur(Maharashtra),https://www.redbus.in/bus-tickets/goa-to-kolhapur-maharashtra,Amrutyog Travels,A/C Sleeper (2+1),20:00,07h 30m,03:30,5.0,INR 1799,28 Seats available
Goa to Kolhapur(Maharashtra),https://www.redbus.in/bus-tickets/goa-to-kolhapur-maharashtra,IntrCity SmartBus,Bharat Benz A/C Sleeper (2+1),20:00,06h 05m,02:05,4.9,INR 1634,25 Seats available
Goa to Kolhapur(Maharashtra),https://www.redbus.in/bus-tickets/goa-to-kolhapur-maharashtra,Atmaram Travels (Shreyas),NON A/C Sleeper (2+1),20:30,06h 00m,02:30,3.3,INR 2000,30 Seats available
Goa to Kolhapur(Maharashtra),https://www.redbus.in/bus-tickets/goa-to-kolhapur-maharashtra,IntrCity SmartBus,AC Sleeper (2+1),21:00,05h 40m,02:40,4.7,INR 1592,32 Seats available
Goa to Kolhapur(Maharashtra),https://www.redbus.in/bus-tickets/goa-to-kolhapur-maharashtra,PVS Tours and Travels,A/C Sleeper (2+1),21:00,06h 45m,03:45,3.0,INR 2950,36 Seats available
Goa to Kolhapur(Maharashtra),https://www.redbus.in/bus-tickets/goa-to-kolhapur-maharashtra,IntrCity SmartBus,Bharat Benz A/C Sleeper (2+1),21:30,05h 50m,03:20,0,INR 1696,16 Seats available
Goa to Kolhapur(Maharashtra),https://www.redbus.in/bus-tickets/goa-to-kolhapur-maharashtra,AAINATH TRAVELS,A/C Seater / Sleeper (2+1),21:30,05h 00m,02:30,0,INR 3450,38 Seats available
Goa to Solapur,https://www.redbus.in/bus-tickets/goa-to-solapur,Kadamba Transport Corporation Limited (KTCL) - 60996,Non AC Seater 2+2,19:00,13h 30m,08:30,3.2,INR 850,8 Seats available
Goa to Solapur,https://www.redbus.in/bus-tickets/goa-to-solapur,Humsafar Travels,Bharat Benz A/C Sleeper (2+1),19:00,09h 30m,04:30,3.9,INR 2550,19 Seats available
Goa to Solapur,https://www.redbus.in/bus-tickets/goa-to-solapur,IntrCity SmartBus,AC Sleeper (2+1),18:10,10h 35m,04:45,3.8,INR 2841,20 Seats available
Goa to Solapur,https://www.redbus.in/bus-tickets/goa-to-solapur,IntrCity SmartBus,AC Sleeper (2+1),15:40,11h 20m,03:00,4.3,INR 2706,21 Seats available
Goa to Solapur,https://www.redbus.in/bus-tickets/goa-to-solapur,Zingbus Plus,AC Sleeper (2+1),16:10,09h 15m,01:25,4.0,2574,24 Seats available
Goa to Solapur,https://www.redbus.in/bus-tickets/goa-to-solapur,S R Travels,A/C Seater/Sleeper (2+1),20:30,11h 00m,07:30,2.3,INR 1000,13 Seats available
Goa to Solapur,https://www.redbus.in/bus-tickets/goa-to-solapur,New Shivbaba Tours And Travels,AC Sleeper (2+1),19:45,09h 10m,04:55,1.4,1424,24 Seats available
Goa to Solapur,https://www.redbus.in/bus-tickets/goa-to-solapur,Sharma Travels,Bharat Benz A/C Sleeper (2+1),15:00,11h 00m,02:00,3.8,INR 3500,11 Seats available
Goa to Solapur,https://www.redbus.in/bus-tickets/goa-to-solapur,PVS Tours and Travels,A/C Sleeper (2+1),21:00,12h 00m,09:00,3.7,INR 2950,29 Seats available
Goa to Solapur,https://www.redbus.in/bus-tickets/goa-to-solapur,New Shivbaba Tours And Travels,AC Sleeper (2+1),18:45,11h 30m,06:15,2.4,2469,14 Seats available
Goa to Sangli,https://www.redbus.in/bus-tickets/goa-to-sangli,Kadamba Transport Corporation Limited (KTCL) - 60996,Non AC Seater 2+2,19:00,09h 00m,04:00,3.3,INR 490,8 Seats available
Goa to Sangli,https://www.redbus.in/bus-tickets/goa-to-sangli,Vaibhav Travels,A/C Sleeper (2+1),20:00,09h 40m,05:40,3.5,INR 1000,19 Seats available
Goa to Sangli,https://www.redbus.in/bus-tickets/goa-to-sangli,URL Travels Neeta,A/C Sleeper (2+1),10:30,07h 50m,18:20,3.1,INR 1999,21 Seats available
Goa to Sangli,https://www.redbus.in/bus-tickets/goa-to-sangli,Venkteshwara Travels,A/C Sleeper (2+1),20:30,08h 45m,05:15,3.3,1349,1 Seat available
Goa to Sangli,https://www.redbus.in/bus-tickets/goa-to-sangli,PVS Tours and Travels,A/C Sleeper (2+1),21:00,08h 45m,05:45,2.4,INR 2950,36 Seats available
Goa to Sangli,https://www.redbus.in/bus-tickets/goa-to-sangli,New Shivbaba Tours And Travels,AC Sleeper (2+1),18:45,07h 30m,02:15,2.4,2469,14 Seats available
Goa to Sangli,https://www.redbus.in/bus-tickets/goa-to-sangli,New Shivbaba Tours And Travels,AC Sleeper (2+1),18:50,07h 15m,02:05,2.4,INR 1499,30 Seats available
Goa to Sangli,https://www.redbus.in/bus-tickets/goa-to-sangli,New Shivbaba Tours And Travels,AC Sleeper (2+1),18:50,06h 30m,01:20,1.2,INR 1499,30 Seats available
Goa to Sangli,https://www.redbus.in/bus-tickets/goa-to-sangli,Humsafar Travels,Bharat Benz A/C Sleeper (2+1),19:00,06h 30m,01:30,2.5,INR 2550,25 Seats available
Goa to Sangli,https://www.redbus.in/bus-tickets/goa-to-sangli,New Shivbaba Tours And Travels,AC Sleeper (2+1),19:45,05h 10m,00:55,2.4,1424,30 Seats available
Goa to Sangli,https://www.redbus.in/bus-tickets/goa-to-sangli,New Shivbaba Tours And Travels,AC Sleeper (2+1),20:15,05h 50m,02:05,0,INR 1499,30 Seats available
Goa Airport to Calangute (goa),https://www.redbus.in/bus-tickets/goa-airport-to-calangute-goa,Kadamba Transport Corporation Limited (KTCL) - 99708,AC Seater (2+2),07:30,01h 40m,09:10,3.7,INR 200,41 Seats available
Goa Airport to Calangute (goa),https://www.redbus.in/bus-tickets/goa-airport-to-calangute-goa,Kadamba Transport Corporation Limited (KTCL) - 151354,Volvo AC Seater 2+2,08:00,01h 30m,09:30,4.0,INR 200,40 Seats available
Goa Airport to Calangute (goa),https://www.redbus.in/bus-tickets/goa-airport-to-calangute-goa,Kadamba Transport Corporation Limited (KTCL) - 99707,AC Seater (2+2),13:45,01h 45m,15:30,4.2,INR 200,41 Seats available
Goa Airport to Calangute (goa),https://www.redbus.in/bus-tickets/goa-airport-to-calangute-goa,Kadamba Transport Corporation Limited (KTCL) - 99710,AC Seater (2+2),16:00,01h 30m,17:30,4.6,INR 200,42 Seats available
Sangola (Solapur) to Goa,https://www.redbus.in/bus-tickets/sangola-to-goa,Kadamba Transport Corporation Limited (KTCL) - 61005,Non AC Seater 2+2,21:45,12h 15m,10:00,2.8,INR 675,35 Seats available
Sangola (Solapur) to Goa,https://www.redbus.in/bus-tickets/sangola-to-goa,Humsafar Travels,Bharat Benz A/C Sleeper (2+1),00:00,08h 00m,08:00,3.7,INR 1850,19 Seats available
Sangola (Solapur) to Goa,https://www.redbus.in/bus-tickets/sangola-to-goa,New Shivbaba Tours And Travels,AC Sleeper (2+1),20:30,10h 00m,06:30,3.0,1044,28 Seats available
Sangola (Solapur) to Goa,https://www.redbus.in/bus-tickets/sangola-to-goa,New Shivbaba Tours And Travels,AC Sleeper (2+1),20:30,08h 30m,05:00,2.4,INR 1427.62,30 Seats available
Sangola (Solapur) to Goa,https://www.redbus.in/bus-tickets/sangola-to-goa,New Shivbaba Tours And Travels,AC Sleeper (2+1),20:30,10h 00m,06:30,2.4,1356,30 Seats available
Sangola (Solapur) to Goa,https://www.redbus.in/bus-tickets/sangola-to-goa,New Shivbaba Tours And Travels,AC Sleeper (2+1),20:30,09h 30m,06:00,2.4,INR 1099,30 Seats available
Sangola (Solapur) to Goa,https://www.redbus.in/bus-tickets/sangola-to-goa,New Shivbaba Tours And Travels,AC Sleeper (2+1),20:30,09h 30m,06:00,2.4,INR 1427.62,30 Seats available
Calangute (goa) to Mopa Airport,https://www.redbus.in/bus-tickets/calangute-goa-to-mopa-airport,Kadamba Transport Corporation Limited (KTCL) - 159017,A/C Seater (2+3),06:00,01h 15m,07:15,4.1,INR 200,47 Seats available
Calangute (goa) to Mopa Airport,https://www.redbus.in/bus-tickets/calangute-goa-to-mopa-airport,Kadamba Transport Corporation Limited (KTCL) - 159018,A/C Seater (2+3),07:00,01h 15m,08:15,3.8,INR 200,47 Seats available
Calangute (goa) to Mopa Airport,https://www.redbus.in/bus-tickets/calangute-goa-to-mopa-airport,Kadamba Transport Corporation Limited (KTCL) - 159019,A/C Seater (2+3),10:00,01h 15m,11:15,3.6,INR 200,47 Seats available
Calangute (goa) to Mopa Airport,https://www.redbus.in/bus-tickets/calangute-goa-to-mopa-airport,Kadamba Transport Corporation Limited (KTCL) - 159065,A/C Seater (2+3),11:45,01h 15m,13:00,2.5,INR 200,47 Seats available
Calangute (goa) to Mopa Airport,https://www.redbus.in/bus-tickets/calangute-goa-to-mopa-airport,Kadamba Transport Corporation Limited (KTCL) - 161582,A/C Seater (2+1),15:00,01h 15m,16:15,4.0,INR 200,15 Seats available
Goa to Mopa Airport,https://www.redbus.in/bus-tickets/goa-to-mopa-airport,Kadamba Transport Corporation Limited (KTCL) - 158962,A/C Seater (2+3),06:45,00h 30m,07:15,5.0,INR 150,47 Seats available
Goa to Mopa Airport,https://www.redbus.in/bus-tickets/goa-to-mopa-airport,Kadamba Transport Corporation Limited (KTCL) - 159017,A/C Seater (2+3),06:45,00h 30m,07:15,1.0,INR 150,47 Seats available
Goa to Mopa Airport,https://www.redbus.in/bus-tickets/goa-to-mopa-airport,Kadamba Transport Corporation Limited (KTCL) - 159018,A/C Seater (2+3),07:45,00h 30m,08:15,5.0,INR 150,47 Seats available
Goa to Mopa Airport,https://www.redbus.in/bus-tickets/goa-to-mopa-airport,Kadamba Transport Corporation Limited (KTCL) - 158964,A/C Seater (2+3),07:55,00h 35m,08:30,3.7,INR 150,47 Seats available
Goa to Mopa Airport,https://www.redbus.in/bus-tickets/goa-to-mopa-airport,Kadamba Transport Corporation Limited (KTCL) - 158968,A/C Seater (2+3),08:45,00h 30m,09:15,5.0,INR 150,47 Seats available
Goa to Mopa Airport,https://www.redbus.in/bus-tickets/goa-to-mopa-airport,Kadamba Transport Corporation Limited (KTCL) - 158965,A/C Seater (2+3),09:55,00h 35m,10:30,4.0,INR 150,47 Seats available
Goa to Mopa Airport,https://www.redbus.in/bus-tickets/goa-to-mopa-airport,Kadamba Transport Corporation Limited (KTCL) - 159019,A/C Seater (2+3),10:44,00h 31m,11:15,5.0,INR 150,47 Seats available
Goa to Mopa Airport,https://www.redbus.in/bus-tickets/goa-to-mopa-airport,Kadamba Transport Corporation Limited (KTCL) - 159647,A/C Seater (2+3),11:00,00h 30m,11:30,3.7,INR 150,47 Seats available
Goa to Mopa Airport,https://www.redbus.in/bus-tickets/goa-to-mopa-airport,Kadamba Transport Corporation Limited (KTCL) - 159065,A/C Seater (2+3),12:30,00h 30m,13:00,3.9,INR 150,47 Seats available
Goa to Mopa Airport,https://www.redbus.in/bus-tickets/goa-to-mopa-airport,Kadamba Transport Corporation Limited (KTCL) - 158948,A/C Seater (2+3),14:00,00h 30m,14:30,3.7,INR 150,47 Seats available
Goa to Mopa Airport,https://www.redbus.in/bus-tickets/goa-to-mopa-airport,Kadamba Transport Corporation Limited (KTCL) - 161582,A/C Seater (2+1),15:45,00h 30m,16:15,3.7,INR 150,15 Seats available
Goa to Mopa Airport,https://www.redbus.in/bus-tickets/goa-to-mopa-airport,Kadamba Transport Corporation Limited (KTCL) - 158967,A/C Seater (2+3),16:25,00h 35m,17:00,5.0,INR 150,48 Seats available
Goa to Miraj,https://www.redbus.in/bus-tickets/goa-to-miraj,Kadamba Transport Corporation Limited (KTCL) - 60996,Non AC Seater 2+2,19:00,09h 30m,04:30,3.2,INR 505,8 Seats available
Goa to Miraj,https://www.redbus.in/bus-tickets/goa-to-miraj,Vaibhav Travels,A/C Sleeper (2+1),20:00,09h 42m,05:42,3.8,INR 1000,18 Seats available
Goa to Miraj,https://www.redbus.in/bus-tickets/goa-to-miraj,Humsafar Travels,Bharat Benz A/C Sleeper (2+1),19:00,06h 30m,01:30,2.6,INR 2550,21 Seats available
Goa to Miraj,https://www.redbus.in/bus-tickets/goa-to-miraj,URL Travels Neeta,A/C Sleeper (2+1),10:30,08h 00m,18:30,3.1,INR 1999,16 Seats available
Goa to Miraj,https://www.redbus.in/bus-tickets/goa-to-miraj,Venkteshwara Travels,A/C Sleeper (2+1),20:30,09h 00m,05:30,3.0,1349,1 Seat available
Goa to Miraj,https://www.redbus.in/bus-tickets/goa-to-miraj,New Shivbaba Tours And Travels,AC Sleeper (2+1),19:45,05h 25m,01:10,2.4,1424,27 Seats available
Goa to Miraj,https://www.redbus.in/bus-tickets/goa-to-miraj,New Shivbaba Tours And Travels,AC Sleeper (2+1),20:15,06h 05m,02:20,2.4,INR 1499,30 Seats available
Goa to Miraj,https://www.redbus.in/bus-tickets/goa-to-miraj,New Shivbaba Tours And Travels,AC Sleeper (2+1),19:15,06h 20m,01:35,2.4,INR 1499,30 Seats available
Goa to Miraj,https://www.redbus.in/bus-tickets/goa-to-miraj,New Shivbaba Tours And Travels,AC Sleeper (2+1),18:45,07h 45m,02:30,2.4,2469,14 Seats available
Goa to Miraj,https://www.redbus.in/bus-tickets/goa-to-miraj,New Shivbaba Tours And Travels,AC Sleeper (2+1),18:50,07h 30m,02:20,2.4,INR 1499,30 Seats available
Goa to Miraj,https://www.redbus.in/bus-tickets/goa-to-miraj,New Shivbaba Tours And Travels,AC Sleeper (2+1),18:50,06h 45m,01:35,0,INR 1499,30 Seats available
Panaji to Goa Airport,https://www.redbus.in/bus-tickets/panaji-to-goa-airport,Kadamba Transport Corporation Limited (KTCL) - 99716,AC Seater (2+2),10:31,01h 14m,11:45,2.0,INR 150,41 Seats available
Panaji to Goa Airport,https://www.redbus.in/bus-tickets/panaji-to-goa-airport,Kadamba Transport Corporation Limited (KTCL) - 78627,Volvo AC Seater 2+2,14:01,01h 14m,15:15,3.9,INR 150,40 Seats available
Panaji to Goa Airport,https://www.redbus.in/bus-tickets/panaji-to-goa-airport,Kadamba Transport Corporation Limited (KTCL) - 99718,AC Seater (2+2),16:01,01h 14m,17:15,4.3,INR 150,41 Seats available
Panaji to Goa Airport,https://www.redbus.in/bus-tickets/panaji-to-goa-airport,,,,,,,,
Mopa Airport to Goa,https://www.redbus.in/bus-tickets/mopa-airport-to-goa,Kadamba Transport Corporation Limited (KTCL) - 159022,A/C Seater (2+3),08:00,00h 25m,08:25,4.3,INR 150,42 Seats available
Mopa Airport to Goa,https://www.redbus.in/bus-tickets/mopa-airport-to-goa,Kadamba Transport Corporation Limited (KTCL) - 159654,A/C Seater (2+3),08:15,00h 30m,08:45,3.7,INR 150,42 Seats available
Mopa Airport to Goa,https://www.redbus.in/bus-tickets/mopa-airport-to-goa,Kadamba Transport Corporation Limited (KTCL) - 159023,A/C Seater (2+3),10:15,00h 30m,10:45,3.6,INR 150,42 Seats available
Mopa Airport to Goa,https://www.redbus.in/bus-tickets/mopa-airport-to-goa,,,,,,,,
Mopa Airport to Goa,https://www.redbus.in/bus-tickets/mopa-airport-to-goa,,,,,,,,
Goa to Satara,https://www.redbus.in/bus-tickets/goa-to-satara,Kadamba Transport Corporation Limited (KTCL) - 6032,Non AC Seater 2+2,18:00,09h 00m,03:00,4.7,INR 550,31 Seats available
Goa to Satara,https://www.redbus.in/bus-tickets/goa-to-satara,Atmaram Gobus,VE A/C Sleeper (2+1),22:30,08h 30m,07:00,4.9,INR 1599,14 Seats available
Goa to Satara,https://www.redbus.in/bus-tickets/goa-to-satara,Ashray Travels,Bharat Benz A/C Sleeper (2+1),22:30,09h 30m,08:00,4.6,INR 1699,7 Seats available
Goa to Satara,https://www.redbus.in/bus-tickets/goa-to-satara,,,,,,,,
Goa to Satara,https://www.redbus.in/bus-tickets/goa-to-satara,,,,,,,,
Goa Airport to Panaji,https://www.redbus.in/bus-tickets/goa-airport-to-panaji,Kadamba Transport Corporation Limited (KTCL) - 99708,AC Seater (2+2),07:30,01h 01m,08:31,3.9,INR 150,41 Seats available
Goa Airport to Panaji,https://www.redbus.in/bus-tickets/goa-airport-to-panaji,Kadamba Transport Corporation Limited (KTCL) - 151354,Volvo AC Seater 2+2,08:00,01h 01m,09:01,5.0,INR 150,40 Seats available
Goa Airport to Panaji,https://www.redbus.in/bus-tickets/goa-airport-to-panaji,Kadamba Transport Corporation Limited (KTCL) - 99707,AC Seater (2+2),13:45,01h 01m,14:46,4.0,INR 150,41 Seats available
Goa Airport to Panaji,https://www.redbus.in/bus-tickets/goa-airport-to-panaji,,,,,,,,
Calangute (goa) to Panaji,https://www.redbus.in/bus-tickets/calangute-goa-to-panaji,Kadamba Transport Corporation Limited (KTCL) - 99716,AC Seater (2+2),10:00,00h 31m,10:31,1.0,INR 100,41 Seats available
Calangute (goa) to Panaji,https://www.redbus.in/bus-tickets/calangute-goa-to-panaji,Kadamba Transport Corporation Limited (KTCL) - 78627,Volvo AC Seater 2+2,13:30,00h 31m,14:01,1.0,INR 100,40 Seats available
Calangute (goa) to Panaji,https://www.redbus.in/bus-tickets/calangute-goa-to-panaji,Kadamba Transport Corporation Limited (KTCL) - 99718,AC Seater (2+2),15:30,00h 31m,16:01,5.0,INR 100,41 Seats available
Mopa Airport to Margao,https://www.redbus.in/bus-tickets/mopa-airport-to-margoa,Kadamba Transport Corporation Limited (KTCL) - 159664,A/C Seater (2+3),10:30,02h 00m,12:30,5.0,INR 400,47 Seats available
Mopa Airport to Margao,https://www.redbus.in/bus-tickets/mopa-airport-to-margoa,Kadamba Transport Corporation Limited (KTCL) - 158996,A/C Seater (2+3),12:30,02h 00m,14:30,4.2,INR 400,47 Seats available
Mopa Airport to Margao,https://www.redbus.in/bus-tickets/mopa-airport-to-margoa,Kadamba Transport Corporation Limited (KTCL) - 159015,A/C Seater (2+3),16:00,02h 00m,18:00,3.0,INR 400,47 Seats available
Mopa Airport to Margao,https://www.redbus.in/bus-tickets/mopa-airport-to-margoa,Kadamba Transport Corporation Limited (KTCL) - 159016,A/C Seater (2+3),21:00,02h 00m,23:00,4.2,INR 400,47 Seats available
Goa to Shivamogga,https://www.redbus.in/bus-tickets/goa-to-shimoga,Kadamba Transport Corporation Limited (KTCL) - 8355,Non AC Seater 2+2,15:00,10h 03m,01:03,1.7,INR 450,38 Seats available
Goa to Shivamogga,https://www.redbus.in/bus-tickets/goa-to-shimoga,Sea Bird Tourist,NON A/C Sleeper (2+1),17:30,09h 00m,02:30,3.7,INR 1500,14 Seats available
Calangute (goa) to Goa,https://www.redbus.in/bus-tickets/calangute-goa-to-goa,UNIQUE TOURS AND TRAVELS,A/C Seater Push Back (2+1),08:30,11h 30m,20:00,3.4,INR 400,17 Seats available
