Route_Name,Route_Link,Bus_Name,Bus_Type,Departing_Time,Duration,Reaching_Time,Star_Rating,Price,Seat_Availability
Ernakulam to Kozhikode,https://www.redbus.in/bus-tickets/ernakulam-to-kozhikode,KSRTC (Kerala) - 2956,Super Express Non AC Seater Air Bus (2+2),00:15,05h 10m,05:25,1.0,INR 309,25 Seats available
Ernakulam to Kozhikode,https://www.redbus.in/bus-tickets/ernakulam-to-kozhikode,KSRTC (Kerala) - 425,Super Express Non AC Seater Air Bus (2+2),00:20,03h 50m,04:10,3.1,INR 268,16 Seats available
Ernakulam to Kozhikode,https://www.redbus.in/bus-tickets/ernakulam-to-kozhikode,KSRTC (Kerala) - 528,Super Express Non AC Seater Air Bus (2+2),00:45,03h 55m,04:40,2.7,INR 309,25 Seats available
Ernakulam to Kozhikode,https://www.redbus.in/bus-tickets/ernakulam-to-kozhikode,KSRTC (Kerala) - 2894,Low Floor AC Seater 2+2,01:11,05h 15m,06:26,1.0,INR 383,18 Seats available
Ernakulam to Kozhikode,https://www.redbus.in/bus-tickets/ernakulam-to-kozhikode,,,,,,,,
Ernakulam to Kozhikode,https://www.redbus.in/bus-tickets/ernakulam-to-kozhikode,,,,,,,,
Ernakulam to Kozhikode,https://www.redbus.in/bus-tickets/ernakulam-to-kozhikode,,,,,,,,
Ernakulam to Kozhikode,https://www.redbus.in/bus-tickets/ernakulam-to-kozhikode,,,,,,,,
Ernakulam to Kozhikode,https://www.redbus.in/bus-tickets/ernakulam-to-kozhikode,,,,,,,,
Ernakulam to Kozhikode,https://www.redbus.in/bus-tickets/ernakulam-to-kozhikode,,,,,,,,
Bangalore to Kannur,https://www.redbus.in/bus-tickets/bangalore-to-kannur,KSRTC (Kerala) - 103,Swift Deluxe Non AC Air Bus (2+2),09:00,09h 00m,18:00,4.0,INR 579,1 Seat available
Bangalore to Kannur,https://www.redbus.in/bus-tickets/bangalore-to-kannur,KSRTC (Kerala) - 136,Swift Deluxe Non AC Air Bus (2+2),20:30,07h 40m,04:10,3.3,INR 568,32 Seats available
Bangalore to Kannur,https://www.redbus.in/bus-tickets/bangalore-to-kannur,KSRTC (Kerala) - 101,Swift Deluxe Non AC Air Bus (2+2),21:15,07h 55m,05:10,4.1,INR 548,34 Seats available
Bangalore to Kannur,https://www.redbus.in/bus-tickets/bangalore-to-kannur,KSRTC (Kerala) - 98,Swift Deluxe Non AC Air Bus (2+2),21:55,07h 55m,05:50,4.2,INR 579,24 Seats available
Bangalore to Kannur,https://www.redbus.in/bus-tickets/bangalore-to-kannur,,,,,,,,
Bangalore to Kannur,https://www.redbus.in/bus-tickets/bangalore-to-kannur,,,,,,,,
Bangalore to Kannur,https://www.redbus.in/bus-tickets/bangalore-to-kannur,,,,,,,,
Bangalore to Kannur,https://www.redbus.in/bus-tickets/bangalore-to-kannur,,,,,,,,
Bangalore to Kannur,https://www.redbus.in/bus-tickets/bangalore-to-kannur,,,,,,,,
Bangalore to Kannur,https://www.redbus.in/bus-tickets/bangalore-to-kannur,,,,,,,,
Kozhikode to Thiruvananthapuram,https://www.redbus.in/bus-tickets/kozhikode-to-thiruvananthapuram,KSRTC (Kerala) - 2368,Low Floor AC Seater 2+2,00:30,10h 35m,11:05,5.0,INR 742,19 Seats available
Kozhikode to Thiruvananthapuram,https://www.redbus.in/bus-tickets/kozhikode-to-thiruvananthapuram,KSRTC (Kerala) - 3325,Low Floor AC Seater 2+2,01:30,10h 05m,11:35,2.8,INR 723,22 Seats available
Kozhikode to Thiruvananthapuram,https://www.redbus.in/bus-tickets/kozhikode-to-thiruvananthapuram,KSRTC (Kerala) - 1850,Low Floor AC Seater 2+2,02:30,10h 20m,12:50,2.8,INR 742,6 Seats available
Kozhikode to Thiruvananthapuram,https://www.redbus.in/bus-tickets/kozhikode-to-thiruvananthapuram,,,,,,,,
Kozhikode to Thiruvananthapuram,https://www.redbus.in/bus-tickets/kozhikode-to-thiruvananthapuram,,,,,,,,
Kozhikode to Thiruvananthapuram,https://www.redbus.in/bus-tickets/kozhikode-to-thiruvananthapuram,,,,,,,,
Kozhikode to Thiruvananthapuram,https://www.redbus.in/bus-tickets/kozhikode-to-thiruvananthapuram,,,,,,,,
Kozhikode to Thiruvananthapuram,https://www.redbus.in/bus-tickets/kozhikode-to-thiruvananthapuram,,,,,,,,
Kozhikode to Thiruvananthapuram,https://www.redbus.in/bus-tickets/kozhikode-to-thiruvananthapuram,,,,,,,,
Kozhikode to Thiruvananthapuram,https://www.redbus.in/bus-tickets/kozhikode-to-thiruvananthapuram,,,,,,,,
Bangalore to Kalpetta (kerala),https://www.redbus.in/bus-tickets/bangalore-to-kalpetta,KSRTC (Kerala) - 581,Super Express Non AC Seater Air Bus (2+2),10:00,06h 20m,16:20,4.7,INR 377,7 Seats available
Bangalore to Kalpetta (kerala),https://www.redbus.in/bus-tickets/bangalore-to-kalpetta,KSRTC (Kerala) - 52,SWIFT-GARUDA A/C SEATER BUS,12:00,06h 20m,18:20,3.8,INR 524,26 Seats available
Bangalore to Kalpetta (kerala),https://www.redbus.in/bus-tickets/bangalore-to-kalpetta,KSRTC (Kerala) - 1378,AC MULTI AXLE,13:46,05h 29m,19:15,2.1,INR 576,20 Seats available
Bangalore to Kalpetta (kerala),https://www.redbus.in/bus-tickets/bangalore-to-kalpetta,KSRTC (Kerala) - 129,,14:15,07h 20m,21:35,3.9,INR 524,40 Seats available
Bangalore to Kalpetta (kerala),https://www.redbus.in/bus-tickets/bangalore-to-kalpetta,,,,,,,,
Bangalore to Kalpetta (kerala),https://www.redbus.in/bus-tickets/bangalore-to-kalpetta,,,,,,,,
Bangalore to Kalpetta (kerala),https://www.redbus.in/bus-tickets/bangalore-to-kalpetta,,,,,,,,
Bangalore to Kalpetta (kerala),https://www.redbus.in/bus-tickets/bangalore-to-kalpetta,,,,,,,,
Bangalore to Kalpetta (kerala),https://www.redbus.in/bus-tickets/bangalore-to-kalpetta,,,,,,,,
Bangalore to Kalpetta (kerala),https://www.redbus.in/bus-tickets/bangalore-to-kalpetta,,,,,,,,
Kalpetta (kerala) to Bangalore,https://www.redbus.in/bus-tickets/kalpetta-to-bangalore,KSRTC (Kerala) - 197,Super Deluxe Non AC Seater Air Bus (2+2),00:50,06h 55m,07:45,2.0,INR 589,33 Seats available
Kalpetta (kerala) to Bangalore,https://www.redbus.in/bus-tickets/kalpetta-to-bangalore,KSRTC (Kerala) - 549,Super Express Non AC Seater Air Bus (2+2),00:50,05h 23m,06:13,5.0,INR 548,25 Seats available
Kalpetta (kerala) to Bangalore,https://www.redbus.in/bus-tickets/kalpetta-to-bangalore,KSRTC (Kerala) - 96,Swift Deluxe Non AC Air Bus (2+2),02:15,05h 20m,07:35,2.9,INR 475,7 Seats available
Kalpetta (kerala) to Bangalore,https://www.redbus.in/bus-tickets/kalpetta-to-bangalore,,,,,,,,
Kalpetta (kerala) to Bangalore,https://www.redbus.in/bus-tickets/kalpetta-to-bangalore,,,,,,,,
Kalpetta (kerala) to Bangalore,https://www.redbus.in/bus-tickets/kalpetta-to-bangalore,,,,,,,,
Kalpetta (kerala) to Bangalore,https://www.redbus.in/bus-tickets/kalpetta-to-bangalore,,,,,,,,
Kalpetta (kerala) to Bangalore,https://www.redbus.in/bus-tickets/kalpetta-to-bangalore,,,,,,,,
Kalpetta (kerala) to Bangalore,https://www.redbus.in/bus-tickets/kalpetta-to-bangalore,,,,,,,,
Kalpetta (kerala) to Bangalore,https://www.redbus.in/bus-tickets/kalpetta-to-bangalore,,,,,,,,
Kozhikode to Thrissur,https://www.redbus.in/bus-tickets/kozhikode-to-thrissur,KSRTC (Kerala) - 1029,Super Fast Non AC Seater (2+3),00:00,03h 35m,03:35,3.1,INR 181,50 Seats available
Kozhikode to Thrissur,https://www.redbus.in/bus-tickets/kozhikode-to-thrissur,KSRTC (Kerala) - 485,Super Express Non AC Seater Air Bus (2+2),00:05,02h 45m,02:50,4.0,INR 216,8 Seats available
Kozhikode to Thrissur,https://www.redbus.in/bus-tickets/kozhikode-to-thrissur,KSRTC (Kerala) - 2518,Swift Deluxe Non AC Air Bus (2+2),00:11,02h 45m,02:56,3.1,INR 278,30 Seats available
Kozhikode to Thrissur,https://www.redbus.in/bus-tickets/kozhikode-to-thrissur,,,,,,,,
Kozhikode to Thrissur,https://www.redbus.in/bus-tickets/kozhikode-to-thrissur,,,,,,,,
Kozhikode to Thrissur,https://www.redbus.in/bus-tickets/kozhikode-to-thrissur,,,,,,,,
Kozhikode to Thrissur,https://www.redbus.in/bus-tickets/kozhikode-to-thrissur,,,,,,,,
Kozhikode to Thrissur,https://www.redbus.in/bus-tickets/kozhikode-to-thrissur,,,,,,,,
Kozhikode to Thrissur,https://www.redbus.in/bus-tickets/kozhikode-to-thrissur,,,,,,,,
Kozhikode to Thrissur,https://www.redbus.in/bus-tickets/kozhikode-to-thrissur,,,,,,,,
