Route_Name,Route_Link,Bus_Name,Bus_Type,Departing_Time,Duration,Reaching_Time,Star_Rating,Price,Seat_Availability
Jaipur (Rajasthan) to Pilani,https://www.redbus.in/bus-tickets/jaipur-to-pilani,RSRTC - 168780,Express Non AC Seater 2+3,04:30,05h 45m,10:15,4.0,INR 263,42 Seats available
Jaipur (Rajasthan) to Pilani,https://www.redbus.in/bus-tickets/jaipur-to-pilani,RSRTC - 173066,Super Luxury Volvo AC Seater Pushback 2+2,05:45,04h 30m,10:15,3.9,INR 440,13 Seats available
Jaipur (Rajasthan) to Pilani,https://www.redbus.in/bus-tickets/jaipur-to-pilani,RSRTC - 168788,Express Non AC Seater 2+3,06:20,06h 10m,12:30,1.0,INR 263,42 Seats available
Jaipur (Rajasthan) to Pilani,https://www.redbus.in/bus-tickets/jaipur-to-pilani,,,,,,,,
Jaipur (Rajasthan) to Pilani,https://www.redbus.in/bus-tickets/jaipur-to-pilani,,,,,,,,
Jaipur (Rajasthan) to Pilani,https://www.redbus.in/bus-tickets/jaipur-to-pilani,,,,,,,,
Jaipur (Rajasthan) to Pilani,https://www.redbus.in/bus-tickets/jaipur-to-pilani,,,,,,,,
Jaipur (Rajasthan) to Pilani,https://www.redbus.in/bus-tickets/jaipur-to-pilani,,,,,,,,
Jaipur (Rajasthan) to Pilani,https://www.redbus.in/bus-tickets/jaipur-to-pilani,,,,,,,,
Jaipur (Rajasthan) to Pilani,https://www.redbus.in/bus-tickets/jaipur-to-pilani,,,,,,,,
Kishangarh to Jaipur (Rajasthan),https://www.redbus.in/bus-tickets/kishangarh-to-jaipur,RSRTC - 163969,Express Non AC Seater 2+3,00:15,02h 00m,02:15,3.3,INR 120,42 Seats available
Kishangarh to Jaipur (Rajasthan),https://www.redbus.in/bus-tickets/kishangarh-to-jaipur,RSRTC - 176394,Super Luxury Volvo AC Seater Pushback 2+2,00:30,01h 45m,02:15,3.3,INR 239,37 Seats available
Kishangarh to Jaipur (Rajasthan),https://www.redbus.in/bus-tickets/kishangarh-to-jaipur,RSRTC - 172841,Super Luxury Volvo AC Seater Pushback 2+2,02:15,02h 00m,04:15,5.0,INR 239,36 Seats available
Kishangarh to Jaipur (Rajasthan),https://www.redbus.in/bus-tickets/kishangarh-to-jaipur,,,,,,,,
Kishangarh to Jaipur (Rajasthan),https://www.redbus.in/bus-tickets/kishangarh-to-jaipur,,,,,,,,
Kishangarh to Jaipur (Rajasthan),https://www.redbus.in/bus-tickets/kishangarh-to-jaipur,,,,,,,,
Kishangarh to Jaipur (Rajasthan),https://www.redbus.in/bus-tickets/kishangarh-to-jaipur,,,,,,,,
Kishangarh to Jaipur (Rajasthan),https://www.redbus.in/bus-tickets/kishangarh-to-jaipur,,,,,,,,
Kishangarh to Jaipur (Rajasthan),https://www.redbus.in/bus-tickets/kishangarh-to-jaipur,,,,,,,,
Kishangarh to Jaipur (Rajasthan),https://www.redbus.in/bus-tickets/kishangarh-to-jaipur,,,,,,,,
Pali (Rajasthan) to Udaipur,https://www.redbus.in/bus-tickets/pali-to-udaipur,RSRTC - 193270,Express Non AC Seater 2+3,00:15,04h 45m,05:00,3.8,INR 212,39 Seats available
Pali (Rajasthan) to Udaipur,https://www.redbus.in/bus-tickets/pali-to-udaipur,RSRTC - 163475,Express Non AC Seater 2+3,06:15,04h 15m,10:30,2.4,INR 212,42 Seats available
Pali (Rajasthan) to Udaipur,https://www.redbus.in/bus-tickets/pali-to-udaipur,RSRTC - 163476,Express Non AC Seater 2+3,07:30,04h 45m,12:15,5.0,INR 212,42 Seats available
Pali (Rajasthan) to Udaipur,https://www.redbus.in/bus-tickets/pali-to-udaipur,,,,,,,,
Pali (Rajasthan) to Udaipur,https://www.redbus.in/bus-tickets/pali-to-udaipur,,,,,,,,
Pali (Rajasthan) to Udaipur,https://www.redbus.in/bus-tickets/pali-to-udaipur,,,,,,,,
Pali (Rajasthan) to Udaipur,https://www.redbus.in/bus-tickets/pali-to-udaipur,,,,,,,,
Pali (Rajasthan) to Udaipur,https://www.redbus.in/bus-tickets/pali-to-udaipur,,,,,,,,
Pali (Rajasthan) to Udaipur,https://www.redbus.in/bus-tickets/pali-to-udaipur,,,,,,,,
Pali (Rajasthan) to Udaipur,https://www.redbus.in/bus-tickets/pali-to-udaipur,,,,,,,,
Udaipur to Pali (Rajasthan),https://www.redbus.in/bus-tickets/udaipur-to-pali-rajasthan,RSRTC - 174534,Express Non AC Seater 2+3,05:45,04h 15m,10:00,5.0,INR 212,42 Seats available
Udaipur to Pali (Rajasthan),https://www.redbus.in/bus-tickets/udaipur-to-pali-rajasthan,RSRTC - 194381,Deluxe AC Seater 2+2,06:00,03h 35m,09:35,2.9,INR 384,30 Seats available
Udaipur to Pali (Rajasthan),https://www.redbus.in/bus-tickets/udaipur-to-pali-rajasthan,RSRTC - 146395,Express Non AC Seater 2+3,06:45,05h 05m,11:50,4.0,INR 212,42 Seats available
Udaipur to Pali (Rajasthan),https://www.redbus.in/bus-tickets/udaipur-to-pali-rajasthan,,,,,,,,
Udaipur to Pali (Rajasthan),https://www.redbus.in/bus-tickets/udaipur-to-pali-rajasthan,,,,,,,,
Udaipur to Pali (Rajasthan),https://www.redbus.in/bus-tickets/udaipur-to-pali-rajasthan,,,,,,,,
Udaipur to Pali (Rajasthan),https://www.redbus.in/bus-tickets/udaipur-to-pali-rajasthan,,,,,,,,
Udaipur to Pali (Rajasthan),https://www.redbus.in/bus-tickets/udaipur-to-pali-rajasthan,,,,,,,,
Udaipur to Pali (Rajasthan),https://www.redbus.in/bus-tickets/udaipur-to-pali-rajasthan,,,,,,,,
Udaipur to Pali (Rajasthan),https://www.redbus.in/bus-tickets/udaipur-to-pali-rajasthan,,,,,,,,
Jaipur (Rajasthan) to Bharatpur,https://www.redbus.in/bus-tickets/jaipur-to-bharatpur,RSRTC - 193591,NON AC Seater / Sleeper 2+1,00:00,11h 45m,11:45,3.0,INR 275,37 Seats available
Jaipur (Rajasthan) to Bharatpur,https://www.redbus.in/bus-tickets/jaipur-to-bharatpur,RSRTC - 193804,Semi Deluxe Non AC Seater 2+2,00:30,03h 50m,04:20,3.0,INR 223,35 Seats available
Jaipur (Rajasthan) to Bharatpur,https://www.redbus.in/bus-tickets/jaipur-to-bharatpur,RSRTC - 195857,Express Non AC Seater 2+3,00:45,04h 15m,05:00,3.0,INR 205,42 Seats available
Jaipur (Rajasthan) to Bharatpur,https://www.redbus.in/bus-tickets/jaipur-to-bharatpur,,,,,,,,
Jaipur (Rajasthan) to Bharatpur,https://www.redbus.in/bus-tickets/jaipur-to-bharatpur,,,,,,,,
Jaipur (Rajasthan) to Bharatpur,https://www.redbus.in/bus-tickets/jaipur-to-bharatpur,,,,,,,,
Jaipur (Rajasthan) to Bharatpur,https://www.redbus.in/bus-tickets/jaipur-to-bharatpur,,,,,,,,
Jaipur (Rajasthan) to Bharatpur,https://www.redbus.in/bus-tickets/jaipur-to-bharatpur,,,,,,,,
Jaipur (Rajasthan) to Bharatpur,https://www.redbus.in/bus-tickets/jaipur-to-bharatpur,,,,,,,,
Jaipur (Rajasthan) to Bharatpur,https://www.redbus.in/bus-tickets/jaipur-to-bharatpur,,,,,,,,
