Route_Name,Route_Link,Bus_Name,Bus_Type,Departing_Time,Duration,Reaching_Time,Star_Rating,Price,Seat_Availability
Haldia to Calcutta,https://www.redbus.in/bus-tickets/haldia-to-kolkata,SBSTC-HALDIA - CHITTARANJAN - VIA - KOLKATA - 05:00 - 278,Non AC Seater (2+3),05:00,03h 45m,08:45,4.3,INR 110,45 Seats available
Haldia to Calcutta,https://www.redbus.in/bus-tickets/haldia-to-kolkata,SBSTC-HALDIA - KOLKATA - ALL STOP - 05:30 (HALDIA DEPOT) - 626,Non AC Seater (2+3),05:30,03h 00m,08:30,3.9,INR 110,49 Seats available
Haldia to Calcutta,https://www.redbus.in/bus-tickets/haldia-to-kolkata,SBSTC-HALDIA - KOLKATA - 06:20 (Haldia Depot) - 1028,Non AC Seater (2+3),06:20,03h 00m,09:20,4.0,INR 110,52 Seats available
Haldia to Calcutta,https://www.redbus.in/bus-tickets/haldia-to-kolkata,,,,,,,,
Haldia to Calcutta,https://www.redbus.in/bus-tickets/haldia-to-kolkata,,,,,,,,
Haldia to Calcutta,https://www.redbus.in/bus-tickets/haldia-to-kolkata,,,,,,,,
Haldia to Calcutta,https://www.redbus.in/bus-tickets/haldia-to-kolkata,,,,,,,,
Haldia to Calcutta,https://www.redbus.in/bus-tickets/haldia-to-kolkata,,,,,,,,
Haldia to Calcutta,https://www.redbus.in/bus-tickets/haldia-to-kolkata,,,,,,,,
Haldia to Calcutta,https://www.redbus.in/bus-tickets/haldia-to-kolkata,,,,,,,,
Kolkata to Durgapur (West Bengal),https://www.redbus.in/bus-tickets/kolkata-to-durgapur,SBSTC-KOLKATA - PURULIA - VIA - ASN - 05:00 - (PRL DEPOT - 262,Non AC Seater (2+3),05:00,03h 15m,08:15,3.2,INR 150,52 Seats available
Kolkata to Durgapur (West Bengal),https://www.redbus.in/bus-tickets/kolkata-to-durgapur,SBSTC-KARUNAMOYEE - ASANSOL - 05:15 (ASN DEPOT) - 481,Non AC Seater (2+3),05:15,03h 45m,09:00,3.6,INR 155,51 Seats available
Kolkata to Durgapur (West Bengal),https://www.redbus.in/bus-tickets/kolkata-to-durgapur,SBSTC-KOLKATA - ASANSOL - 05:30 (HOWRAH DEPOT) - 776,Non AC Seater (2+3),05:30,03h 30m,09:00,2.5,INR 150,50 Seats available
Kolkata to Durgapur (West Bengal),https://www.redbus.in/bus-tickets/kolkata-to-durgapur,,,,,,,,
Kolkata to Durgapur (West Bengal),https://www.redbus.in/bus-tickets/kolkata-to-durgapur,,,,,,,,
Kolkata to Durgapur (West Bengal),https://www.redbus.in/bus-tickets/kolkata-to-durgapur,,,,,,,,
Kolkata to Durgapur (West Bengal),https://www.redbus.in/bus-tickets/kolkata-to-durgapur,,,,,,,,
Kolkata to Durgapur (West Bengal),https://www.redbus.in/bus-tickets/kolkata-to-durgapur,,,,,,,,
Kolkata to Durgapur (West Bengal),https://www.redbus.in/bus-tickets/kolkata-to-durgapur,,,,,,,,
Kolkata to Durgapur (West Bengal),https://www.redbus.in/bus-tickets/kolkata-to-durgapur,,,,,,,,
Kolkata to Arambagh (West Bengal),https://www.redbus.in/bus-tickets/kolkata-to-arambagh-west-bengal,SBSTC-KOLKATA - BISHNUPUR - VIA - ARAMBAG - 06:25 (ARM D - 3610,Non AC Seater (2+3),06:25,02h 30m,08:55,4.2,INR 76,52 Seats available
Kolkata to Arambagh (West Bengal),https://www.redbus.in/bus-tickets/kolkata-to-arambagh-west-bengal,SBSTC-KOLKATA - ARAMBAG - NON STOP - 07:30 - 574,Non AC Seater (2+3),07:30,02h 30m,10:00,4.5,INR 95,52 Seats available
Kolkata to Arambagh (West Bengal),https://www.redbus.in/bus-tickets/kolkata-to-arambagh-west-bengal,SBSTC-KOLKATA - ARAMBAG - NON STOP - 08:30 - 575,Non AC Seater (2+3),08:30,02h 30m,11:00,4.2,INR 95,52 Seats available
Kolkata to Arambagh (West Bengal),https://www.redbus.in/bus-tickets/kolkata-to-arambagh-west-bengal,,,,,,,,
Kolkata to Arambagh (West Bengal),https://www.redbus.in/bus-tickets/kolkata-to-arambagh-west-bengal,,,,,,,,
Kolkata to Arambagh (West Bengal),https://www.redbus.in/bus-tickets/kolkata-to-arambagh-west-bengal,,,,,,,,
Kolkata to Nimtouri,https://www.redbus.in/bus-tickets/kolkata-to-nimtouri,SBSTC-GARIA - DIGHA - 04:00 (DIGHA DEPOT) - 911,Non AC Seater (2+3),04:00,20h 00m,00:00,5.0,INR 90,45 Seats available
Kolkata to Nimtouri,https://www.redbus.in/bus-tickets/kolkata-to-nimtouri,SBSTC-GARIA - DIGHA - 05:00 (DIGHA DEPOT) - 910,Non AC Seater (2+3),05:00,19h 00m,00:00,3.1,INR 90,49 Seats available
Kolkata to Nimtouri,https://www.redbus.in/bus-tickets/kolkata-to-nimtouri,SBSTC-BELGHARIA - DIGHA - 05:15 (BEL DEPOT) - 1362,Non AC Seater (2+3),05:15,18h 45m,00:00,4.0,INR 81,49 Seats available
Kolkata to Nimtouri,https://www.redbus.in/bus-tickets/kolkata-to-nimtouri,,,,,,,,
Kolkata to Nimtouri,https://www.redbus.in/bus-tickets/kolkata-to-nimtouri,,,,,,,,
Jhargram to Kolkata,https://www.redbus.in/bus-tickets/jhargram-to-kolkata,SBSTC-JHARGRAM - KOLKATA - VIA - LODHASULI - 05:00 (JHAR - 3493,Non AC Seater (2+3),05:00,19h 00m,00:00,4.0,INR 140,52 Seats available
Jhargram to Kolkata,https://www.redbus.in/bus-tickets/jhargram-to-kolkata,SBSTC-JHARGRAM - KOLKATA - VIA - LODHASULI - 05:40 (JHAR - 3494,Non AC Seater (2+3),05:40,18h 20m,00:00,3.9,INR 140,52 Seats available
Jhargram to Kolkata,https://www.redbus.in/bus-tickets/jhargram-to-kolkata,SBSTC-JHARGRAM - KOLKATA - VIA - LODHASULI - 06:30 (JHAR - 3495,Non AC Seater (2+3),06:30,17h 30m,00:00,4.0,INR 140,52 Seats available
Jhargram to Kolkata,https://www.redbus.in/bus-tickets/jhargram-to-kolkata,,,,,,,,
Jhargram to Kolkata,https://www.redbus.in/bus-tickets/jhargram-to-kolkata,,,,,,,,
Digha to Durgapur (West Bengal),https://www.redbus.in/bus-tickets/digha-to-durgapur,SBSTC-DIGHA - ASANSOL - 05:50 (ASN DEPOT) - 1486,Non AC Seater (2+3),05:50,08h 30m,14:20,3.1,INR 238,49 Seats available
Digha to Durgapur (West Bengal),https://www.redbus.in/bus-tickets/digha-to-durgapur,SBSTC-DIGHA - DURGAPUR - VIA - BISHNUPUR - 08:35 - 1338,Non AC Seater (2+3),08:35,08h 30m,17:05,2.0,INR 238,49 Seats available
Digha to Durgapur (West Bengal),https://www.redbus.in/bus-tickets/digha-to-durgapur,SBSTC-DIGHA - DURGAPUR - VIA - BISHNUPUR - 2/2 - 20:30 - 3808,Non AC Seater (2+2),20:30,08h 10m,04:40,3.7,INR 233,34 Seats available
Digha to Durgapur (West Bengal),https://www.redbus.in/bus-tickets/digha-to-durgapur,SBSTC-DIGHA - ASANSOL - VIA - MEDINIPUR-DURGAPUR - 21:30 - 1553,Non AC Seater (2+3),21:30,08h 30m,06:00,3.5,INR 238,51 Seats available
Digha to Durgapur (West Bengal),https://www.redbus.in/bus-tickets/digha-to-durgapur,,,,,,,,
Kolkata to Chandipur (West Bengal),https://www.redbus.in/bus-tickets/kolkata-to-chandipur-west-bengal,SBSTC-GARIA - DIGHA - 04:00 (DIGHA DEPOT) - 911,Non AC Seater (2+3),04:00,20h 00m,00:00,4.4,INR 108,45 Seats available
Kolkata to Chandipur (West Bengal),https://www.redbus.in/bus-tickets/kolkata-to-chandipur-west-bengal,SBSTC-GARIA - DIGHA - 05:00 (DIGHA DEPOT) - 910,Non AC Seater (2+3),05:00,19h 00m,00:00,2.4,INR 108,49 Seats available
Kolkata to Chandipur (West Bengal),https://www.redbus.in/bus-tickets/kolkata-to-chandipur-west-bengal,SBSTC-BELGHARIA - DIGHA - 05:15 (BEL DEPOT) - 1362,Non AC Seater (2+3),05:15,18h 45m,00:00,3.8,INR 99,49 Seats available
Kolkata to Chandipur (West Bengal),https://www.redbus.in/bus-tickets/kolkata-to-chandipur-west-bengal,,,,,,,,
Kolkata to Chandipur (West Bengal),https://www.redbus.in/bus-tickets/kolkata-to-chandipur-west-bengal,,,,,,,,
Kolkata to Debra,https://www.redbus.in/bus-tickets/kolkata-to-debra,SBSTC-KARUNAMOYEE - BANDWAN - VIA - KALAIKUNDA - 04:45 ( - 3800,Non AC Seater (2+3),05:40,18h 20m,00:00,3.4,INR 86,52 Seats available
Kolkata to Debra,https://www.redbus.in/bus-tickets/kolkata-to-debra,SBSTC-GARIA - JHARGRAM - VIA - MIDNAPUR - 06:15 - 2215,Non AC Seater (2+3),06:15,17h 45m,00:00,5.0,INR 106,49 Seats available
Kolkata to Debra,https://www.redbus.in/bus-tickets/kolkata-to-debra,SBSTC-KARUNAMOYEE - JHARGRAM - 05:30 (JHRM DEPOT) - 954,Non AC Seater (2+3),06:30,17h 30m,00:00,3.9,INR 88,52 Seats available
Kolkata to Debra,https://www.redbus.in/bus-tickets/kolkata-to-debra,,,,,,,,
Kolkata to Debra,https://www.redbus.in/bus-tickets/kolkata-to-debra,,,,,,,,
Kirnahar (West Bengal) to Kolkata,https://www.redbus.in/bus-tickets/kirnahar-west-bengal-to-kolkata,SBSTC-KIRNAHAR - KOLKATA - 05:10 (BWN DEPOT) - 3558,Non AC Seater (2+3),05:10,05h 30m,10:40,3.8,INR 150,52 Seats available
Kirnahar (West Bengal) to Kolkata,https://www.redbus.in/bus-tickets/kirnahar-west-bengal-to-kolkata,SBSTC-LANGALHATA - KOLKATA - 05:00 (BWN DEPOT) - 1850,Non AC Seater (2+3),06:00,05h 30m,11:30,3.6,INR 150,48 Seats available
Kolkata to Panskura,https://www.redbus.in/bus-tickets/kolkata-to-panskura,SBSTC-KARUNAMOYEE - BANDWAN - VIA - KALAIKUNDA - 04:45 ( - 3800,Non AC Seater (2+3),05:40,18h 20m,00:00,4.0,INR 75,52 Seats available
Kolkata to Panskura,https://www.redbus.in/bus-tickets/kolkata-to-panskura,SBSTC-KARUNAMOYEE - MIDNAPUR - 06:00 (MID DEPOT) - 974,Non AC Seater (2+3),06:00,18h 00m,00:00,4.0,INR 83,52 Seats available
Kolkata to Panskura,https://www.redbus.in/bus-tickets/kolkata-to-panskura,SBSTC-GARIA - JHARGRAM - VIA - MIDNAPUR - 06:15 - 2215,Non AC Seater (2+3),06:15,17h 45m,00:00,5.0,INR 94,49 Seats available
Kolkata to Panskura,https://www.redbus.in/bus-tickets/kolkata-to-panskura,,,,,,,,
Kolkata to Panskura,https://www.redbus.in/bus-tickets/kolkata-to-panskura,,,,,,,,
Kolkata to Heria,https://www.redbus.in/bus-tickets/kolkata-to-heria,SBSTC-GARIA - DIGHA - 04:00 (DIGHA DEPOT) - 911,Non AC Seater (2+3),04:00,20h 00m,00:00,1.7,INR 119,45 Seats available
Kolkata to Heria,https://www.redbus.in/bus-tickets/kolkata-to-heria,SBSTC-GARIA - DIGHA - 05:00 (DIGHA DEPOT) - 910,Non AC Seater (2+3),05:00,19h 00m,00:00,5.0,INR 119,49 Seats available
Kolkata to Heria,https://www.redbus.in/bus-tickets/kolkata-to-heria,SBSTC-BELGHARIA - DIGHA - 05:15 (BEL DEPOT) - 1362,Non AC Seater (2+3),05:15,18h 45m,00:00,4.9,INR 110,49 Seats available
Kolkata to Heria,https://www.redbus.in/bus-tickets/kolkata-to-heria,,,,,,,,
Kolkata to Heria,https://www.redbus.in/bus-tickets/kolkata-to-heria,,,,,,,,
Kolkata to Heria,https://www.redbus.in/bus-tickets/kolkata-to-heria,,,,,,,,
Kolkata to Heria,https://www.redbus.in/bus-tickets/kolkata-to-heria,,,,,,,,
Kolkata to Heria,https://www.redbus.in/bus-tickets/kolkata-to-heria,,,,,,,,
Illambazar to Kolkata,https://www.redbus.in/bus-tickets/illambazar-to-kolkata,SBSTC-SURI - KOLKATA - 03:45 (Suri Depot) - 2421,Non AC Seater (2+3),04:40,19h 20m,00:00,2.2,INR 155,52 Seats available
Illambazar to Kolkata,https://www.redbus.in/bus-tickets/illambazar-to-kolkata,SBSTC-SURI - KOLKATA - VIA - SRINEKATAN - 04:20 - 679,Non AC Seater (2+3),05:30,18h 30m,00:00,3.4,INR 155,50 Seats available
Illambazar to Kolkata,https://www.redbus.in/bus-tickets/illambazar-to-kolkata,SBSTC-SURI - KARUNAMOYEE - 04:40 (Suri Depot) - 668,Non AC Seater (2+3),05:40,18h 20m,00:00,3.2,INR 160,51 Seats available
Illambazar to Kolkata,https://www.redbus.in/bus-tickets/illambazar-to-kolkata,SBSTC-SURI - KOLKATA - 05:00 (Suri Depot) - 657,Non AC Seater (2+3),06:00,18h 00m,00:00,2.5,INR 155,52 Seats available
Illambazar to Kolkata,https://www.redbus.in/bus-tickets/illambazar-to-kolkata,,,,,,,,
Illambazar to Kolkata,https://www.redbus.in/bus-tickets/illambazar-to-kolkata,,,,,,,,
Berhampore (West Bengal) to Durgapur (West Bengal),https://www.redbus.in/bus-tickets/berhampore-to-durgapur,SBSTC-BERHAMPUR - DURGAPUR - VIA - SURI - 06:00 (BRP DEP - 1020,Non AC Seater (2+3),06:00,04h 00m,10:00,3.1,INR 159,52 Seats available
Berhampore (West Bengal) to Durgapur (West Bengal),https://www.redbus.in/bus-tickets/berhampore-to-durgapur,SBSTC-BERHAMPUR - DURGAPUR - VIA - BOLPUR - 06:45 - 1090,Non AC Seater (2+3),06:45,04h 00m,10:45,3.5,INR 143,50 Seats available
Berhampore (West Bengal) to Durgapur (West Bengal),https://www.redbus.in/bus-tickets/berhampore-to-durgapur,SBSTC-BERHAMPUR - DURGAPUR - VIA - SURI - 07:00 (BRP DEP - 1021,Non AC Seater (2+3),07:00,04h 00m,11:00,4.3,INR 159,52 Seats available
Berhampore (West Bengal) to Durgapur (West Bengal),https://www.redbus.in/bus-tickets/berhampore-to-durgapur,,,,,,,,
Berhampore (West Bengal) to Durgapur (West Bengal),https://www.redbus.in/bus-tickets/berhampore-to-durgapur,,,,,,,,
Berhampore (West Bengal) to Durgapur (West Bengal),https://www.redbus.in/bus-tickets/berhampore-to-durgapur,,,,,,,,
Purulia to Durgapur (West Bengal),https://www.redbus.in/bus-tickets/purulia-to-durgapur,SBSTC-PURULIA-KOLKATA -04:45 (VIA BNK) L/S - 220,Non AC Seater (2+3),04:45,03h 45m,08:30,3.7,INR 117,49 Seats available
Purulia to Durgapur (West Bengal),https://www.redbus.in/bus-tickets/purulia-to-durgapur,SBSTC-PURULIA - MALDA - 05:00 (PRL DEPOT) - 2528,Non AC Seater (2+3),05:00,03h 40m,08:40,3.5,INR 112,52 Seats available
Purulia to Durgapur (West Bengal),https://www.redbus.in/bus-tickets/purulia-to-durgapur,SBSTC-PURULIA - BERHAMPUR - 05:30 (PRL DEPOT) - 907,Non AC Seater (2+3),05:30,04h 00m,09:30,5.0,INR 112,52 Seats available
Purulia to Durgapur (West Bengal),https://www.redbus.in/bus-tickets/purulia-to-durgapur,,,,,,,,
Purulia to Durgapur (West Bengal),https://www.redbus.in/bus-tickets/purulia-to-durgapur,,,,,,,,
Purulia to Durgapur (West Bengal),https://www.redbus.in/bus-tickets/purulia-to-durgapur,,,,,,,,
Durgapur (West Bengal) to Berhampore (West Bengal),https://www.redbus.in/bus-tickets/durgapur-to-berhampore,SBSTC-DURGAPUR - BERHAMPUR - VIA - SURI - 04:00 - 1098,Non AC Seater (2+3),04:30,04h 00m,08:30,3.7,INR 159,52 Seats available
Durgapur (West Bengal) to Berhampore (West Bengal),https://www.redbus.in/bus-tickets/durgapur-to-berhampore,SBSTC-DURGAPUR - BERHAMPUR - VIA - SURI - 04:50 (DGP DEP - 1099,Non AC Seater (2+3),04:50,04h 00m,08:50,1.7,INR 163,50 Seats available
Durgapur (West Bengal) to Berhampore (West Bengal),https://www.redbus.in/bus-tickets/durgapur-to-berhampore,SBSTC-DURGAPUR - BERHAMPUR - VIA - SURI - 05:30 - 1100,Non AC Seater (2+3),05:30,04h 00m,09:30,1.4,INR 163,52 Seats available
Durgapur (West Bengal) to Berhampore (West Bengal),https://www.redbus.in/bus-tickets/durgapur-to-berhampore,,,,,,,,
Durgapur (West Bengal) to Berhampore (West Bengal),https://www.redbus.in/bus-tickets/durgapur-to-berhampore,,,,,,,,
Durgapur (West Bengal) to Berhampore (West Bengal),https://www.redbus.in/bus-tickets/durgapur-to-berhampore,,,,,,,,
Kolkata to Futishanko,https://www.redbus.in/bus-tickets/kolkata-to-futishanko,SBSTC-KOLKATA - LABPUR - VIA KIRNAHAR - 07:25 (HWH DEPOT - 1118,Non AC Seater (2+3),07:25,16h 35m,00:00,2.0,INR 140,49 Seats available
Kolkata to Futishanko,https://www.redbus.in/bus-tickets/kolkata-to-futishanko,SBSTC-KOLKATA - TARAPITH - VIA - FUTISANKO - 09:30 (FALT - 2889,Non AC Seater (2+3),09:30,14h 30m,00:00,4.1,INR 140,52 Seats available
Kolkata to Futishanko,https://www.redbus.in/bus-tickets/kolkata-to-futishanko,SBSTC-KOLKATA - RAMPURHAT - VIA - TARAPITH - 12:20 - 3010,Non AC Seater (2+3),12:20,11h 40m,00:00,5.0,INR 140,52 Seats available
Kolkata to Futishanko,https://www.redbus.in/bus-tickets/kolkata-to-futishanko,,,,,,,,
Kolkata to Futishanko,https://www.redbus.in/bus-tickets/kolkata-to-futishanko,,,,,,,,
Kolkata to Kirnahar (West Bengal),https://www.redbus.in/bus-tickets/kolkata-to-kirnahar-west-bengal,SBSTC-KOLKATA - LABPUR - VIA KIRNAHAR - 07:25 (HWH DEPOT - 1118,Non AC Seater (2+3),07:25,05h 30m,12:55,3.1,INR 150,48 Seats available
Kolkata to Kirnahar (West Bengal),https://www.redbus.in/bus-tickets/kolkata-to-kirnahar-west-bengal,SBSTC-KOLKATA - KIRNAHAR - 14:35 (BWN DEPOT) - 1047,Non AC Seater (2+3),14:35,05h 30m,20:05,2.8,INR 150,52 Seats available
Kolkata to Kirnahar (West Bengal),https://www.redbus.in/bus-tickets/kolkata-to-kirnahar-west-bengal,SBSTC-KOLKATA - LANGALHATA - 15:15 (BWN DEPOT) - 1849,Non AC Seater (2+3),15:15,05h 30m,20:45,3.6,INR 150,52 Seats available
Kolkata to Kirnahar (West Bengal),https://www.redbus.in/bus-tickets/kolkata-to-kirnahar-west-bengal,,,,,,,,
Kolkata to Ramnagar (West Bengal),https://www.redbus.in/bus-tickets/kolkata-to-ramnagar-west-bengal,SBSTC-GARIA - DIGHA - 04:00 (DIGHA DEPOT) - 911,Non AC Seater (2+3),04:00,20h 00m,00:00,4.9,INR 154,45 Seats available
Kolkata to Ramnagar (West Bengal),https://www.redbus.in/bus-tickets/kolkata-to-ramnagar-west-bengal,SBSTC-GARIA - DIGHA - 05:00 (DIGHA DEPOT) - 910,Non AC Seater (2+3),05:00,19h 00m,00:00,4.5,INR 154,49 Seats available
Kolkata to Ramnagar (West Bengal),https://www.redbus.in/bus-tickets/kolkata-to-ramnagar-west-bengal,SBSTC-BELGHARIA - DIGHA - 05:15 (BEL DEPOT) - 1362,Non AC Seater (2+3),05:15,03h 30m,08:45,3.9,INR 147,49 Seats available
Kolkata to Ramnagar (West Bengal),https://www.redbus.in/bus-tickets/kolkata-to-ramnagar-west-bengal,,,,,,,,
Kolkata to Ramnagar (West Bengal),https://www.redbus.in/bus-tickets/kolkata-to-ramnagar-west-bengal,,,,,,,,
Kolkata to Ramnagar (West Bengal),https://www.redbus.in/bus-tickets/kolkata-to-ramnagar-west-bengal,,,,,,,,
Kolkata to Ramnagar (West Bengal),https://www.redbus.in/bus-tickets/kolkata-to-ramnagar-west-bengal,,,,,,,,
Kolkata to Ramnagar (West Bengal),https://www.redbus.in/bus-tickets/kolkata-to-ramnagar-west-bengal,,,,,,,,
Kolkata to Ramnagar (West Bengal),https://www.redbus.in/bus-tickets/kolkata-to-ramnagar-west-bengal,,,,,,,,
Kolkata to Ramnagar (West Bengal),https://www.redbus.in/bus-tickets/kolkata-to-ramnagar-west-bengal,,,,,,,,
Durgapur (West Bengal) to Bankura,https://www.redbus.in/bus-tickets/durgapur-to-bankura,SBSTC-DURGAPUR - GOPIBALLAVPUR - 05:10 (DGP DEPOT) - 1241,Non AC Seater (2+3),05:45,18h 15m,00:00,3.0,INR 48,52 Seats available
Durgapur (West Bengal) to Bankura,https://www.redbus.in/bus-tickets/durgapur-to-bankura,SBSTC-DURGAPUR - JHARGRAM - 06:45 (DGP DEPOT) - 3737,Non AC Seater (2+3),06:45,01h 00m,07:45,2.9,INR 53,48 Seats available
Durgapur (West Bengal) to Bankura,https://www.redbus.in/bus-tickets/durgapur-to-bankura,SBSTC-DURGAPUR - MANBAZAR - 09:15 (MAN BZR) - 3609,Non AC Seater (2+3),09:15,01h 00m,10:15,3.0,INR 53,52 Seats available
Durgapur (West Bengal) to Bankura,https://www.redbus.in/bus-tickets/durgapur-to-bankura,,,,,,,,
Durgapur (West Bengal) to Bankura,https://www.redbus.in/bus-tickets/durgapur-to-bankura,,,,,,,,
Durgapur (West Bengal) to Bankura,https://www.redbus.in/bus-tickets/durgapur-to-bankura,,,,,,,,
Durgapur (West Bengal) to Bankura,https://www.redbus.in/bus-tickets/durgapur-to-bankura,,,,,,,,
Durgapur (West Bengal) to Bankura,https://www.redbus.in/bus-tickets/durgapur-to-bankura,,,,,,,,
Kolkata to Ashari,https://www.redbus.in/bus-tickets/kolkata-to-ashari,SBSTC-KARUNAMOYEE - BANDWAN - VIA - KALAIKUNDA - 04:45 ( - 3800,Non AC Seater (2+3),05:40,18h 20m,00:00,4.0,INR 81,52 Seats available
Kolkata to Ashari,https://www.redbus.in/bus-tickets/kolkata-to-ashari,SBSTC-GARIA - JHARGRAM - VIA - MIDNAPUR - 06:15 - 2215,Non AC Seater (2+3),06:15,17h 45m,00:00,3.9,INR 100,49 Seats available
Kolkata to Ashari,https://www.redbus.in/bus-tickets/kolkata-to-ashari,SBSTC-KARUNAMOYEE - JHARGRAM - 05:30 (JHRM DEPOT) - 954,Non AC Seater (2+3),06:30,17h 30m,00:00,5.0,INR 82,52 Seats available
Kolkata to Ashari,https://www.redbus.in/bus-tickets/kolkata-to-ashari,,,,,,,,
Kolkata to Ashari,https://www.redbus.in/bus-tickets/kolkata-to-ashari,,,,,,,,
Barasat (West Bengal) to Digha,https://www.redbus.in/bus-tickets/barasat-west-bengal-to-digha,WBTC (CTC) BARASAT-DIGHA via Bally - 38|03:45,Non AC Seater (2+3),03:45,03h 55m,07:40,3.9,INR 161,38 Seats available
Barasat (West Bengal) to Digha,https://www.redbus.in/bus-tickets/barasat-west-bengal-to-digha,WBTC (CTC) HABRA-DIGHA via Bally - 26|04:30,Non AC Seater (2+3),04:30,03h 50m,08:20,3.8,INR 161,43 Seats available
Barasat (West Bengal) to Digha,https://www.redbus.in/bus-tickets/barasat-west-bengal-to-digha,WBTC (CTC) HABRA-DIGHA via Bally - 26|05:00,Non AC Seater (2+3),05:00,03h 50m,08:50,4.0,INR 161,44 Seats available
Barasat (West Bengal) to Digha,https://www.redbus.in/bus-tickets/barasat-west-bengal-to-digha,,,,,,,,
Barasat (West Bengal) to Digha,https://www.redbus.in/bus-tickets/barasat-west-bengal-to-digha,,,,,,,,
Barasat (West Bengal) to Digha,https://www.redbus.in/bus-tickets/barasat-west-bengal-to-digha,,,,,,,,
Barasat (West Bengal) to Digha,https://www.redbus.in/bus-tickets/barasat-west-bengal-to-digha,,,,,,,,
Barasat (West Bengal) to Digha,https://www.redbus.in/bus-tickets/barasat-west-bengal-to-digha,,,,,,,,
Barasat (West Bengal) to Digha,https://www.redbus.in/bus-tickets/barasat-west-bengal-to-digha,,,,,,,,
Barasat (West Bengal) to Digha,https://www.redbus.in/bus-tickets/barasat-west-bengal-to-digha,,,,,,0,,
