Route_Name,Route_Link,Bus_Name,Bus_Type,Departing_Time,Duration,Reaching_Time,Star_Rating,Price,Seat_Availability
Bareilly to Delhi,https://www.redbus.in/bus-tickets/bareilly-to-delhi,UPSRTC - BLP0013,Ordinary Non AC Seater 2+3,00:05,05h 55m,06:00,3.3,INR 426,52 Seats available
Bareilly to Delhi,https://www.redbus.in/bus-tickets/bareilly-to-delhi,UPSRTC - GND0080,Ordinary Non AC Seater 2+3,00:10,07h 20m,07:30,3.3,INR 426,52 Seats available
Bareilly to Delhi,https://www.redbus.in/bus-tickets/bareilly-to-delhi,UPSRTC - PLB0002,Shatabdi AC Seater 2+2,00:25,05h 35m,06:00,3.5,INR 598,36 Seats available
Bareilly to Delhi,https://www.redbus.in/bus-tickets/bareilly-to-delhi,,,,,,,,
Bareilly to Delhi,https://www.redbus.in/bus-tickets/bareilly-to-delhi,,,,,,,,
Bareilly to Delhi,https://www.redbus.in/bus-tickets/bareilly-to-delhi,,,,,,,,
Bareilly to Delhi,https://www.redbus.in/bus-tickets/bareilly-to-delhi,,,,,,,,
Bareilly to Delhi,https://www.redbus.in/bus-tickets/bareilly-to-delhi,,,,,,,,
Bareilly to Delhi,https://www.redbus.in/bus-tickets/bareilly-to-delhi,,,,,,,,
Bareilly to Delhi,https://www.redbus.in/bus-tickets/bareilly-to-delhi,,,,,,,,
Aligarh (uttar pradesh) to Delhi,https://www.redbus.in/bus-tickets/aligarh-uttar-pradesh-to-delhi,UPSRTC - MNP0128,Ordinary Non AC Seater 2+3,00:45,02h 52m,03:37,3.3,INR 255,52 Seats available
Aligarh (uttar pradesh) to Delhi,https://www.redbus.in/bus-tickets/aligarh-uttar-pradesh-to-delhi,UPSRTC - MHB0265,Ordinary Non AC Seater 2+3,01:07,03h 53m,05:00,3.3,INR 261,52 Seats available
Aligarh (uttar pradesh) to Delhi,https://www.redbus.in/bus-tickets/aligarh-uttar-pradesh-to-delhi,UPSRTC - MHB0184,Ordinary Non AC Seater 2+3,01:08,03h 56m,05:04,3.3,INR 261,52 Seats available
Aligarh (uttar pradesh) to Delhi,https://www.redbus.in/bus-tickets/aligarh-uttar-pradesh-to-delhi,UPSRTC - MNP0132,Ordinary Non AC Seater 2+3,01:20,02h 52m,04:12,3.3,INR 255,52 Seats available
Aligarh (uttar pradesh) to Delhi,https://www.redbus.in/bus-tickets/aligarh-uttar-pradesh-to-delhi,UPSRTC - MHB0186,Rajdhani Non AC Seater 2+3,02:08,03h 56m,06:04,3.3,INR 261,51 Seats available
Aligarh (uttar pradesh) to Delhi,https://www.redbus.in/bus-tickets/aligarh-uttar-pradesh-to-delhi,UPSRTC - ORI0122,Ordinary Non AC Seater 2+3,02:15,03h 45m,06:00,3.3,INR 255,52 Seats available
Aligarh (uttar pradesh) to Delhi,https://www.redbus.in/bus-tickets/aligarh-uttar-pradesh-to-delhi,UPSRTC - MHB0263,Ordinary Non AC Seater 2+3,02:34,03h 41m,06:15,3.3,INR 255,52 Seats available
Aligarh (uttar pradesh) to Delhi,https://www.redbus.in/bus-tickets/aligarh-uttar-pradesh-to-delhi,UPSRTC - FTP0023,Rajdhani Non AC Seater 2+3,02:45,03h 45m,06:30,3.3,INR 252,51 Seats available
Aligarh (uttar pradesh) to Delhi,https://www.redbus.in/bus-tickets/aligarh-uttar-pradesh-to-delhi,UPSRTC - ALI0005,Janrath AC Seater 2+3,05:30,02h 30m,08:00,2.7,INR 264,48 Seats available
Aligarh (uttar pradesh) to Delhi,https://www.redbus.in/bus-tickets/aligarh-uttar-pradesh-to-delhi,UPSRTC - ALI0615,Janrath AC Seater 2+2,06:01,03h 00m,09:01,3.3,INR 305,35 Seats available
Aligarh (uttar pradesh) to Delhi,https://www.redbus.in/bus-tickets/aligarh-uttar-pradesh-to-delhi,UPSRTC - MHB0273,Ordinary Non AC Seater 2+3,06:42,03h 53m,10:35,4.3,INR 255,52 Seats available
Aligarh (uttar pradesh) to Delhi,https://www.redbus.in/bus-tickets/aligarh-uttar-pradesh-to-delhi,UPSRTC - BDV0172,Janrath AC Seater 2+2,06:59,03h 00m,09:59,3.3,INR 335.5,36 Seats available
Aligarh (uttar pradesh) to Delhi,https://www.redbus.in/bus-tickets/aligarh-uttar-pradesh-to-delhi,UPSRTC - BDV0086,Ordinary Non AC Seater 2+3,07:13,03h 20m,10:33,3.3,INR 204,52 Seats available
Aligarh (uttar pradesh) to Delhi,https://www.redbus.in/bus-tickets/aligarh-uttar-pradesh-to-delhi,UPSRTC - KSN0191,Janrath AC Seater 2+2,07:15,03h 16m,10:31,3.3,INR 333,36 Seats available
Aligarh (uttar pradesh) to Delhi,https://www.redbus.in/bus-tickets/aligarh-uttar-pradesh-to-delhi,UPSRTC - BDV0104,Ordinary Non AC Seater 2+3,07:30,03h 20m,10:50,3.3,INR 204,52 Seats available
Aligarh (uttar pradesh) to Delhi,https://www.redbus.in/bus-tickets/aligarh-uttar-pradesh-to-delhi,UPSRTC - BDV0472,Janrath AC Seater 2+3,07:30,03h 00m,10:30,3.3,INR 290.4,48 Seats available
Aligarh (uttar pradesh) to Delhi,https://www.redbus.in/bus-tickets/aligarh-uttar-pradesh-to-delhi,UPSRTC - MNP0034,Ordinary Non AC Seater 2+3,07:48,02h 47m,10:35,3.3,INR 255,52 Seats available
Aligarh (uttar pradesh) to Delhi,https://www.redbus.in/bus-tickets/aligarh-uttar-pradesh-to-delhi,UPSRTC - BDV0112,Ordinary Non AC Seater 2+3,07:59,03h 21m,11:20,2.9,INR 204,52 Seats available
Aligarh (uttar pradesh) to Delhi,https://www.redbus.in/bus-tickets/aligarh-uttar-pradesh-to-delhi,UPSRTC - ALI0008,Janrath AC Seater 2+2,08:00,03h 00m,11:00,3.3,INR 305,36 Seats available
Aligarh (uttar pradesh) to Delhi,https://www.redbus.in/bus-tickets/aligarh-uttar-pradesh-to-delhi,UPSRTC - ALI0056,Ordinary Non AC Seater 2+3,08:20,02h 55m,11:15,3.3,INR 204,51 Seats available
Aligarh (uttar pradesh) to Delhi,https://www.redbus.in/bus-tickets/aligarh-uttar-pradesh-to-delhi,UPSRTC - ALI0052,Ordinary Non AC Seater 2+3,08:39,03h 01m,11:40,3.3,INR 204,52 Seats available
Aligarh (uttar pradesh) to Delhi,https://www.redbus.in/bus-tickets/aligarh-uttar-pradesh-to-delhi,UPSRTC - MNP0038,Ordinary Non AC Seater 2+3,08:48,02h 47m,11:35,3.3,INR 255,52 Seats available
Aligarh (uttar pradesh) to Delhi,https://www.redbus.in/bus-tickets/aligarh-uttar-pradesh-to-delhi,UPSRTC - BDV0468,Janrath AC Seater 2+2,09:01,03h 01m,12:02,3.3,INR 305,36 Seats available
Aligarh (uttar pradesh) to Delhi,https://www.redbus.in/bus-tickets/aligarh-uttar-pradesh-to-delhi,UPSRTC - ALI0053,Ordinary Non AC Seater 2+3,09:10,03h 00m,12:10,3.3,INR 204,52 Seats available
Aligarh (uttar pradesh) to Delhi,https://www.redbus.in/bus-tickets/aligarh-uttar-pradesh-to-delhi,UPSRTC - BDV0474,Janrath AC Seater 2+3,09:30,03h 00m,12:30,3.3,INR 290.4,48 Seats available
Aligarh (uttar pradesh) to Delhi,https://www.redbus.in/bus-tickets/aligarh-uttar-pradesh-to-delhi,UPSRTC - ALI0054,Ordinary Non AC Seater 2+3,09:40,03h 00m,12:40,3.3,INR 204,52 Seats available
Aligarh (uttar pradesh) to Delhi,https://www.redbus.in/bus-tickets/aligarh-uttar-pradesh-to-delhi,UPSRTC - ALI0055,Ordinary Non AC Seater 2+3,09:55,03h 00m,12:55,3.3,INR 204,52 Seats available
Aligarh (uttar pradesh) to Delhi,https://www.redbus.in/bus-tickets/aligarh-uttar-pradesh-to-delhi,UPSRTC - BDV0090,Ordinary Non AC Seater 2+3,09:58,03h 20m,13:18,3.3,INR 204,52 Seats available
Aligarh (uttar pradesh) to Delhi,https://www.redbus.in/bus-tickets/aligarh-uttar-pradesh-to-delhi,UPSRTC - MNP0046,Ordinary Non AC Seater 2+3,10:13,02h 47m,13:00,3.3,INR 255,52 Seats available
Aligarh (uttar pradesh) to Delhi,https://www.redbus.in/bus-tickets/aligarh-uttar-pradesh-to-delhi,UPSRTC - BDV0094,Ordinary Non AC Seater 2+3,10:28,03h 20m,13:48,3.3,INR 204,52 Seats available
Aligarh (uttar pradesh) to Delhi,https://www.redbus.in/bus-tickets/aligarh-uttar-pradesh-to-delhi,UPSRTC - BDV0026,Ordinary Non AC Seater 2+3,10:45,03h 00m,13:45,3.3,INR 204,52 Seats available
Aligarh (uttar pradesh) to Delhi,https://www.redbus.in/bus-tickets/aligarh-uttar-pradesh-to-delhi,UPSRTC - BDV0460,Janrath AC Seater 2+2,11:02,03h 00m,14:02,3.3,INR 335.5,36 Seats available
Aligarh (uttar pradesh) to Delhi,https://www.redbus.in/bus-tickets/aligarh-uttar-pradesh-to-delhi,UPSRTC - BDV0106,Ordinary Non AC Seater 2+3,11:05,03h 20m,14:25,3.3,INR 204,52 Seats available
Aligarh (uttar pradesh) to Delhi,https://www.redbus.in/bus-tickets/aligarh-uttar-pradesh-to-delhi,UPSRTC - BRT0309,Ordinary Non AC Seater 2+3,12:05,04h 54m,16:59,3.3,INR 255,52 Seats available
Aligarh (uttar pradesh) to Delhi,https://www.redbus.in/bus-tickets/aligarh-uttar-pradesh-to-delhi,UPSRTC - BDV0084,Ordinary Non AC Seater 2+3,12:28,03h 20m,15:48,3.3,INR 204,52 Seats available
Aligarh (uttar pradesh) to Delhi,https://www.redbus.in/bus-tickets/aligarh-uttar-pradesh-to-delhi,UPSRTC - BDV0098,Ordinary Non AC Seater 2+3,12:30,03h 20m,15:50,3.0,INR 204,52 Seats available
Aligarh (uttar pradesh) to Delhi,https://www.redbus.in/bus-tickets/aligarh-uttar-pradesh-to-delhi,UPSRTC - ALI0007,Janrath AC Seater 2+3,12:30,03h 00m,15:30,3.3,INR 264,48 Seats available
Aligarh (uttar pradesh) to Delhi,https://www.redbus.in/bus-tickets/aligarh-uttar-pradesh-to-delhi,UPSRTC - ALI0617,Janrath AC Seater 2+2,13:01,03h 00m,16:01,3.3,INR 305,36 Seats available
Aligarh (uttar pradesh) to Delhi,https://www.redbus.in/bus-tickets/aligarh-uttar-pradesh-to-delhi,UPSRTC - MNP0157,Ordinary Non AC Seater 2+3,13:15,02h 52m,16:07,3.3,INR 249,52 Seats available
Aligarh (uttar pradesh) to Delhi,https://www.redbus.in/bus-tickets/aligarh-uttar-pradesh-to-delhi,UPSRTC - GRH0352,Ordinary Non AC Seater 2+3,13:19,03h 42m,17:01,3.3,INR 255,52 Seats available
Aligarh (uttar pradesh) to Delhi,https://www.redbus.in/bus-tickets/aligarh-uttar-pradesh-to-delhi,UPSRTC - MNP0151,Ordinary Non AC Seater 2+3,13:50,02h 52m,16:42,3.3,INR 252,52 Seats available
Aligarh (uttar pradesh) to Delhi,https://www.redbus.in/bus-tickets/aligarh-uttar-pradesh-to-delhi,UPSRTC - MNP0025,Ordinary Non AC Seater 2+3,13:56,03h 32m,17:28,3.3,INR 255,52 Seats available
Aligarh (uttar pradesh) to Delhi,https://www.redbus.in/bus-tickets/aligarh-uttar-pradesh-to-delhi,UPSRTC - BDV0174,Janrath AC Seater 2+2,13:59,03h 00m,16:59,3.3,INR 335.5,35 Seats available
Aligarh (uttar pradesh) to Delhi,https://www.redbus.in/bus-tickets/aligarh-uttar-pradesh-to-delhi,UPSRTC - MNP0137,Ordinary Non AC Seater 2+3,14:10,02h 52m,17:02,3.3,INR 252,52 Seats available
Aligarh (uttar pradesh) to Delhi,https://www.redbus.in/bus-tickets/aligarh-uttar-pradesh-to-delhi,UPSRTC - MNP0142,Ordinary Non AC Seater 2+3,14:40,02h 52m,17:32,3.1,INR 255,52 Seats available
Aligarh (uttar pradesh) to Delhi,https://www.redbus.in/bus-tickets/aligarh-uttar-pradesh-to-delhi,UPSRTC - ALI0010,Janrath AC Seater 2+2,15:00,03h 00m,18:00,3.3,INR 305,36 Seats available
Aligarh (uttar pradesh) to Delhi,https://www.redbus.in/bus-tickets/aligarh-uttar-pradesh-to-delhi,UPSRTC - SKB0212,Ordinary Non AC Seater 2+3,15:16,04h 44m,20:00,3.3,INR 253,52 Seats available
Aligarh (uttar pradesh) to Delhi,https://www.redbus.in/bus-tickets/aligarh-uttar-pradesh-to-delhi,UPSRTC - BDV0088,Ordinary Non AC Seater 2+3,15:28,03h 20m,18:48,3.3,INR 204,52 Seats available
Aligarh (uttar pradesh) to Delhi,https://www.redbus.in/bus-tickets/aligarh-uttar-pradesh-to-delhi,UPSRTC - BDV0110,Ordinary Non AC Seater 2+3,15:29,03h 48m,19:17,3.3,INR 204,52 Seats available
Aligarh (uttar pradesh) to Delhi,https://www.redbus.in/bus-tickets/aligarh-uttar-pradesh-to-delhi,UPSRTC - BDV0102,Ordinary Non AC Seater 2+3,15:30,03h 20m,18:50,0,INR 204,52 Seats available
Delhi to Aligarh (uttar pradesh),https://www.redbus.in/bus-tickets/delhi-to-aligarh-uttar-pradesh,UPSRTC - MNP0147,Ordinary Non AC Seater 2+3,00:45,02h 49m,03:34,3.3,INR 280.5,52 Seats available
Delhi to Aligarh (uttar pradesh),https://www.redbus.in/bus-tickets/delhi-to-aligarh-uttar-pradesh,UPSRTC - MNP0121,Ordinary Non AC Seater 2+3,03:30,03h 06m,06:36,3.3,INR 280.5,52 Seats available
Delhi to Aligarh (uttar pradesh),https://www.redbus.in/bus-tickets/delhi-to-aligarh-uttar-pradesh,UPSRTC - MNP0276,Ordinary Non AC Seater 2+3,03:50,03h 06m,06:56,3.3,INR 280.5,52 Seats available
Delhi to Aligarh (uttar pradesh),https://www.redbus.in/bus-tickets/delhi-to-aligarh-uttar-pradesh,UPSRTC - MNP0125,Ordinary Non AC Seater 2+3,04:15,03h 06m,07:21,3.3,INR 255,52 Seats available
Delhi to Aligarh (uttar pradesh),https://www.redbus.in/bus-tickets/delhi-to-aligarh-uttar-pradesh,UPSRTC - MNP0129,Ordinary Non AC Seater 2+3,04:45,03h 06m,07:51,3.3,INR 255,52 Seats available
Delhi to Aligarh (uttar pradesh),https://www.redbus.in/bus-tickets/delhi-to-aligarh-uttar-pradesh,UPSRTC - BDV0109,Ordinary Non AC Seater 2+3,05:27,03h 23m,08:50,3.3,INR 204,52 Seats available
Delhi to Aligarh (uttar pradesh),https://www.redbus.in/bus-tickets/delhi-to-aligarh-uttar-pradesh,UPSRTC - BDV0093,Ordinary Non AC Seater 2+3,05:29,03h 20m,08:49,3.3,INR 204,52 Seats available
Delhi to Aligarh (uttar pradesh),https://www.redbus.in/bus-tickets/delhi-to-aligarh-uttar-pradesh,UPSRTC - MNP0133,Ordinary Non AC Seater 2+3,05:30,03h 06m,08:36,3.3,INR 255,52 Seats available
Delhi to Aligarh (uttar pradesh),https://www.redbus.in/bus-tickets/delhi-to-aligarh-uttar-pradesh,UPSRTC - BDV0463,Janrath AC Seater 2+2,05:59,03h 02m,09:01,3.3,INR 305,32 Seats available
Delhi to Aligarh (uttar pradesh),https://www.redbus.in/bus-tickets/delhi-to-aligarh-uttar-pradesh,UPSRTC - BDV0097,Ordinary Non AC Seater 2+3,06:28,03h 20m,09:48,3.3,INR 204,52 Seats available
Delhi to Aligarh (uttar pradesh),https://www.redbus.in/bus-tickets/delhi-to-aligarh-uttar-pradesh,UPSRTC - BDV0101,Ordinary Non AC Seater 2+3,07:00,03h 20m,10:20,3.3,INR 204,52 Seats available
Delhi to Aligarh (uttar pradesh),https://www.redbus.in/bus-tickets/delhi-to-aligarh-uttar-pradesh,UPSRTC - KSN0190,Janrath AC Seater 2+3,07:45,03h 15m,11:00,3.3,INR 291,48 Seats available
Delhi to Aligarh (uttar pradesh),https://www.redbus.in/bus-tickets/delhi-to-aligarh-uttar-pradesh,UPSRTC - BDV0083,Ordinary Non AC Seater 2+3,08:28,03h 20m,11:48,3.3,INR 204,51 Seats available
Delhi to Aligarh (uttar pradesh),https://www.redbus.in/bus-tickets/delhi-to-aligarh-uttar-pradesh,UPSRTC - ALI0006,Janrath AC Seater 2+3,08:30,03h 30m,12:00,3.0,INR 264,40 Seats available
Delhi to Aligarh (uttar pradesh),https://www.redbus.in/bus-tickets/delhi-to-aligarh-uttar-pradesh,UPSRTC - ALI0616,Janrath AC Seater 2+2,09:31,03h 00m,12:31,3.3,INR 335.5,35 Seats available
Delhi to Aligarh (uttar pradesh),https://www.redbus.in/bus-tickets/delhi-to-aligarh-uttar-pradesh,UPSRTC - KSN0048,Janrath AC Seater 2+2,10:00,03h 40m,13:40,3.3,INR 333,36 Seats available
Delhi to Aligarh (uttar pradesh),https://www.redbus.in/bus-tickets/delhi-to-aligarh-uttar-pradesh,UPSRTC - BDV0173,Janrath AC Seater 2+2,10:29,03h 00m,13:29,3.3,INR 305,32 Seats available
Delhi to Aligarh (uttar pradesh),https://www.redbus.in/bus-tickets/delhi-to-aligarh-uttar-pradesh,UPSRTC - MHB0187,Rajdhani Non AC Seater 2+3,10:30,03h 54m,14:24,3.3,INR 287.1,49 Seats available
Delhi to Aligarh (uttar pradesh),https://www.redbus.in/bus-tickets/delhi-to-aligarh-uttar-pradesh,UPSRTC - BDV0473,Janrath AC Seater 2+3,11:00,03h 00m,14:00,3.3,INR 290.4,43 Seats available
Delhi to Aligarh (uttar pradesh),https://www.redbus.in/bus-tickets/delhi-to-aligarh-uttar-pradesh,UPSRTC - BDV0087,Ordinary Non AC Seater 2+3,11:28,03h 20m,14:48,3.3,INR 204,50 Seats available
Delhi to Aligarh (uttar pradesh),https://www.redbus.in/bus-tickets/delhi-to-aligarh-uttar-pradesh,UPSRTC - ALI0009,Janrath AC Seater 2+2,11:30,03h 00m,14:30,4.2,INR 305,31 Seats available
Delhi to Aligarh (uttar pradesh),https://www.redbus.in/bus-tickets/delhi-to-aligarh-uttar-pradesh,UPSRTC - MHB0266,Ordinary Non AC Seater 2+3,11:30,03h 54m,15:24,3.3,INR 261,52 Seats available
Delhi to Aligarh (uttar pradesh),https://www.redbus.in/bus-tickets/delhi-to-aligarh-uttar-pradesh,UPSRTC - BDV0105,Ordinary Non AC Seater 2+3,11:30,03h 20m,14:50,3.3,INR 204,52 Seats available
Delhi to Aligarh (uttar pradesh),https://www.redbus.in/bus-tickets/delhi-to-aligarh-uttar-pradesh,UPSRTC - BSP0002,Ordinary Non AC Seater 2+3,11:30,03h 30m,15:00,3.3,INR 224,52 Seats available
Delhi to Aligarh (uttar pradesh),https://www.redbus.in/bus-tickets/delhi-to-aligarh-uttar-pradesh,UPSRTC - KSN0192,Janrath AC Seater 2+2,11:31,03h 14m,14:45,3.3,INR 366.3,36 Seats available
Delhi to Aligarh (uttar pradesh),https://www.redbus.in/bus-tickets/delhi-to-aligarh-uttar-pradesh,UPSRTC - MNP0035,Ordinary Non AC Seater 2+3,11:33,02h 46m,14:19,3.3,INR 280.5,52 Seats available
Delhi to Aligarh (uttar pradesh),https://www.redbus.in/bus-tickets/delhi-to-aligarh-uttar-pradesh,UPSRTC - BDV0113,Ordinary Non AC Seater 2+3,11:59,03h 20m,15:19,3.3,INR 204,52 Seats available
Delhi to Aligarh (uttar pradesh),https://www.redbus.in/bus-tickets/delhi-to-aligarh-uttar-pradesh,UPSRTC - BRT0308,Ordinary Non AC Seater 2+3,11:59,03h 16m,15:15,3.3,INR 255,52 Seats available
Delhi to Aligarh (uttar pradesh),https://www.redbus.in/bus-tickets/delhi-to-aligarh-uttar-pradesh,UPSRTC - MHB0274,Ordinary Non AC Seater 2+3,12:00,03h 41m,15:41,3.3,INR 255,52 Seats available
Delhi to Aligarh (uttar pradesh),https://www.redbus.in/bus-tickets/delhi-to-aligarh-uttar-pradesh,UPSRTC - PTG0151,Ordinary Non AC Seater 2+3,12:10,03h 35m,15:45,3.3,INR 224,52 Seats available
Delhi to Aligarh (uttar pradesh),https://www.redbus.in/bus-tickets/delhi-to-aligarh-uttar-pradesh,UPSRTC - MHB0185,Ordinary Non AC Seater 2+3,12:30,03h 54m,16:24,3.3,INR 261,52 Seats available
Delhi to Aligarh (uttar pradesh),https://www.redbus.in/bus-tickets/delhi-to-aligarh-uttar-pradesh,UPSRTC - MNP0039,Ordinary Non AC Seater 2+3,12:30,02h 49m,15:19,3.3,INR 255,52 Seats available
Delhi to Aligarh (uttar pradesh),https://www.redbus.in/bus-tickets/delhi-to-aligarh-uttar-pradesh,UPSRTC - BDV0469,Janrath AC Seater 2+2,12:31,03h 00m,15:31,3.3,INR 335.5,34 Seats available
Delhi to Aligarh (uttar pradesh),https://www.redbus.in/bus-tickets/delhi-to-aligarh-uttar-pradesh,UPSRTC - PTG0149,Rajdhani Non AC Seater 2+3,12:50,03h 20m,16:10,3.3,INR 224,50 Seats available
Delhi to Aligarh (uttar pradesh),https://www.redbus.in/bus-tickets/delhi-to-aligarh-uttar-pradesh,UPSRTC - MHB0264,Ordinary Non AC Seater 2+3,13:00,03h 47m,16:47,3.3,INR 255,52 Seats available
Delhi to Aligarh (uttar pradesh),https://www.redbus.in/bus-tickets/delhi-to-aligarh-uttar-pradesh,UPSRTC - BDV0475,Janrath AC Seater 2+3,13:01,02h 29m,15:30,1.7,INR 290.4,45 Seats available
Delhi to Aligarh (uttar pradesh),https://www.redbus.in/bus-tickets/delhi-to-aligarh-uttar-pradesh,UPSRTC - KDN0073,Ordinary Non AC Seater 2+3,13:30,03h 38m,17:08,3.3,INR 255,52 Seats available
Delhi to Aligarh (uttar pradesh),https://www.redbus.in/bus-tickets/delhi-to-aligarh-uttar-pradesh,UPSRTC - BDV0091,Ordinary Non AC Seater 2+3,13:58,03h 20m,17:18,3.3,INR 204,52 Seats available
Delhi to Aligarh (uttar pradesh),https://www.redbus.in/bus-tickets/delhi-to-aligarh-uttar-pradesh,UPSRTC - MNP0047,Ordinary Non AC Seater 2+3,14:10,02h 49m,16:59,3.3,INR 255,52 Seats available
Delhi to Aligarh (uttar pradesh),https://www.redbus.in/bus-tickets/delhi-to-aligarh-uttar-pradesh,UPSRTC - MZP0026,Rajdhani Non AC Seater 2+3,14:20,03h 30m,17:50,3.3,INR 258,50 Seats available
Delhi to Aligarh (uttar pradesh),https://www.redbus.in/bus-tickets/delhi-to-aligarh-uttar-pradesh,UPSRTC - BDV0095,Ordinary Non AC Seater 2+3,14:28,03h 20m,17:48,3.3,INR 204,52 Seats available
Delhi to Aligarh (uttar pradesh),https://www.redbus.in/bus-tickets/delhi-to-aligarh-uttar-pradesh,UPSRTC - MZP0142,Rajdhani Non AC Seater 2+3,14:31,02h 59m,17:30,3.3,INR 258,50 Seats available
Delhi to Aligarh (uttar pradesh),https://www.redbus.in/bus-tickets/delhi-to-aligarh-uttar-pradesh,UPSRTC - BDV0461,Janrath AC Seater 2+2,14:32,03h 00m,17:32,3.3,INR 335.5,31 Seats available
Delhi to Aligarh (uttar pradesh),https://www.redbus.in/bus-tickets/delhi-to-aligarh-uttar-pradesh,UPSRTC - KSN0054,Janrath AC Seater 2+3,14:45,03h 34m,18:19,3.3,INR 291,48 Seats available
Delhi to Aligarh (uttar pradesh),https://www.redbus.in/bus-tickets/delhi-to-aligarh-uttar-pradesh,UPSRTC - BRT0134,Ordinary Non AC Seater 2+3,15:01,03h 59m,19:00,3.3,INR 255,52 Seats available
Delhi to Aligarh (uttar pradesh),https://www.redbus.in/bus-tickets/delhi-to-aligarh-uttar-pradesh,UPSRTC - BDV0107,Ordinary Non AC Seater 2+3,15:50,03h 20m,19:10,3.3,INR 204,52 Seats available
Delhi to Aligarh (uttar pradesh),https://www.redbus.in/bus-tickets/delhi-to-aligarh-uttar-pradesh,UPSRTC - ALI0004,Janrath AC Seater 2+3,16:00,04h 00m,20:00,1.7,INR 264,46 Seats available
Delhi to Aligarh (uttar pradesh),https://www.redbus.in/bus-tickets/delhi-to-aligarh-uttar-pradesh,UPSRTC - HDD0252,Ordinary Non AC Seater 2+3,16:01,04h 14m,20:15,3.3,INR 255,52 Seats available
Delhi to Aligarh (uttar pradesh),https://www.redbus.in/bus-tickets/delhi-to-aligarh-uttar-pradesh,UPSRTC - HDD0166,Ordinary Non AC Seater 2+3,16:27,01h 44m,18:11,3.3,INR 252,52 Seats available
Delhi to Aligarh (uttar pradesh),https://www.redbus.in/bus-tickets/delhi-to-aligarh-uttar-pradesh,UPSRTC - BDV0085,Ordinary Non AC Seater 2+3,16:28,03h 20m,19:48,3.3,INR 204,52 Seats available
Delhi to Aligarh (uttar pradesh),https://www.redbus.in/bus-tickets/delhi-to-aligarh-uttar-pradesh,UPSRTC - BDV0099,Ordinary Non AC Seater 2+3,16:30,03h 20m,19:50,3.3,INR 204,52 Seats available
Delhi to Aligarh (uttar pradesh),https://www.redbus.in/bus-tickets/delhi-to-aligarh-uttar-pradesh,UPSRTC - ALI0618,Janrath AC Seater 2+2,16:31,03h 00m,19:31,3.3,INR 305,32 Seats available
Delhi to Aligarh (uttar pradesh),https://www.redbus.in/bus-tickets/delhi-to-aligarh-uttar-pradesh,UPSRTC - HDD0023,Ordinary Non AC Seater 2+3,16:35,05h 15m,21:50,3.3,INR 252,52 Seats available
Delhi to Aligarh (uttar pradesh),https://www.redbus.in/bus-tickets/delhi-to-aligarh-uttar-pradesh,UPSRTC - MNP0158,Ordinary Non AC Seater 2+3,17:00,02h 49m,19:49,3.3,INR 255,52 Seats available
Delhi to Aligarh (uttar pradesh),https://www.redbus.in/bus-tickets/delhi-to-aligarh-uttar-pradesh,UPSRTC - HDD0254,Ordinary Non AC Seater 2+3,17:01,03h 59m,21:00,3.3,INR 255,52 Seats available
Delhi to Aligarh (uttar pradesh),https://www.redbus.in/bus-tickets/delhi-to-aligarh-uttar-pradesh,UPSRTC - HDD0074,Ordinary Non AC Seater 2+3,17:05,01h 45m,18:50,2.9,INR 255,52 Seats available
Delhi to Aligarh (uttar pradesh),https://www.redbus.in/bus-tickets/delhi-to-aligarh-uttar-pradesh,UPSRTC - BDV0175,Janrath AC Seater 2+2,17:29,03h 00m,20:29,3.3,INR 305,35 Seats available
Delhi to Aligarh (uttar pradesh),https://www.redbus.in/bus-tickets/delhi-to-aligarh-uttar-pradesh,UPSRTC - HDD0157,Ordinary Non AC Seater 2+3,17:30,03h 27m,20:57,3.3,INR 252,52 Seats available
Delhi to Aligarh (uttar pradesh),https://www.redbus.in/bus-tickets/delhi-to-aligarh-uttar-pradesh,UPSRTC - MNP0152,Ordinary Non AC Seater 2+3,17:45,02h 49m,20:34,3.3,INR 255,52 Seats available
Delhi to Aligarh (uttar pradesh),https://www.redbus.in/bus-tickets/delhi-to-aligarh-uttar-pradesh,UPSRTC - HDD0255,Ordinary Non AC Seater 2+3,17:58,02h 08m,20:06,3.3,INR 255,52 Seats available
Delhi to Aligarh (uttar pradesh),https://www.redbus.in/bus-tickets/delhi-to-aligarh-uttar-pradesh,UPSRTC - HDD0079,Ordinary Non AC Seater 2+3,18:05,02h 45m,20:50,3.3,INR 255,51 Seats available
Delhi to Aligarh (uttar pradesh),https://www.redbus.in/bus-tickets/delhi-to-aligarh-uttar-pradesh,UPSRTC - HDD0171,Ordinary Non AC Seater 2+3,18:06,03h 44m,21:50,3.3,INR 255,52 Seats available
Delhi to Aligarh (uttar pradesh),https://www.redbus.in/bus-tickets/delhi-to-aligarh-uttar-pradesh,UPSRTC - MNP0138,Ordinary Non AC Seater 2+3,18:10,03h 06m,21:16,3.3,INR 255,52 Seats available
Delhi to Aligarh (uttar pradesh),https://www.redbus.in/bus-tickets/delhi-to-aligarh-uttar-pradesh,UPSRTC - MNP0143,Ordinary Non AC Seater 2+3,18:30,03h 06m,21:36,2.6,INR 255,52 Seats available
Delhi to Aligarh (uttar pradesh),https://www.redbus.in/bus-tickets/delhi-to-aligarh-uttar-pradesh,UPSRTC - ALI0011,Janrath AC Seater 2+2,18:31,02h 59m,21:30,3.3,INR 305,35 Seats available
Delhi to Aligarh (uttar pradesh),https://www.redbus.in/bus-tickets/delhi-to-aligarh-uttar-pradesh,UPSRTC - HDD0035,Ordinary Non AC Seater 2+3,18:32,02h 18m,20:50,3.3,INR 255,52 Seats available
Delhi to Aligarh (uttar pradesh),https://www.redbus.in/bus-tickets/delhi-to-aligarh-uttar-pradesh,UPSRTC - HDD0038,Ordinary Non AC Seater 2+3,18:33,02h 57m,21:30,3.3,INR 252,52 Seats available
Delhi to Aligarh (uttar pradesh),https://www.redbus.in/bus-tickets/delhi-to-aligarh-uttar-pradesh,UPSRTC - HDD0586,Ordinary Non AC Seater 2+3,18:35,01h 25m,20:00,3.3,INR 252,52 Seats available
Delhi to Aligarh (uttar pradesh),https://www.redbus.in/bus-tickets/delhi-to-aligarh-uttar-pradesh,UPSRTC - HDD0159,Ordinary Non AC Seater 2+3,18:59,04h 01m,23:00,3.3,INR 252,52 Seats available
Delhi to Aligarh (uttar pradesh),https://www.redbus.in/bus-tickets/delhi-to-aligarh-uttar-pradesh,UPSRTC - HDD0292,Rajdhani Non AC Seater 2+3,19:00,02h 20m,21:20,3.3,INR 255,48 Seats available
Delhi to Aligarh (uttar pradesh),https://www.redbus.in/bus-tickets/delhi-to-aligarh-uttar-pradesh,UPSRTC - HDD0025,Ordinary Non AC Seater 2+3,19:00,05h 40m,00:40,3.3,INR 252,52 Seats available
Delhi to Aligarh (uttar pradesh),https://www.redbus.in/bus-tickets/delhi-to-aligarh-uttar-pradesh,UPSRTC - HDD0584,Ordinary Non AC Seater 2+3,19:01,03h 09m,22:10,3.3,INR 252,52 Seats available
Delhi to Aligarh (uttar pradesh),https://www.redbus.in/bus-tickets/delhi-to-aligarh-uttar-pradesh,UPSRTC - HDD0111,Ordinary Non AC Seater 2+3,19:03,05h 57m,01:00,3.3,INR 255,52 Seats available
Delhi to Aligarh (uttar pradesh),https://www.redbus.in/bus-tickets/delhi-to-aligarh-uttar-pradesh,UPSRTC - HDD0174,Ordinary Non AC Seater 2+3,19:06,04h 03m,23:09,3.3,INR 255,52 Seats available
Delhi to Aligarh (uttar pradesh),https://www.redbus.in/bus-tickets/delhi-to-aligarh-uttar-pradesh,UPSRTC - BDV0089,Ordinary Non AC Seater 2+3,19:28,03h 20m,22:48,3.3,INR 204,52 Seats available
Delhi to Aligarh (uttar pradesh),https://www.redbus.in/bus-tickets/delhi-to-aligarh-uttar-pradesh,UPSRTC - BDV0103,Ordinary Non AC Seater 2+3,19:30,03h 20m,22:50,3.3,INR 204,52 Seats available
Delhi to Aligarh (uttar pradesh),https://www.redbus.in/bus-tickets/delhi-to-aligarh-uttar-pradesh,UPSRTC - MNP0111,Ordinary Non AC Seater 2+3,19:30,03h 06m,22:36,3.3,INR 255,52 Seats available
Delhi to Aligarh (uttar pradesh),https://www.redbus.in/bus-tickets/delhi-to-aligarh-uttar-pradesh,UPSRTC - BDV0471,Janrath AC Seater 2+2,19:31,03h 00m,22:31,3.3,INR 305,36 Seats available
Delhi to Aligarh (uttar pradesh),https://www.redbus.in/bus-tickets/delhi-to-aligarh-uttar-pradesh,UPSRTC - HDD0163,Ordinary Non AC Seater 2+3,19:32,03h 28m,23:00,3.3,INR 252,52 Seats available
Delhi to Aligarh (uttar pradesh),https://www.redbus.in/bus-tickets/delhi-to-aligarh-uttar-pradesh,UPSRTC - HDD0431,Ordinary Non AC Seater 2+3,20:00,01h 45m,21:45,3.3,INR 255,52 Seats available
Delhi to Aligarh (uttar pradesh),https://www.redbus.in/bus-tickets/delhi-to-aligarh-uttar-pradesh,UPSRTC - HDD0131,Ordinary Non AC Seater 2+3,20:07,03h 09m,23:16,3.3,INR 255,52 Seats available
Delhi to Aligarh (uttar pradesh),https://www.redbus.in/bus-tickets/delhi-to-aligarh-uttar-pradesh,UPSRTC - HDD0173,Ordinary Non AC Seater 2+3,20:16,04h 09m,00:25,3.3,INR 226,52 Seats available
Delhi to Aligarh (uttar pradesh),https://www.redbus.in/bus-tickets/delhi-to-aligarh-uttar-pradesh,UPSRTC - BDV0111,Ordinary Non AC Seater 2+3,20:29,03h 20m,23:49,3.3,INR 204,52 Seats available
Delhi to Aligarh (uttar pradesh),https://www.redbus.in/bus-tickets/delhi-to-aligarh-uttar-pradesh,UPSRTC - ETH0075,Ordinary Non AC Seater 2+3,20:31,03h 34m,00:05,3.3,INR 255,52 Seats available
Delhi to Aligarh (uttar pradesh),https://www.redbus.in/bus-tickets/delhi-to-aligarh-uttar-pradesh,UPSRTC - MNP0026,Ordinary Non AC Seater 2+3,21:31,02h 47m,00:18,3.3,INR 255,52 Seats available
Delhi to Aligarh (uttar pradesh),https://www.redbus.in/bus-tickets/delhi-to-aligarh-uttar-pradesh,UPSRTC - KSN0301,Ordinary Non AC Seater 2+3,22:15,03h 37m,01:52,3.3,INR 255,52 Seats available
Delhi to Aligarh (uttar pradesh),https://www.redbus.in/bus-tickets/delhi-to-aligarh-uttar-pradesh,UPSRTC - SKB0213,Ordinary Non AC Seater 2+3,22:29,04h 31m,03:00,3.3,INR 253,52 Seats available
Delhi to Aligarh (uttar pradesh),https://www.redbus.in/bus-tickets/delhi-to-aligarh-uttar-pradesh,UPSRTC - SKB0216,Ordinary Non AC Seater 2+3,22:44,03h 46m,02:30,3.3,INR 253,52 Seats available
Delhi to Aligarh (uttar pradesh),https://www.redbus.in/bus-tickets/delhi-to-aligarh-uttar-pradesh,UPSRTC - MNP0117,Ordinary Non AC Seater 2+3,23:30,03h 06m,02:36,0,INR 280.5,52 Seats available
Delhi to Aligarh (uttar pradesh),https://www.redbus.in/bus-tickets/delhi-to-aligarh-uttar-pradesh,Royal Safari India Travels,AC Seater (2+2),22:45,02h 30m,01:15,0,INR 1903.81,20 Seats available
Delhi to Aligarh (uttar pradesh),https://www.redbus.in/bus-tickets/delhi-to-aligarh-uttar-pradesh,Royal Safari India Travels,AC Seater (2+2),11:00,02h 30m,13:30,0,1809,22 Seats available
Delhi to Aligarh (uttar pradesh),https://www.redbus.in/bus-tickets/delhi-to-aligarh-uttar-pradesh,Royal Safari India Travels,AC Seater (2+2),13:00,03h 15m,16:15,0,1713,30 Seats available
Delhi to Aligarh (uttar pradesh),https://www.redbus.in/bus-tickets/delhi-to-aligarh-uttar-pradesh,Royal Safari India Travels,AC Seater (2+2),23:00,02h 30m,01:30,0,1713,31 Seats available
Delhi to Aligarh (uttar pradesh),https://www.redbus.in/bus-tickets/delhi-to-aligarh-uttar-pradesh,Royal Safari India Travels,AC Seater (2+2),22:00,02h 30m,00:30,0,1713,30 Seats available
Delhi to Aligarh (uttar pradesh),https://www.redbus.in/bus-tickets/delhi-to-aligarh-uttar-pradesh,Chaturvedi Bus Service,A/C Seater/Sleeper (2+1),21:45,04h 15m,02:00,0,665,45 Seats available
Lucknow to Allahabad,https://www.redbus.in/bus-tickets/lucknow-to-allahabad,UPSRTC - RBL0038,Ordinary Non AC Seater 2+3,00:01,05h 00m,05:01,3.3,INR 310,52 Seats available
Lucknow to Allahabad,https://www.redbus.in/bus-tickets/lucknow-to-allahabad,UPSRTC - RBL0042,Ordinary Non AC Seater 2+3,00:40,05h 00m,05:40,3.3,INR 341,52 Seats available
Lucknow to Allahabad,https://www.redbus.in/bus-tickets/lucknow-to-allahabad,UPSRTC - PYD0159,Janrath AC Seater 2+3,01:31,04h 30m,06:01,2.6,INR 396,48 Seats available
Lucknow to Allahabad,https://www.redbus.in/bus-tickets/lucknow-to-allahabad,UPSRTC - MZP0104,Ordinary Non AC Seater 2+3,04:31,05h 57m,10:28,3.3,INR 314,52 Seats available
Lucknow to Allahabad,https://www.redbus.in/bus-tickets/lucknow-to-allahabad,UPSRTC - PYD0057,Ordinary Non AC Seater 2+3,05:01,05h 00m,10:01,3.3,INR 341,52 Seats available
Lucknow to Allahabad,https://www.redbus.in/bus-tickets/lucknow-to-allahabad,UPSRTC - LDR0099,Janrath AC Seater 2+3,05:21,04h 30m,09:51,3.3,INR 435.6,48 Seats available
Lucknow to Allahabad,https://www.redbus.in/bus-tickets/lucknow-to-allahabad,UPSRTC - VND0060,Rajdhani Non AC Seater 2+3,05:29,05h 01m,10:30,3.3,INR 341,51 Seats available
Lucknow to Allahabad,https://www.redbus.in/bus-tickets/lucknow-to-allahabad,UPSRTC - ALM0011,Volvo AC Seater 2+2,06:00,04h 30m,10:30,4.0,INR 708,38 Seats available
Lucknow to Allahabad,https://www.redbus.in/bus-tickets/lucknow-to-allahabad,UPSRTC - LDR0101,Janrath AC Seater 2+3,06:16,04h 44m,11:00,3.3,INR 435.6,48 Seats available
Lucknow to Allahabad,https://www.redbus.in/bus-tickets/lucknow-to-allahabad,UPSRTC - ALM0013,Volvo AC Seater 2+2,07:00,04h 30m,11:30,3.3,INR 658,37 Seats available
Lucknow to Allahabad,https://www.redbus.in/bus-tickets/lucknow-to-allahabad,UPSRTC - CBG0078,Ordinary Non AC Seater 2+3,07:00,05h 00m,12:00,3.3,INR 341,52 Seats available
Lucknow to Allahabad,https://www.redbus.in/bus-tickets/lucknow-to-allahabad,UPSRTC - CBG0080,Ordinary Non AC Seater 2+3,07:15,05h 00m,12:15,3.3,INR 341,52 Seats available
Lucknow to Allahabad,https://www.redbus.in/bus-tickets/lucknow-to-allahabad,UPSRTC - AWD0003,Janrath AC Seater 2+2,07:20,05h 00m,12:20,3.3,INR 503.8,36 Seats available
Lucknow to Allahabad,https://www.redbus.in/bus-tickets/lucknow-to-allahabad,UPSRTC - CBG0082,Ordinary Non AC Seater 2+3,07:30,05h 00m,12:30,3.3,INR 341,52 Seats available
Lucknow to Allahabad,https://www.redbus.in/bus-tickets/lucknow-to-allahabad,UPSRTC - AWD0105,Janrath AC Seater 2+2,07:40,05h 00m,12:40,4.2,INR 458,36 Seats available
Lucknow to Allahabad,https://www.redbus.in/bus-tickets/lucknow-to-allahabad,UPSRTC - CBG0084,Ordinary Non AC Seater 2+3,07:45,05h 00m,12:45,3.3,INR 341,52 Seats available
Lucknow to Allahabad,https://www.redbus.in/bus-tickets/lucknow-to-allahabad,UPSRTC - CBG0086,Ordinary Non AC Seater 2+3,08:00,05h 00m,13:00,3.3,INR 341,52 Seats available
Lucknow to Allahabad,https://www.redbus.in/bus-tickets/lucknow-to-allahabad,UPSRTC - ALM0015,Volvo AC Seater 2+2,08:00,04h 30m,12:30,4.4,INR 658,38 Seats available
Lucknow to Allahabad,https://www.redbus.in/bus-tickets/lucknow-to-allahabad,UPSRTC - MZP0006,Ordinary Non AC Seater 2+3,08:10,05h 50m,14:00,3.3,INR 314,51 Seats available
Lucknow to Allahabad,https://www.redbus.in/bus-tickets/lucknow-to-allahabad,UPSRTC - MZP0023,Ordinary Non AC Seater 2+3,08:20,05h 05m,13:25,3.3,INR 341,52 Seats available
Lucknow to Allahabad,https://www.redbus.in/bus-tickets/lucknow-to-allahabad,UPSRTC - AWD0001,Pink Express AC Seater 2+2,08:20,05h 00m,13:20,3.3,INR 503.8,41 Seats available
Lucknow to Allahabad,https://www.redbus.in/bus-tickets/lucknow-to-allahabad,UPSRTC - RBL0002,Ordinary Non AC Seater 2+3,08:30,04h 30m,13:00,3.3,INR 341,52 Seats available
Lucknow to Allahabad,https://www.redbus.in/bus-tickets/lucknow-to-allahabad,UPSRTC - CBG0034,Pink Express AC Seater 2+2,08:40,05h 10m,13:50,3.3,INR 503.8,40 Seats available
Lucknow to Allahabad,https://www.redbus.in/bus-tickets/lucknow-to-allahabad,UPSRTC - AWD0005,Janrath AC Seater 2+2,09:00,04h 30m,13:30,4.0,INR 503.8,36 Seats available
Lucknow to Allahabad,https://www.redbus.in/bus-tickets/lucknow-to-allahabad,UPSRTC - RBL0006,Ordinary Non AC Seater 2+3,09:00,05h 00m,14:00,3.3,INR 310,52 Seats available
Lucknow to Allahabad,https://www.redbus.in/bus-tickets/lucknow-to-allahabad,UPSRTC - ALM0184,Volvo AC Seater 2+2,09:30,04h 00m,13:30,3.3,INR 708,38 Seats available
Lucknow to Allahabad,https://www.redbus.in/bus-tickets/lucknow-to-allahabad,UPSRTC - STD0662,Ordinary Non AC Seater 2+3,09:45,05h 44m,15:29,3.3,INR 341,52 Seats available
Lucknow to Allahabad,https://www.redbus.in/bus-tickets/lucknow-to-allahabad,UPSRTC - ALM0007,Volvo AC Seater 2+2,10:00,04h 30m,14:30,3.2,INR 708,36 Seats available
Lucknow to Allahabad,https://www.redbus.in/bus-tickets/lucknow-to-allahabad,UPSRTC - AWD0192,Janrath AC Seater 2+2,10:21,04h 59m,15:20,3.8,INR 458,36 Seats available
Lucknow to Allahabad,https://www.redbus.in/bus-tickets/lucknow-to-allahabad,UPSRTC - ALM0337,Shatabdi AC Seater 2+2,10:40,05h 20m,16:00,3.3,INR 503.8,37 Seats available
Lucknow to Allahabad,https://www.redbus.in/bus-tickets/lucknow-to-allahabad,UPSRTC - ALM0124,Shatabdi AC Seater 2+2,11:00,05h 15m,16:15,3.3,INR 503.8,37 Seats available
Lucknow to Allahabad,https://www.redbus.in/bus-tickets/lucknow-to-allahabad,UPSRTC - AWD0027,Janrath AC Seater 2+2,11:20,05h 00m,16:20,3.3,INR 503.8,36 Seats available
Lucknow to Allahabad,https://www.redbus.in/bus-tickets/lucknow-to-allahabad,UPSRTC - AWD0033,Janrath AC Seater 2+2,11:40,05h 00m,16:40,3.3,INR 503.8,36 Seats available
Lucknow to Allahabad,https://www.redbus.in/bus-tickets/lucknow-to-allahabad,UPSRTC - AWD0007,Janrath AC Seater 2+2,12:00,04h 30m,16:30,3.3,INR 503.8,36 Seats available
Lucknow to Allahabad,https://www.redbus.in/bus-tickets/lucknow-to-allahabad,UPSRTC - PYD0018,Volvo AC Seater 2+2,12:30,04h 30m,17:00,3.1,INR 708,39 Seats available
Lucknow to Allahabad,https://www.redbus.in/bus-tickets/lucknow-to-allahabad,UPSRTC - PYD0010,Shatabdi AC Seater 2+2,12:50,04h 30m,17:20,2.1,INR 503.8,37 Seats available
Lucknow to Allahabad,https://www.redbus.in/bus-tickets/lucknow-to-allahabad,UPSRTC - PYD0004,Janrath AC Seater 2+2,13:10,04h 30m,17:40,3.8,INR 503.8,36 Seats available
Lucknow to Allahabad,https://www.redbus.in/bus-tickets/lucknow-to-allahabad,UPSRTC - PYD0020,Volvo AC Seater 2+2,13:30,04h 30m,18:00,3.3,INR 658,39 Seats available
Lucknow to Allahabad,https://www.redbus.in/bus-tickets/lucknow-to-allahabad,UPSRTC - PYD0006,Janrath AC Seater 2+3,13:50,04h 30m,18:20,2.5,INR 435.6,48 Seats available
Lucknow to Allahabad,https://www.redbus.in/bus-tickets/lucknow-to-allahabad,UPSRTC - PYD0008,Janrath AC Seater 2+2,14:10,04h 30m,18:40,2.6,INR 503.8,36 Seats available
Lucknow to Allahabad,https://www.redbus.in/bus-tickets/lucknow-to-allahabad,UPSRTC - PYD0022,Volvo AC Seater 2+2,14:30,04h 30m,19:00,4.1,INR 658,39 Seats available
Lucknow to Allahabad,https://www.redbus.in/bus-tickets/lucknow-to-allahabad,UPSRTC - PYD0161,Janrath AC Seater 2+3,14:41,04h 30m,19:11,3.3,INR 435.6,48 Seats available
Lucknow to Allahabad,https://www.redbus.in/bus-tickets/lucknow-to-allahabad,UPSRTC - PYD0135,Janrath AC Seater 2+3,14:51,04h 30m,19:21,3.3,INR 435.6,48 Seats available
Lucknow to Allahabad,https://www.redbus.in/bus-tickets/lucknow-to-allahabad,UPSRTC - PYD0153,Janrath AC Seater 2+3,15:31,04h 30m,20:01,3.3,INR 435.6,48 Seats available
Lucknow to Allahabad,https://www.redbus.in/bus-tickets/lucknow-to-allahabad,UPSRTC - PYD0012,Shatabdi AC Seater 2+2,15:50,04h 30m,20:20,2.2,INR 503.8,37 Seats available
Lucknow to Allahabad,https://www.redbus.in/bus-tickets/lucknow-to-allahabad,UPSRTC - CBG0030,Janrath AC Seater 2+2,16:15,05h 30m,21:45,3.3,INR 503.8,35 Seats available
Lucknow to Allahabad,https://www.redbus.in/bus-tickets/lucknow-to-allahabad,UPSRTC - MZP0003,Rajdhani Non AC Seater 2+3,16:20,05h 40m,22:00,3.3,INR 314,51 Seats available
Lucknow to Allahabad,https://www.redbus.in/bus-tickets/lucknow-to-allahabad,UPSRTC - PYD0202,Volvo AC Seater 2+2,16:30,04h 30m,21:00,3.3,INR 708,39 Seats available
Lucknow to Allahabad,https://www.redbus.in/bus-tickets/lucknow-to-allahabad,UPSRTC - PYD0137,Janrath AC Seater 2+3,16:31,04h 30m,21:01,3.3,INR 435.6,48 Seats available
Lucknow to Allahabad,https://www.redbus.in/bus-tickets/lucknow-to-allahabad,UPSRTC - PYD0139,Janrath AC Seater 2+3,17:00,04h 30m,21:30,4.5,INR 396,48 Seats available
Lucknow to Allahabad,https://www.redbus.in/bus-tickets/lucknow-to-allahabad,UPSRTC - ALM0180,Volvo AC Seater 2+2,17:15,04h 30m,21:45,3.3,INR 708,39 Seats available
Lucknow to Allahabad,https://www.redbus.in/bus-tickets/lucknow-to-allahabad,UPSRTC - PYD0155,Janrath AC Seater 2+3,18:01,04h 30m,22:31,2.6,INR 435.6,48 Seats available
Lucknow to Allahabad,https://www.redbus.in/bus-tickets/lucknow-to-allahabad,UPSRTC - ALM0017,Volvo AC Seater 2+2,18:30,04h 30m,23:00,2.4,INR 658,39 Seats available
Lucknow to Allahabad,https://www.redbus.in/bus-tickets/lucknow-to-allahabad,UPSRTC - RBL0010,Ordinary Non AC Seater 2+3,19:00,05h 00m,00:00,3.3,INR 341,52 Seats available
Lucknow to Allahabad,https://www.redbus.in/bus-tickets/lucknow-to-allahabad,UPSRTC - PYD0157,Janrath AC Seater 2+3,19:01,04h 00m,23:01,1.5,INR 396,48 Seats available
Delhi to Farrukhabad (Uttar Pradesh),https://www.redbus.in/bus-tickets/delhi-to-farrukhabad-up,UPSRTC - FKP0028,Janrath AC Seater 2+2,08:00,08h 55m,16:55,4.4,INR 760,16 Seats available
Delhi to Farrukhabad (Uttar Pradesh),https://www.redbus.in/bus-tickets/delhi-to-farrukhabad-up,UPSRTC - FKP0030,Janrath AC Seater 2+2,09:00,08h 55m,17:55,3.6,INR 710,8 Seats available
Delhi to Farrukhabad (Uttar Pradesh),https://www.redbus.in/bus-tickets/delhi-to-farrukhabad-up,UPSRTC - LNI0046,Ordinary Non AC Seater 2+3,09:30,09h 05m,18:35,3.3,INR 512,52 Seats available
Delhi to Farrukhabad (Uttar Pradesh),https://www.redbus.in/bus-tickets/delhi-to-farrukhabad-up,,,,,,,,
Delhi to Farrukhabad (Uttar Pradesh),https://www.redbus.in/bus-tickets/delhi-to-farrukhabad-up,,,,,,,,
Delhi to Farrukhabad (Uttar Pradesh),https://www.redbus.in/bus-tickets/delhi-to-farrukhabad-up,,,,,,,,
Delhi to Farrukhabad (Uttar Pradesh),https://www.redbus.in/bus-tickets/delhi-to-farrukhabad-up,,,,,,,,
Delhi to Farrukhabad (Uttar Pradesh),https://www.redbus.in/bus-tickets/delhi-to-farrukhabad-up,,,,,,,,
Delhi to Farrukhabad (Uttar Pradesh),https://www.redbus.in/bus-tickets/delhi-to-farrukhabad-up,,,,,,0,,
Delhi to Farrukhabad (Uttar Pradesh),https://www.redbus.in/bus-tickets/delhi-to-farrukhabad-up,,,,,,0,,
Allahabad to Lucknow,https://www.redbus.in/bus-tickets/allahabad-to-lucknow,UPSRTC - RBL0011,Ordinary Non AC Seater 2+3,03:30,05h 00m,08:30,3.3,INR 310,52 Seats available
Allahabad to Lucknow,https://www.redbus.in/bus-tickets/allahabad-to-lucknow,UPSRTC - RBL0015,Ordinary Non AC Seater 2+3,04:00,05h 00m,09:00,3.3,INR 310,52 Seats available
Allahabad to Lucknow,https://www.redbus.in/bus-tickets/allahabad-to-lucknow,UPSRTC - RBL0019,Ordinary Non AC Seater 2+3,04:30,04h 30m,09:00,3.3,INR 310,52 Seats available
Allahabad to Lucknow,https://www.redbus.in/bus-tickets/allahabad-to-lucknow,,,,,,,,
Allahabad to Lucknow,https://www.redbus.in/bus-tickets/allahabad-to-lucknow,,,,,,,,
Sitapur (Uttar Pradesh) to Delhi,https://www.redbus.in/bus-tickets/sitapur-to-delhi,UPSRTC - STD0586,Janrath AC Seater 2+2,10:00,10h 30m,20:30,3.3,INR 955,36 Seats available
Sitapur (Uttar Pradesh) to Delhi,https://www.redbus.in/bus-tickets/sitapur-to-delhi,UPSRTC - BRT0064,Ordinary Non AC Seater 2+3,10:10,10h 50m,21:00,3.3,INR 697,52 Seats available
Sitapur (Uttar Pradesh) to Delhi,https://www.redbus.in/bus-tickets/sitapur-to-delhi,UPSRTC - STD0237,Ordinary Non AC Seater 2+3,14:55,12h 01m,02:56,3.3,INR 697,52 Seats available
Sitapur (Uttar Pradesh) to Delhi,https://www.redbus.in/bus-tickets/sitapur-to-delhi,UPSRTC - STD0245,Ordinary Non AC Seater 2+3,15:25,12h 01m,03:26,3.3,INR 697,52 Seats available
Sitapur (Uttar Pradesh) to Delhi,https://www.redbus.in/bus-tickets/sitapur-to-delhi,UPSRTC - STD0618,Ordinary Non AC Seater 2+3,16:55,12h 46m,05:41,3.3,INR 666,52 Seats available
Sitapur (Uttar Pradesh) to Delhi,https://www.redbus.in/bus-tickets/sitapur-to-delhi,RS YADAV SMART BUS,Bharat Benz A/C Seater /Sleeper (2+1),20:45,09h 10m,05:55,4.8,INR 699,35 Seats available
Delhi to Badaun,https://www.redbus.in/bus-tickets/delhi-to-badaun,UPSRTC - BDN0064,Ordinary Non AC Seater 2+3,01:30,06h 00m,07:30,3.3,INR 377,52 Seats available
Delhi to Badaun,https://www.redbus.in/bus-tickets/delhi-to-badaun,UPSRTC - BDN0035,Ordinary Non AC Seater 2+3,02:30,06h 15m,08:45,3.3,INR 377,50 Seats available
Delhi to Badaun,https://www.redbus.in/bus-tickets/delhi-to-badaun,UPSRTC - BDN0026,Ordinary Non AC Seater 2+3,03:30,06h 30m,10:00,3.3,INR 377,52 Seats available
Delhi to Badaun,https://www.redbus.in/bus-tickets/delhi-to-badaun,,,,,,,,
Delhi to Badaun,https://www.redbus.in/bus-tickets/delhi-to-badaun,,,,,,,,
Delhi to Sitapur (Uttar Pradesh),https://www.redbus.in/bus-tickets/delhi-to-sitapur,UPSRTC - STD0241,Ordinary Non AC Seater 2+3,04:30,11h 19m,15:49,3.3,INR 697,52 Seats available
Delhi to Sitapur (Uttar Pradesh),https://www.redbus.in/bus-tickets/delhi-to-sitapur,UPSRTC - STD0161,Ordinary Non AC Seater 2+3,06:00,12h 07m,18:07,3.3,INR 697,52 Seats available
Delhi to Sitapur (Uttar Pradesh),https://www.redbus.in/bus-tickets/delhi-to-sitapur,UPSRTC - STD0619,Ordinary Non AC Seater 2+3,07:04,12h 51m,19:55,3.3,INR 716,52 Seats available
Delhi to Sitapur (Uttar Pradesh),https://www.redbus.in/bus-tickets/delhi-to-sitapur,,,,,,,,
Delhi to Sitapur (Uttar Pradesh),https://www.redbus.in/bus-tickets/delhi-to-sitapur,,,,,,,,
Delhi to Sitapur (Uttar Pradesh),https://www.redbus.in/bus-tickets/delhi-to-sitapur,,,,,,,,
Agra to Bareilly,https://www.redbus.in/bus-tickets/agra-to-bareilly,UPSRTC - BLY0785,Ordinary Non AC Seater 2+3,04:00,05h 00m,09:00,3.3,INR 332,52 Seats available
Agra to Bareilly,https://www.redbus.in/bus-tickets/agra-to-bareilly,UPSRTC - BLY0786,Ordinary Non AC Seater 2+3,05:00,05h 00m,10:00,3.3,INR 365.2,52 Seats available
Agra to Bareilly,https://www.redbus.in/bus-tickets/agra-to-bareilly,UPSRTC - FNG0502,Ordinary Non AC Seater 2+3,06:13,05h 59m,12:12,,INR 332,52 Seats available
Agra to Bareilly,https://www.redbus.in/bus-tickets/agra-to-bareilly,,,,,,,,
Agra to Bareilly,https://www.redbus.in/bus-tickets/agra-to-bareilly,,,,,,0,,
Lucknow to Bareilly,https://www.redbus.in/bus-tickets/lucknow-to-bareilly,UPSRTC - SRG0189,Ordinary Non AC Seater 2+3,00:50,06h 15m,07:05,3.3,INR 390,52 Seats available
Lucknow to Bareilly,https://www.redbus.in/bus-tickets/lucknow-to-bareilly,UPSRTC - STD0554,Ordinary Non AC Seater 2+3,05:33,06h 31m,12:04,3.3,INR 429,52 Seats available
Lucknow to Bareilly,https://www.redbus.in/bus-tickets/lucknow-to-bareilly,UPSRTC - SRG0233,Ordinary Non AC Seater 2+3,06:00,05h 45m,11:45,3.3,INR 396,52 Seats available
Lucknow to Bareilly,https://www.redbus.in/bus-tickets/lucknow-to-bareilly,UPSRTC - BLY0115,Janrath AC Seater 2+2,06:01,05h 29m,11:30,4.8,INR 620,34 Seats available
Lucknow to Bareilly,https://www.redbus.in/bus-tickets/lucknow-to-bareilly,UPSRTC - SRG0039,Ordinary Non AC Seater 2+3,07:00,05h 36m,12:36,3.3,INR 390,52 Seats available
Lucknow to Bareilly,https://www.redbus.in/bus-tickets/lucknow-to-bareilly,UPSRTC - BLY0650,Janrath AC Seater 2+3,07:05,05h 15m,12:20,3.3,INR 542.3,48 Seats available
Lucknow to Bareilly,https://www.redbus.in/bus-tickets/lucknow-to-bareilly,UPSRTC - RKD0034,Janrath AC Seater 2+2,08:00,05h 30m,13:30,3.9,INR 570,36 Seats available
Lucknow to Bareilly,https://www.redbus.in/bus-tickets/lucknow-to-bareilly,UPSRTC - BRT0064,Ordinary Non AC Seater 2+3,08:00,06h 15m,14:15,3.3,INR 429,52 Seats available
Lucknow to Bareilly,https://www.redbus.in/bus-tickets/lucknow-to-bareilly,UPSRTC - GRH0025,Ordinary Non AC Seater 2+3,08:30,07h 15m,15:45,3.3,INR 429,52 Seats available
Lucknow to Bareilly,https://www.redbus.in/bus-tickets/lucknow-to-bareilly,UPSRTC - BRT0065,Ordinary Non AC Seater 2+3,09:00,06h 15m,15:15,3.3,INR 390,52 Seats available
Lucknow to Bareilly,https://www.redbus.in/bus-tickets/lucknow-to-bareilly,UPSRTC - RBL0066,Ordinary Non AC Seater 2+3,09:00,06h 00m,15:00,3.3,INR 429,52 Seats available
Lucknow to Bareilly,https://www.redbus.in/bus-tickets/lucknow-to-bareilly,UPSRTC - BRT0016,Ordinary Non AC Seater 2+3,09:50,06h 15m,16:05,3.3,INR 429,52 Seats available
Lucknow to Bareilly,https://www.redbus.in/bus-tickets/lucknow-to-bareilly,UPSRTC - SRD1031,Janrath AC Seater 2+3,11:01,05h 54m,16:55,3.3,INR 493,48 Seats available
Lucknow to Bareilly,https://www.redbus.in/bus-tickets/lucknow-to-bareilly,UPSRTC - SRD1021,Janrath AC Seater 2+2,12:01,05h 44m,17:45,3.3,INR 570,36 Seats available
Lucknow to Bareilly,https://www.redbus.in/bus-tickets/lucknow-to-bareilly,UPSRTC - RKD0030,Janrath AC Seater 2+2,13:30,05h 30m,19:00,4.2,INR 570,36 Seats available
Lucknow to Bareilly,https://www.redbus.in/bus-tickets/lucknow-to-bareilly,UPSRTC - BLY0128,Janrath AC Seater 2+2,14:01,05h 59m,20:00,3.3,INR 620,36 Seats available
Lucknow to Bareilly,https://www.redbus.in/bus-tickets/lucknow-to-bareilly,UPSRTC - SRD1027,Janrath AC Seater 2+2,14:31,05h 44m,20:15,3.3,INR 620,36 Seats available
Lucknow to Bareilly,https://www.redbus.in/bus-tickets/lucknow-to-bareilly,UPSRTC - BRT0007,Ordinary Non AC Seater 2+3,15:00,06h 15m,21:15,3.3,INR 429,52 Seats available
Lucknow to Bareilly,https://www.redbus.in/bus-tickets/lucknow-to-bareilly,UPSRTC - MZF0115,Janrath AC Seater 2+2,15:31,05h 38m,21:09,3.3,INR 578,36 Seats available
Lucknow to Bareilly,https://www.redbus.in/bus-tickets/lucknow-to-bareilly,UPSRTC - LNI0017,Rajdhani Non AC Seater 2+3,16:00,05h 30m,21:30,3.3,INR 429,51 Seats available
Lucknow to Bareilly,https://www.redbus.in/bus-tickets/lucknow-to-bareilly,UPSRTC - BLY0143,Janrath AC Seater 2+3,16:20,06h 00m,22:20,3.3,INR 542.3,48 Seats available
Lucknow to Bareilly,https://www.redbus.in/bus-tickets/lucknow-to-bareilly,UPSRTC - SRG0008,Janrath AC Seater 2+2,17:00,06h 30m,23:30,3.3,INR 620,36 Seats available
Lucknow to Bareilly,https://www.redbus.in/bus-tickets/lucknow-to-bareilly,UPSRTC - AWD0224,Shatabdi AC Seater 2+2,17:00,06h 15m,23:15,3.3,INR 620,37 Seats available
Lucknow to Bareilly,https://www.redbus.in/bus-tickets/lucknow-to-bareilly,UPSRTC - KSB0919,Shatabdi AC Seater 2+2,17:01,06h 29m,23:30,3.3,INR 620,37 Seats available
Lucknow to Bareilly,https://www.redbus.in/bus-tickets/lucknow-to-bareilly,UPSRTC - GRH0126,Ordinary Non AC Seater 2+3,17:30,06h 46m,00:16,3.3,INR 429,52 Seats available
Lucknow to Bareilly,https://www.redbus.in/bus-tickets/lucknow-to-bareilly,UPSRTC - SRG0095,Ordinary Non AC Seater 2+3,17:30,05h 36m,23:06,3.3,INR 429,52 Seats available
Lucknow to Bareilly,https://www.redbus.in/bus-tickets/lucknow-to-bareilly,UPSRTC - SRG0745,Ordinary Non AC Seater 2+3,17:35,05h 35m,23:10,3.3,INR 429,52 Seats available
Lucknow to Bareilly,https://www.redbus.in/bus-tickets/lucknow-to-bareilly,UPSRTC - MRD0148,Janrath AC Seater 2+2,18:03,05h 27m,23:30,3.3,INR 570,33 Seats available
Lucknow to Bareilly,https://www.redbus.in/bus-tickets/lucknow-to-bareilly,UPSRTC - MZF0067,Janrath AC Seater 2+2,18:30,05h 45m,00:15,3.3,INR 578,36 Seats available
Lucknow to Bareilly,https://www.redbus.in/bus-tickets/lucknow-to-bareilly,UPSRTC - BRT0037,Ordinary Non AC Seater 2+3,19:00,06h 15m,01:15,3.3,INR 429,52 Seats available
Lucknow to Bareilly,https://www.redbus.in/bus-tickets/lucknow-to-bareilly,UPSRTC - SBD0113,Pink Express AC Seater 2+2,19:01,04h 29m,23:30,3.3,INR 620,41 Seats available
Lucknow to Bareilly,https://www.redbus.in/bus-tickets/lucknow-to-bareilly,UPSRTC - SBD0582,Pink Express AC Seater 2+2,19:02,05h 43m,00:45,3.3,INR 620,41 Seats available
Lucknow to Bareilly,https://www.redbus.in/bus-tickets/lucknow-to-bareilly,UPSRTC - SRD1025,Janrath AC Seater 2+2,19:32,05h 43m,01:15,3.3,INR 620,36 Seats available
Lucknow to Bareilly,https://www.redbus.in/bus-tickets/lucknow-to-bareilly,UPSRTC - GND0100,Ordinary Non AC Seater 2+3,20:02,04h 58m,01:00,3.3,INR 396,52 Seats available
Lucknow to Bareilly,https://www.redbus.in/bus-tickets/lucknow-to-bareilly,UPSRTC - RKD0036,Janrath AC Seater 2+2,20:30,05h 30m,02:00,3.3,INR 620,36 Seats available
Lucknow to Bareilly,https://www.redbus.in/bus-tickets/lucknow-to-bareilly,UPSRTC - CBG0092,Pink Express AC Seater 2+2,21:01,05h 44m,02:45,3.3,INR 620,41 Seats available
Lucknow to Bareilly,https://www.redbus.in/bus-tickets/lucknow-to-bareilly,UPSRTC - SBD0118,Pink Express AC Seater 2+2,21:01,04h 24m,01:25,3.3,INR 620,41 Seats available
Lucknow to Bareilly,https://www.redbus.in/bus-tickets/lucknow-to-bareilly,UPSRTC - MRD0007,Janrath AC Seater 2+2,22:00,06h 15m,04:15,3.3,INR 620,36 Seats available
Lucknow to Bareilly,https://www.redbus.in/bus-tickets/lucknow-to-bareilly,UPSRTC - SRG0033,Ordinary Non AC Seater 2+3,22:00,05h 36m,03:36,3.3,INR 429,52 Seats available
Lucknow to Bareilly,https://www.redbus.in/bus-tickets/lucknow-to-bareilly,UPSRTC - SBD0114,Pink Express AC Seater 2+2,22:01,04h 59m,03:00,3.3,INR 620,41 Seats available
Lucknow to Bareilly,https://www.redbus.in/bus-tickets/lucknow-to-bareilly,UPSRTC - BLY0121,Janrath AC Seater 2+2,22:31,05h 29m,04:00,3.3,INR 620,36 Seats available
Lucknow to Bareilly,https://www.redbus.in/bus-tickets/lucknow-to-bareilly,UPSRTC - SRG0102,Ordinary Non AC Seater 2+3,23:30,05h 36m,05:06,3.3,INR 429,52 Seats available
Lucknow to Bareilly,https://www.redbus.in/bus-tickets/lucknow-to-bareilly,UPSRTC - RKD0032,Janrath AC Seater 2+2,23:30,05h 30m,05:00,4.5,INR 620,36 Seats available
Lucknow to Bareilly,https://www.redbus.in/bus-tickets/lucknow-to-bareilly,UPSRTC - BLY0123,Janrath AC Seater 2+2,23:56,05h 34m,05:30,2.8,INR 620,36 Seats available
Lucknow to Bareilly,https://www.redbus.in/bus-tickets/lucknow-to-bareilly,PTC-SKYBUS,A/C Seater/Sleeper (2+1),23:15,05h 05m,04:20,4.7,INR 679,28 Seats available
Lucknow to Bareilly,https://www.redbus.in/bus-tickets/lucknow-to-bareilly,Mahalaxmi Travels,Bharat Benz A/C Seater /Sleeper (2+1),22:45,05h 05m,03:50,3.8,INR 999,30 Seats available
Lucknow to Bareilly,https://www.redbus.in/bus-tickets/lucknow-to-bareilly,Samay Shatabdi Travels Pvt Ltd,Bharat Benz A/C Sleeper (2+1),22:00,04h 45m,02:45,3.5,INR 849,30 Seats available
Lucknow to Bareilly,https://www.redbus.in/bus-tickets/lucknow-to-bareilly,Vijay Tour and Travels,A/C Seater / Sleeper (2+1),21:10,05h 10m,02:20,2.8,INR 799,36 Seats available
Lucknow to Bareilly,https://www.redbus.in/bus-tickets/lucknow-to-bareilly,Mahalaxmi Travels,Bharat Benz A/C Seater /Sleeper (2+1),20:45,05h 30m,02:15,3.8,INR 599,40 Seats available
Bareilly to Agra,https://www.redbus.in/bus-tickets/bareilly-to-agra,UPSRTC - BLY0064,Ordinary Non AC Seater 2+3,05:30,05h 00m,10:30,3.3,INR 332,52 Seats available
Bareilly to Agra,https://www.redbus.in/bus-tickets/bareilly-to-agra,UPSRTC - RKD0054,Ordinary Non AC Seater 2+3,06:01,06h 00m,12:01,3.3,INR 332,52 Seats available
Bareilly to Agra,https://www.redbus.in/bus-tickets/bareilly-to-agra,UPSRTC - BLY0069,Ordinary Non AC Seater 2+3,07:00,05h 00m,12:00,3.3,INR 332,52 Seats available
Bareilly to Agra,https://www.redbus.in/bus-tickets/bareilly-to-agra,UPSRTC - RKD0077,Ordinary Non AC Seater 2+3,08:00,06h 00m,14:00,3.3,INR 332,52 Seats available
Bareilly to Agra,https://www.redbus.in/bus-tickets/bareilly-to-agra,UPSRTC - BLY0135,Janrath AC Seater 2+3,09:01,05h 59m,15:00,2.3,INR 428,48 Seats available
Bareilly to Agra,https://www.redbus.in/bus-tickets/bareilly-to-agra,UPSRTC - RKD0710,Ordinary Non AC Seater 2+3,11:21,06h 00m,17:21,3.3,INR 332,52 Seats available
Bareilly to Agra,https://www.redbus.in/bus-tickets/bareilly-to-agra,UPSRTC - BLY0133,Janrath AC Seater 2+2,14:32,05h 28m,20:00,3.6,INR 550,36 Seats available
Bareilly to Agra,https://www.redbus.in/bus-tickets/bareilly-to-agra,UPSRTC - AGF0050,Shatabdi AC Seater 2+2,22:46,05h 59m,04:45,2.9,INR 500,40 Seats available
Kanpur (Uttar Pradesh) to Jhansi,https://www.redbus.in/bus-tickets/kanpur-to-jhansi,UPSRTC - JHD0026,Ordinary Non AC Seater 2+3,01:35,04h 55m,06:30,3.3,INR 381,52 Seats available
Kanpur (Uttar Pradesh) to Jhansi,https://www.redbus.in/bus-tickets/kanpur-to-jhansi,UPSRTC - JHD0049,Janrath AC Seater 2+3,06:31,04h 59m,11:30,3.3,INR 477,48 Seats available
Kanpur (Uttar Pradesh) to Jhansi,https://www.redbus.in/bus-tickets/kanpur-to-jhansi,UPSRTC - VKS0084,Janrath AC Seater 2+3,07:30,05h 45m,13:15,3.3,INR 477,46 Seats available
Kanpur (Uttar Pradesh) to Jhansi,https://www.redbus.in/bus-tickets/kanpur-to-jhansi,UPSRTC - FZG0003,Ordinary Non AC Seater 2+3,08:00,05h 30m,13:30,3.3,INR 419.1,52 Seats available
Kanpur (Uttar Pradesh) to Jhansi,https://www.redbus.in/bus-tickets/kanpur-to-jhansi,UPSRTC - JHD0051,Janrath AC Seater 2+3,08:32,04h 58m,13:30,3.3,INR 477,48 Seats available
Kanpur (Uttar Pradesh) to Jhansi,https://www.redbus.in/bus-tickets/kanpur-to-jhansi,Kamla Kalpana Travels,Non A/C Seater / Sleeper (2+1),16:00,06h 00m,22:00,3.6,INR 750,41 Seats available
Kanpur (Uttar Pradesh) to Jhansi,https://www.redbus.in/bus-tickets/kanpur-to-jhansi,Betwa Tourist Bus service,AC Sleeper (2+1),17:30,05h 50m,23:20,5.0,INR 1000,36 Seats available
Kanpur (Uttar Pradesh) to Jhansi,https://www.redbus.in/bus-tickets/kanpur-to-jhansi,Betwa Tourist Bus service,AC Sleeper (2+1),18:15,05h 30m,23:45,5.0,INR 1000,36 Seats available
Kanpur (Uttar Pradesh) to Jhansi,https://www.redbus.in/bus-tickets/kanpur-to-jhansi,Raj Kalpana Travels Pvt.Ltd,A/C Sleeper (2+1),18:15,05h 15m,23:30,5.0,INR 900,26 Seats available
Kanpur (Uttar Pradesh) to Jhansi,https://www.redbus.in/bus-tickets/kanpur-to-jhansi,Samay Shatabdi Travels Pvt Ltd,NON AC Seater / Sleeper 2+1,18:30,05h 20m,23:50,3.0,INR 800,36 Seats available
Delhi to Shahjahanpur (Uttar Pradesh),https://www.redbus.in/bus-tickets/delhi-to-shahjahanpur,UPSRTC - SJP0254,Ordinary Non AC Seater 2+3,00:02,07h 20m,07:22,3.3,INR 584,52 Seats available
Delhi to Shahjahanpur (Uttar Pradesh),https://www.redbus.in/bus-tickets/delhi-to-shahjahanpur,UPSRTC - SJP0473,Ordinary Non AC Seater 2+3,00:33,07h 30m,08:03,3.3,INR 584,52 Seats available
Delhi to Shahjahanpur (Uttar Pradesh),https://www.redbus.in/bus-tickets/delhi-to-shahjahanpur,UPSRTC - SJP0258,Ordinary Non AC Seater 2+3,01:00,07h 20m,08:20,3.3,INR 584,52 Seats available
Delhi to Shahjahanpur (Uttar Pradesh),https://www.redbus.in/bus-tickets/delhi-to-shahjahanpur,,,,,,,,
Delhi to Shahjahanpur (Uttar Pradesh),https://www.redbus.in/bus-tickets/delhi-to-shahjahanpur,,,,,,,,
Delhi to Shahjahanpur (Uttar Pradesh),https://www.redbus.in/bus-tickets/delhi-to-shahjahanpur,,,,,,,,
Shahjahanpur (Uttar Pradesh) to Delhi,https://www.redbus.in/bus-tickets/shahjahanpur-to-delhi,UPSRTC - BRT0066,Ordinary Non AC Seater 2+3,00:05,08h 30m,08:35,3.3,INR 563,52 Seats available
Shahjahanpur (Uttar Pradesh) to Delhi,https://www.redbus.in/bus-tickets/shahjahanpur-to-delhi,UPSRTC - SJP0608,Ordinary Non AC Seater 2+3,06:30,08h 15m,14:45,3.3,INR 584,52 Seats available
Shahjahanpur (Uttar Pradesh) to Delhi,https://www.redbus.in/bus-tickets/shahjahanpur-to-delhi,UPSRTC - SJP0200,Ordinary Non AC Seater 2+3,07:00,07h 20m,14:20,3.3,INR 584,52 Seats available
Shahjahanpur (Uttar Pradesh) to Delhi,https://www.redbus.in/bus-tickets/shahjahanpur-to-delhi,,,,,,,,
Shahjahanpur (Uttar Pradesh) to Delhi,https://www.redbus.in/bus-tickets/shahjahanpur-to-delhi,,,,,,,,
Shahjahanpur (Uttar Pradesh) to Delhi,https://www.redbus.in/bus-tickets/shahjahanpur-to-delhi,,,,,,,,
Kanpur (Uttar Pradesh) to Bareilly,https://www.redbus.in/bus-tickets/kanpur-to-bareilly,UPSRTC - GRH0167,Ordinary Non AC Seater 2+3,08:35,06h 40m,15:15,3.3,INR 412,52 Seats available
Kanpur (Uttar Pradesh) to Bareilly,https://www.redbus.in/bus-tickets/kanpur-to-bareilly,UPSRTC - FZG0001,Ordinary Non AC Seater 2+3,10:50,08h 10m,19:00,3.3,INR 400,52 Seats available
Kanpur (Uttar Pradesh) to Bareilly,https://www.redbus.in/bus-tickets/kanpur-to-bareilly,UPSRTC - MHB0267,Ordinary Non AC Seater 2+3,11:23,07h 16m,18:39,3.3,INR 440,52 Seats available
Kanpur (Uttar Pradesh) to Bareilly,https://www.redbus.in/bus-tickets/kanpur-to-bareilly,,,,,,,,
Kanpur (Uttar Pradesh) to Bareilly,https://www.redbus.in/bus-tickets/kanpur-to-bareilly,,,,,,,,
Kanpur (Uttar Pradesh) to Bareilly,https://www.redbus.in/bus-tickets/kanpur-to-bareilly,,,,,,,,
Kanpur (Uttar Pradesh) to Bareilly,https://www.redbus.in/bus-tickets/kanpur-to-bareilly,,,,,,,,
Delhi to Pilibhit,https://www.redbus.in/bus-tickets/delhi-to-pilibhit,UPSRTC - PLB0078,Ordinary Non AC Seater 2+3,07:00,08h 05m,15:05,3.3,INR 500,51 Seats available
Delhi to Pilibhit,https://www.redbus.in/bus-tickets/delhi-to-pilibhit,UPSRTC - PLB0435,Ordinary Non AC Seater 2+3,07:44,08h 41m,16:25,3.3,INR 529,52 Seats available
Delhi to Pilibhit,https://www.redbus.in/bus-tickets/delhi-to-pilibhit,UPSRTC - ARH0118,Ordinary Non AC Seater 2+3,08:01,09h 09m,17:10,3.3,INR 496,52 Seats available
Delhi to Pilibhit,https://www.redbus.in/bus-tickets/delhi-to-pilibhit,UPSRTC - PLB0379,Ordinary Non AC Seater 2+3,09:06,08h 23m,17:29,3.3,INR 529,52 Seats available
Delhi to Pilibhit,https://www.redbus.in/bus-tickets/delhi-to-pilibhit,UPSRTC - PLB0296,Ordinary Non AC Seater 2+3,10:01,07h 19m,17:20,3.3,INR 529,52 Seats available
Delhi to Pilibhit,https://www.redbus.in/bus-tickets/delhi-to-pilibhit,UPSRTC - PLB0004,Shatabdi AC Seater 2+2,11:00,08h 00m,19:00,3.9,INR 708,11 Seats available
Delhi to Pilibhit,https://www.redbus.in/bus-tickets/delhi-to-pilibhit,UPSRTC - GND0079,Ordinary Non AC Seater 2+3,12:30,06h 30m,19:00,3.3,INR 493,52 Seats available
Delhi to Pilibhit,https://www.redbus.in/bus-tickets/delhi-to-pilibhit,UPSRTC - BLP0018,Ordinary Non AC Seater 2+3,13:00,07h 00m,20:00,3.3,INR 493,52 Seats available
Delhi to Pilibhit,https://www.redbus.in/bus-tickets/delhi-to-pilibhit,UPSRTC - STD0081,Ordinary Non AC Seater 2+3,13:20,08h 39m,21:59,3.3,INR 514,47 Seats available
Delhi to Pilibhit,https://www.redbus.in/bus-tickets/delhi-to-pilibhit,UPSRTC - BLP0029,Ordinary Non AC Seater 2+3,14:01,05h 59m,20:00,3.3,INR 493,51 Seats available
Delhi to Pilibhit,https://www.redbus.in/bus-tickets/delhi-to-pilibhit,UPSRTC - BLP0030,Rajdhani Non AC Seater 2+3,15:01,06h 29m,21:30,3.3,INR 493,51 Seats available
Delhi to Pilibhit,https://www.redbus.in/bus-tickets/delhi-to-pilibhit,UPSRTC - GND0081,Ordinary Non AC Seater 2+3,15:30,07h 00m,22:30,3.3,INR 493,52 Seats available
Delhi to Pilibhit,https://www.redbus.in/bus-tickets/delhi-to-pilibhit,UPSRTC - BLP0032,Ordinary Non AC Seater 2+3,16:01,06h 29m,22:30,3.3,INR 493,49 Seats available
Delhi to Pilibhit,https://www.redbus.in/bus-tickets/delhi-to-pilibhit,UPSRTC - SRG0226,Ordinary Non AC Seater 2+3,19:00,06h 31m,01:31,3.3,INR 514,52 Seats available
Delhi to Pilibhit,https://www.redbus.in/bus-tickets/delhi-to-pilibhit,UPSRTC - PLB0106,Rajdhani Non AC Seater 2+3,19:02,07h 13m,02:15,3.3,INR 529,51 Seats available
Delhi to Pilibhit,https://www.redbus.in/bus-tickets/delhi-to-pilibhit,UPSRTC - PLB0086,Rajdhani Non AC Seater 2+3,19:59,07h 41m,03:40,3.3,INR 529,51 Seats available
Delhi to Pilibhit,https://www.redbus.in/bus-tickets/delhi-to-pilibhit,UPSRTC - PLB0329,Ordinary Non AC Seater 2+3,22:02,06h 53m,04:55,3.3,INR 579,52 Seats available
Delhi to Pilibhit,https://www.redbus.in/bus-tickets/delhi-to-pilibhit,UPSRTC - PLB0009,Shatabdi AC Seater 2+2,22:16,07h 14m,05:30,3.6,INR 708,23 Seats available
Delhi to Pilibhit,https://www.redbus.in/bus-tickets/delhi-to-pilibhit,UPSRTC - PLB0318,Ordinary Non AC Seater 2+3,22:29,07h 15m,05:44,3.3,INR 579,51 Seats available
Delhi to Pilibhit,https://www.redbus.in/bus-tickets/delhi-to-pilibhit,UPSRTC - PLB0005,Shatabdi AC Seater 2+2,23:45,06h 45m,06:30,3.6,INR 708,23 Seats available
Delhi to Pilibhit,https://www.redbus.in/bus-tickets/delhi-to-pilibhit,New Khaira Transport,A/C Seater / Sleeper (2+2),21:00,07h 15m,04:15,2.0,945,1 Seat available
Delhi to Pilibhit,https://www.redbus.in/bus-tickets/delhi-to-pilibhit,New Khaira TPT,A/C Seater / Sleeper (2+2),19:30,06h 45m,02:15,1.8,INR 799,20 Seats available
Delhi to Pilibhit,https://www.redbus.in/bus-tickets/delhi-to-pilibhit,New Khaira Transport,A/C Seater / Sleeper (2+1),20:40,07h 30m,04:10,4.4,1080,2 Seats available
Delhi to Pilibhit,https://www.redbus.in/bus-tickets/delhi-to-pilibhit,New Khaira TPT,A/C Seater / Sleeper (2+2),21:00,06h 30m,03:30,3.0,INR 899,23 Seats available
Delhi to Pilibhit,https://www.redbus.in/bus-tickets/delhi-to-pilibhit,New Khaira TPT,AC Sleeper (2+1),20:30,07h 00m,03:30,2.9,INR 1249,11 Seats available
Delhi to Pilibhit,https://www.redbus.in/bus-tickets/delhi-to-pilibhit,New Khaira Transport,A/C Seater / Sleeper (2+2),21:30,08h 10m,05:40,2.8,900,7 Seats available
Delhi to Pilibhit,https://www.redbus.in/bus-tickets/delhi-to-pilibhit,Rahul Travels,AshokLeyland Stile A/C,21:10,05h 40m,02:50,2.3,INR 1700,18 Seats available
Delhi to Pilibhit,https://www.redbus.in/bus-tickets/delhi-to-pilibhit,Rahul Travels,AshokLeyland Stile A/C,21:40,0-19h 0-20m,03:20,2.3,INR 1700,8 Seats available
Delhi to Pilibhit,https://www.redbus.in/bus-tickets/delhi-to-pilibhit,Jaiswal Holidays,A/C Sleeper (2+1),20:45,06h 30m,03:15,1.5,INR 1700,2 Seats available
Lucknow to Ballia,https://www.redbus.in/bus-tickets/lucknow-to-ballia,UPSRTC - AKP0197,Ordinary Non AC Seater 2+3,08:16,12h 14m,20:30,3.3,INR 579,52 Seats available
Lucknow to Ballia,https://www.redbus.in/bus-tickets/lucknow-to-ballia,UPSRTC - AKP0214,Ordinary Non AC Seater 2+3,10:30,11h 16m,21:46,3.3,INR 579,52 Seats available
Lucknow to Ballia,https://www.redbus.in/bus-tickets/lucknow-to-ballia,UPSRTC - BUI0026,Janrath AC Seater 2+2,18:30,09h 10m,03:40,3.3,INR 945,33 Seats available
Lucknow to Ballia,https://www.redbus.in/bus-tickets/lucknow-to-ballia,UPSRTC - CBG0158,Janrath AC Seater 2+2,19:30,09h 00m,04:30,1.8,INR 895,35 Seats available
Lucknow to Ballia,https://www.redbus.in/bus-tickets/lucknow-to-ballia,UPSRTC - CBG0159,Janrath AC Seater 2+2,20:30,08h 30m,05:00,2.6,INR 895,32 Seats available
Lucknow to Ballia,https://www.redbus.in/bus-tickets/lucknow-to-ballia,UPSRTC - AWD0228,Janrath AC Seater 2+2,22:00,09h 00m,07:00,2.7,INR 842,36 Seats available
Lucknow to Ballia,https://www.redbus.in/bus-tickets/lucknow-to-ballia,UPSRTC - BUI0013,Ordinary Non AC Seater 2+3,22:45,07h 45m,06:30,3.3,INR 575,52 Seats available
Lucknow to Ballia,https://www.redbus.in/bus-tickets/lucknow-to-ballia,UPSRTC - GLA0144,Janrath AC Seater 2+2,22:55,07h 25m,06:20,2.6,INR 895,32 Seats available
Lucknow to Ballia,https://www.redbus.in/bus-tickets/lucknow-to-ballia,Anshi Raj Shree Travels,Bharat Benz A/C Sleeper (2+1),03:30,06h 30m,10:00,4.3,INR 3499,5 Seats available
Lucknow to Ballia,https://www.redbus.in/bus-tickets/lucknow-to-ballia,Vinay Travels,VE A/C Seater / Sleeper (2+1),04:39,07h 51m,12:30,2.9,2290,20 Seats available
Lucknow to Ballia,https://www.redbus.in/bus-tickets/lucknow-to-ballia,SAFAR EXPRESS PVT LTD,A/C Seater / Sleeper (2+1),01:25,10h 05m,11:30,3.8,INR 2499,29 Seats available
Lucknow to Ballia,https://www.redbus.in/bus-tickets/lucknow-to-ballia,Ashok Tour And Travels,AC Seater (2+2),13:20,06h 00m,19:20,1.8,INR 849,40 Seats available
Lucknow to Ballia,https://www.redbus.in/bus-tickets/lucknow-to-ballia,Ashok Tour And Travels,AC Seater (2+2),18:00,05h 30m,23:30,1.8,INR 649,28 Seats available
Aligarh (uttar pradesh) to Agra,https://www.redbus.in/bus-tickets/aligarh-to-agra,UPSRTC - GRH0340,Ordinary Non AC Seater 2+3,00:34,02h 12m,02:46,3.3,INR 140,52 Seats available
Aligarh (uttar pradesh) to Agra,https://www.redbus.in/bus-tickets/aligarh-to-agra,UPSRTC - TAJ0052,Janrath AC Seater 2+3,01:00,02h 35m,03:35,3.3,INR 187,43 Seats available
Aligarh (uttar pradesh) to Agra,https://www.redbus.in/bus-tickets/aligarh-to-agra,UPSRTC - ALI0154,Janrath AC Seater 2+2,02:45,02h 30m,05:15,3.3,INR 215,29 Seats available
Aligarh (uttar pradesh) to Agra,https://www.redbus.in/bus-tickets/aligarh-to-agra,,,,,,,,
Aligarh (uttar pradesh) to Agra,https://www.redbus.in/bus-tickets/aligarh-to-agra,,,,,,,,
Bareilly to Dehradun,https://www.redbus.in/bus-tickets/bareilly-to-dehradun,UPSRTC - CBG0092,Pink Express AC Seater 2+2,02:46,06h 29m,09:15,3.3,INR 840,41 Seats available
Bareilly to Dehradun,https://www.redbus.in/bus-tickets/bareilly-to-dehradun,UPSRTC - RKD0056,Ordinary Non AC Seater 2+3,08:30,07h 30m,16:00,3.3,INR 517,52 Seats available
Bareilly to Dehradun,https://www.redbus.in/bus-tickets/bareilly-to-dehradun,UPSRTC - RKD0037,Janrath AC Seater 2+3,10:30,09h 00m,19:30,2.9,INR 646,48 Seats available
Bareilly to Dehradun,https://www.redbus.in/bus-tickets/bareilly-to-dehradun,UPSRTC - RKD0039,Janrath AC Seater 2+2,21:00,08h 00m,05:00,3.9,INR 814,36 Seats available
Bareilly to Dehradun,https://www.redbus.in/bus-tickets/bareilly-to-dehradun,,,,,,,,
Bareilly to Dehradun,https://www.redbus.in/bus-tickets/bareilly-to-dehradun,,,,,,,,
Bareilly to Dehradun,https://www.redbus.in/bus-tickets/bareilly-to-dehradun,,,,,,,,
Pilibhit to Delhi,https://www.redbus.in/bus-tickets/pilibhit-to-delhi,UPSRTC - BLP0037,Rajdhani Non AC Seater 2+3,00:05,06h 25m,06:30,3.3,INR 493,51 Seats available
Pilibhit to Delhi,https://www.redbus.in/bus-tickets/pilibhit-to-delhi,UPSRTC - BLP0015,Ordinary Non AC Seater 2+3,00:05,07h 25m,07:30,3.3,INR 493,52 Seats available
Pilibhit to Delhi,https://www.redbus.in/bus-tickets/pilibhit-to-delhi,UPSRTC - PLB0108,Rajdhani Non AC Seater 2+3,07:04,07h 35m,14:39,3.3,INR 529,51 Seats available
Pilibhit to Delhi,https://www.redbus.in/bus-tickets/pilibhit-to-delhi,,,,,,,,
Pilibhit to Delhi,https://www.redbus.in/bus-tickets/pilibhit-to-delhi,,,,,,,,
Pilibhit to Delhi,https://www.redbus.in/bus-tickets/pilibhit-to-delhi,,,,,,,,
Pilibhit to Delhi,https://www.redbus.in/bus-tickets/pilibhit-to-delhi,,,,,,,,
Pilibhit to Delhi,https://www.redbus.in/bus-tickets/pilibhit-to-delhi,,,,,,,,
Pilibhit to Delhi,https://www.redbus.in/bus-tickets/pilibhit-to-delhi,,,,,,,,
Pilibhit to Delhi,https://www.redbus.in/bus-tickets/pilibhit-to-delhi,,,,,,,,
Lucknow to Mathura,https://www.redbus.in/bus-tickets/lucknow-to-mathura,UPSRTC - AYD0027,Ordinary Non AC Seater 2+3,11:20,09h 10m,20:30,3.3,INR 602,52 Seats available
Lucknow to Mathura,https://www.redbus.in/bus-tickets/lucknow-to-mathura,UPSRTC - GKD0131,Shatabdi AC Seater 2+2,16:30,06h 30m,23:00,3.3,INR 867,40 Seats available
Lucknow to Mathura,https://www.redbus.in/bus-tickets/lucknow-to-mathura,UPSRTC - AWD0059,Janrath AC Seater 2+2,20:00,08h 00m,04:00,4.2,INR 867,36 Seats available
Lucknow to Mathura,https://www.redbus.in/bus-tickets/lucknow-to-mathura,UPSRTC - AGF0070,Ordinary Non AC Seater 2+3,20:02,07h 28m,03:30,3.3,INR 602,52 Seats available
Lucknow to Mathura,https://www.redbus.in/bus-tickets/lucknow-to-mathura,,,,,,,,
Lucknow to Mathura,https://www.redbus.in/bus-tickets/lucknow-to-mathura,,,,,,,,
Lucknow to Mathura,https://www.redbus.in/bus-tickets/lucknow-to-mathura,,,,,,,,
Lucknow to Mathura,https://www.redbus.in/bus-tickets/lucknow-to-mathura,,,,,,,,
Lucknow to Mathura,https://www.redbus.in/bus-tickets/lucknow-to-mathura,,,,,,,,
Lucknow to Mathura,https://www.redbus.in/bus-tickets/lucknow-to-mathura,,,,,,,,
Dehradun to Bareilly,https://www.redbus.in/bus-tickets/dehradun-to-bareilly,UPSRTC - RKD0136,Janrath AC Seater 2+2,07:05,08h 25m,15:30,4.1,INR 822,22 Seats available
Dehradun to Bareilly,https://www.redbus.in/bus-tickets/dehradun-to-bareilly,UPSRTC - VKS0045,Janrath AC Seater 2+2,14:29,09h 46m,00:15,1.4,INR 838,26 Seats available
Dehradun to Bareilly,https://www.redbus.in/bus-tickets/dehradun-to-bareilly,UPSRTC - SJP0657,Ordinary Non AC Seater 2+3,14:30,08h 20m,22:50,3.3,INR 571,51 Seats available
Dehradun to Bareilly,https://www.redbus.in/bus-tickets/dehradun-to-bareilly,UPSRTC - CBG0093,Pink Express AC Seater 2+2,19:16,07h 29m,02:45,2.6,INR 840,41 Seats available
Dehradun to Bareilly,https://www.redbus.in/bus-tickets/dehradun-to-bareilly,,,,,,,,
Dehradun to Bareilly,https://www.redbus.in/bus-tickets/dehradun-to-bareilly,,,,,,,,
Dehradun to Bareilly,https://www.redbus.in/bus-tickets/dehradun-to-bareilly,,,,,,,,
Dehradun to Bareilly,https://www.redbus.in/bus-tickets/dehradun-to-bareilly,,,,,,,,
Dehradun to Bareilly,https://www.redbus.in/bus-tickets/dehradun-to-bareilly,,,,,,,,
Aligarh (uttar pradesh) to Greater noida (uttar pradesh),https://www.redbus.in/bus-tickets/aligarh-to-greater-noida,UPSRTC - MNP0128,Ordinary Non AC Seater 2+3,00:45,02h 41m,03:26,3.3,INR 222,52 Seats available
Aligarh (uttar pradesh) to Greater noida (uttar pradesh),https://www.redbus.in/bus-tickets/aligarh-to-greater-noida,UPSRTC - MHB0265,Ordinary Non AC Seater 2+3,01:07,03h 42m,04:49,3.3,INR 228,52 Seats available
Aligarh (uttar pradesh) to Greater noida (uttar pradesh),https://www.redbus.in/bus-tickets/aligarh-to-greater-noida,UPSRTC - MHB0184,Ordinary Non AC Seater 2+3,01:08,03h 44m,04:52,3.3,INR 228,52 Seats available
Aligarh (uttar pradesh) to Greater noida (uttar pradesh),https://www.redbus.in/bus-tickets/aligarh-to-greater-noida,,,,,,,,
Aligarh (uttar pradesh) to Greater noida (uttar pradesh),https://www.redbus.in/bus-tickets/aligarh-to-greater-noida,,,,,,,,
Etah (Uttar Pradesh) to Delhi,https://www.redbus.in/bus-tickets/etah-up-to-delhi,UPSRTC - MHB0186,Rajdhani Non AC Seater 2+3,00:10,05h 54m,06:04,3.3,INR 364,51 Seats available
Etah (Uttar Pradesh) to Delhi,https://www.redbus.in/bus-tickets/etah-up-to-delhi,UPSRTC - FKP0029,Janrath AC Seater 2+2,00:10,05h 45m,05:55,3.3,INR 501,33 Seats available
Etah (Uttar Pradesh) to Delhi,https://www.redbus.in/bus-tickets/etah-up-to-delhi,UPSRTC - UNO0001,Ordinary Non AC Seater 2+3,00:18,04h 42m,05:00,3.3,INR 371,52 Seats available
Etah (Uttar Pradesh) to Delhi,https://www.redbus.in/bus-tickets/etah-up-to-delhi,,,,,,,,
Etah (Uttar Pradesh) to Delhi,https://www.redbus.in/bus-tickets/etah-up-to-delhi,,,,,,,,
