Route_Name,Route_Link,Bus_Name,Bus_Type,Departing_Time,Duration,Reaching_Time,Star_Rating,Price,Seat_Availability
Mandarmani to Kolkata,https://www.redbus.in/bus-tickets/mandarmani-to-kolkata,City Express (Shinjini),AC Seater (2+3),23:15,04h 55m,04:10,5.0,333,26 Seats available
Mandarmani to Kolkata,https://www.redbus.in/bus-tickets/mandarmani-to-kolkata,Express Line,Volvo 9600 Multi Axle Semi-Sleeper (2+2),14:30,03h 45m,18:15,4.6,INR 649,45 Seats available
Mandarmani to Kolkata,https://www.redbus.in/bus-tickets/mandarmani-to-kolkata,Shyamoli Paribahan Pvt Ltd,Volvo A/C Seater (2+2),14:15,04h 10m,18:25,4.2,INR 550,31 Seats available
Mandarmani to Kolkata,https://www.redbus.in/bus-tickets/mandarmani-to-kolkata,Mayuri Express,AC Seater (2+2),11:20,04h 10m,15:30,4.0,405,45 Seats available
Mandarmani to Kolkata,https://www.redbus.in/bus-tickets/mandarmani-to-kolkata,,,,,,,,
