Route_Name,Route_Link,Bus_Name,Bus_Type,Departing_Time,Duration,Reaching_Time,Star_Rating,Price,Seat_Availability
Digha to Calcutta,https://www.redbus.in/bus-tickets/digha-to-kolkata,SBSTC-DIGHA - KOLKATA - 05:30 (KALNA DEPOT) - 3646,Non AC Seater (2+3),05:30,04h 30m,10:00,3.7,INR 155,52 Seats available
Digha to Calcutta,https://www.redbus.in/bus-tickets/digha-to-kolkata,SBSTC-DIGHA - BARASAT - 06:00 (DIGHA DEPOT) - 853,Non AC Seater (2+3),06:00,04h 30m,10:30,4.2,INR 155,51 Seats available
Digha to Calcutta,https://www.redbus.in/bus-tickets/digha-to-kolkata,SBSTC-DIGHA - KOLKATA - 06:30 (KHRP DEPOT) - 2776,Non AC Seater (2+3),06:30,04h 30m,11:00,3.5,INR 155,52 Seats available
Digha to Calcutta,https://www.redbus.in/bus-tickets/digha-to-kolkata,,,,,,,,
Digha to Calcutta,https://www.redbus.in/bus-tickets/digha-to-kolkata,,,,,,,,
Digha to Calcutta,https://www.redbus.in/bus-tickets/digha-to-kolkata,,,,,,,,
Digha to Calcutta,https://www.redbus.in/bus-tickets/digha-to-kolkata,,,,,,,,
Digha to Calcutta,https://www.redbus.in/bus-tickets/digha-to-kolkata,,,,,,,,
Digha to Calcutta,https://www.redbus.in/bus-tickets/digha-to-kolkata,,,,,,,,
Digha to Calcutta,https://www.redbus.in/bus-tickets/digha-to-kolkata,,,,,,,,
Kolkata to Digha,https://www.redbus.in/bus-tickets/kolkata-to-digha,SBSTC-GARIA - DIGHA - 04:00 (DIGHA DEPOT) - 911,Non AC Seater (2+3),04:00,20h 00m,00:00,3.8,INR 162,45 Seats available
Kolkata to Digha,https://www.redbus.in/bus-tickets/kolkata-to-digha,SBSTC-GARIA - DIGHA - 05:00 (DIGHA DEPOT) - 910,Non AC Seater (2+3),05:00,19h 00m,00:00,3.8,INR 162,47 Seats available
Kolkata to Digha,https://www.redbus.in/bus-tickets/kolkata-to-digha,SBSTC-BELGHARIA - DIGHA - 05:15 (BEL DEPOT) - 1362,Non AC Seater (2+3),05:15,04h 30m,09:45,4.0,INR 155,49 Seats available
Kolkata to Digha,https://www.redbus.in/bus-tickets/kolkata-to-digha,SBSTC-GARIA - DIGHA - 05:30 (FALTA DEPOT) - 2996,Non AC Seater (2+3),05:30,18h 30m,00:00,3.7,INR 162,51 Seats available
Kolkata to Digha,https://www.redbus.in/bus-tickets/kolkata-to-digha,SBSTC-BADAMTALA - DIGHA - 05:30 - 905,Non AC Seater (2+3),06:00,04h 30m,10:30,2.9,INR 154,49 Seats available
Kolkata to Digha,https://www.redbus.in/bus-tickets/kolkata-to-digha,SBSTC-KOLKATA - DIGHA - 06:00 (HWH DEPOT) - 1001,Non AC Seater (2+3),06:00,04h 30m,10:30,3.4,INR 155,52 Seats available
Kolkata to Digha,https://www.redbus.in/bus-tickets/kolkata-to-digha,SBSTC-KARUNAMOYEE - DIGHA - VIA DUNLOP - 06:15 (DIGHA) - 1760,Non AC Seater (2+3),06:15,05h 00m,11:15,4.1,INR 170,33 Seats available
Kolkata to Digha,https://www.redbus.in/bus-tickets/kolkata-to-digha,SBSTC-GARIA - DIGHA - 06:30 (FALTA DEPOT) - 909,Non AC Seater (2+3),06:30,17h 30m,00:00,3.8,INR 162,51 Seats available
Kolkata to Digha,https://www.redbus.in/bus-tickets/kolkata-to-digha,SBSTC-KOLKATA - DIGHA - 06:30 (HWH DEPOT) - 613,Non AC Seater (2+3),06:30,04h 30m,11:00,3.5,INR 155,51 Seats available
Kolkata to Digha,https://www.redbus.in/bus-tickets/kolkata-to-digha,SBSTC-BELGHARIA - DIGHA - 06:30 (BEL DEPOT) - 900,Non AC Seater (2+3),06:30,04h 30m,11:00,4.2,INR 155,40 Seats available
Kolkata to Digha,https://www.redbus.in/bus-tickets/kolkata-to-digha,SBSTC-KOLKATA - DIGHA -EXPRESS 2/2 SEAT - 06:45 (HWH DE - 3831,Express (Non AC Seater 2+2),06:45,04h 45m,11:30,1.8,INR 210,35 Seats available
Kolkata to Digha,https://www.redbus.in/bus-tickets/kolkata-to-digha,SBSTC-BIRATI - DIGHA - 06:00 - 904,Non AC Seater (2+3),06:45,04h 30m,11:15,4.5,INR 154,52 Seats available
Kolkata to Digha,https://www.redbus.in/bus-tickets/kolkata-to-digha,SBSTC-GARIA - DIGHA - 06:50 (DIGHA DEPOT) - 549,Non AC Seater (2+3),06:50,17h 10m,00:00,4.4,INR 162,40 Seats available
Kolkata to Digha,https://www.redbus.in/bus-tickets/kolkata-to-digha,SBSTC-KHARDAH - DIGHA - VIA - BELGHORIA - 06.30 - 901,Non AC Seater (2+3),07:00,04h 30m,11:30,3.6,INR 154,39 Seats available
Kolkata to Digha,https://www.redbus.in/bus-tickets/kolkata-to-digha,SBSTC-KOLKATA - DIGHA - 07:00 (HWH DEPOT) - 614,Non AC Seater (2+3),07:00,04h 30m,11:30,3.5,INR 155,43 Seats available
Kolkata to Digha,https://www.redbus.in/bus-tickets/kolkata-to-digha,SBSTC-KARUNAMOYEE - DIGHA - VIA DUNLOP - 07:15 (BEL) - 1445,Non AC Seater (2+3),07:15,05h 00m,12:15,4.2,INR 170,43 Seats available
Kolkata to Digha,https://www.redbus.in/bus-tickets/kolkata-to-digha,SBSTC-GARIA - DIGHA - A/C - 07:15 (DIG DEPOT) - 1138,AC Seater (2+2),07:15,16h 45m,00:00,2.7,INR 320,31 Seats available
Kolkata to Digha,https://www.redbus.in/bus-tickets/kolkata-to-digha,SBSTC-KOLKATA - DIGHA - A/C - 07:20 (HWH DEPOT) - 1903,AC Seater (2+2),07:20,04h 30m,11:50,2.6,INR 310,37 Seats available
Kolkata to Digha,https://www.redbus.in/bus-tickets/kolkata-to-digha,SBSTC-BELGHARIA - DIGHA - A/C - 07:20 (BEL DEPOT) - 1576,AC Seater (2+2),07:20,04h 30m,11:50,4.2,INR 310,32 Seats available
Kolkata to Digha,https://www.redbus.in/bus-tickets/kolkata-to-digha,SBSTC-KOLKATA - DIGHA - 07:30 (HWH DEPOT) - 616,Non AC Seater (2+3),07:30,04h 30m,12:00,3.3,INR 155,52 Seats available
Kolkata to Digha,https://www.redbus.in/bus-tickets/kolkata-to-digha,SBSTC-BELGHARIA - DIGHA - 07:45 (BEL DEPOT) - 947,Non AC Seater (2+3),07:45,04h 30m,12:15,4.0,INR 155,50 Seats available
Kolkata to Digha,https://www.redbus.in/bus-tickets/kolkata-to-digha,SBSTC-FALTA - DIGHA - VIA - KOLKATA - 05:00 (FALTA DEPOT - 1404,Non AC Seater (2+3),07:50,04h 30m,12:20,2.3,INR 155,52 Seats available
Kolkata to Digha,https://www.redbus.in/bus-tickets/kolkata-to-digha,SBSTC-BELGHARIA - DIGHA - EXPRESS 2/2 SEAT - 08:10 (BEL - 3834,Express (Non AC Seater 2+2),08:10,04h 30m,12:40,5.0,INR 210,35 Seats available
Kolkata to Digha,https://www.redbus.in/bus-tickets/kolkata-to-digha,SBSTC-KOLKATA - DIGHA - 08:30 (MID DEPOT) - 3360,Non AC Seater (2+3),08:30,04h 30m,13:00,3.4,INR 155,52 Seats available
Kolkata to Digha,https://www.redbus.in/bus-tickets/kolkata-to-digha,SBSTC-KOLKATA - DIGHA - 09:00 (KALNA DEPOT) - 3645,Non AC Seater (2+3),09:00,04h 30m,13:30,3.6,INR 155,52 Seats available
Kolkata to Digha,https://www.redbus.in/bus-tickets/kolkata-to-digha,SBSTC-FALTA - DIGHA - VIA - KOLKATA - 06:00 (FALTA DEPOT - 3488,Non AC Seater (2+3),09:15,04h 30m,13:45,2.1,INR 155,52 Seats available
Kolkata to Digha,https://www.redbus.in/bus-tickets/kolkata-to-digha,SBSTC-KOLKATA - DIGHA - 10:00 (KHIRPAI DEPOT) - 3506,Non AC Seater (2+3),10:00,04h 30m,14:30,3.1,INR 155,52 Seats available
Kolkata to Digha,https://www.redbus.in/bus-tickets/kolkata-to-digha,SBSTC-FALTA - DIGHA - VIA - KOLKATA - 07:00 (FALTA DEPOT - 547,Non AC Seater (2+3),10:15,04h 30m,14:45,2.8,INR 155,52 Seats available
Kolkata to Digha,https://www.redbus.in/bus-tickets/kolkata-to-digha,SBSTC-KOLKATA - DIGHA - 10:30 (MID DEPOT) - 3363,Non AC Seater (2+3),10:30,04h 30m,15:00,5.0,INR 155,52 Seats available
Kolkata to Digha,https://www.redbus.in/bus-tickets/kolkata-to-digha,SBSTC-ARAMBAG - DIGHA - VIA - KOLKATA - 07:40 - 1307,Non AC Seater (2+3),10:45,04h 30m,15:15,3.3,INR 155,52 Seats available
Kolkata to Digha,https://www.redbus.in/bus-tickets/kolkata-to-digha,SBSTC-KOLKATA - DIGHA - 11:45 (KALNA DEPOT) - 3822,Non AC Seater (2+3),11:45,04h 30m,16:15,4.0,INR 155,52 Seats available
Kolkata to Digha,https://www.redbus.in/bus-tickets/kolkata-to-digha,SBSTC-KOLKATA - DIGHA - 13:45 (MID DEPOT) - 971,Non AC Seater (2+3),13:45,04h 30m,18:15,2.5,INR 155,52 Seats available
Kolkata to Digha,https://www.redbus.in/bus-tickets/kolkata-to-digha,SBSTC-GARIA - DIGHA - 15:15 (DIGHA DEPOT) - 543,Non AC Seater (2+3),15:15,08h 45m,00:00,4.5,INR 162,52 Seats available
Kolkata to Digha,https://www.redbus.in/bus-tickets/kolkata-to-digha,SBSTC-KOLKATA - DIGHA - 23:30 (DIGHA DEPOT) - 3988,Non AC Seater (2+3),23:30,04h 30m,04:00,4.0,INR 155,52 Seats available
Kolkata to Digha,https://www.redbus.in/bus-tickets/kolkata-to-digha,SBSTC-GARIA - DIGHA - 22:30 (DIGHA DEPOT) - 3745,Non AC Seater (2+3),23:45,04h 30m,04:15,4.3,INR 155,48 Seats available
Kolkata to Digha,https://www.redbus.in/bus-tickets/kolkata-to-digha,Express Line,Volvo 9600 Multi Axle Semi-Sleeper (2+2),07:30,04h 25m,11:55,4.5,INR 449,52 Seats available
Kolkata to Digha,https://www.redbus.in/bus-tickets/kolkata-to-digha,Shyamoli Paribahan Pvt Ltd,VE A/C Seater (2+2),23:30,05h 00m,04:30,4.5,INR 449,35 Seats available
Kolkata to Digha,https://www.redbus.in/bus-tickets/kolkata-to-digha,Shyamoli Paribahan Pvt Ltd,Volvo A/C Seater (2+2),08:15,04h 30m,12:45,4.2,INR 475,24 Seats available
Kolkata to Digha,https://www.redbus.in/bus-tickets/kolkata-to-digha,AdMayuri Express,AC Seater (2+2),23:15,05h 15m,04:30,4.3,297,22 Seats available
Kolkata to Digha,https://www.redbus.in/bus-tickets/kolkata-to-digha,Greenline,Volvo A/C Seater (2+2),06:45,05h 00m,11:45,4.5,INR 400,18 Seats available
Kolkata to Digha,https://www.redbus.in/bus-tickets/kolkata-to-digha,Rubi Paribahan  ,Volvo 9600 A/C Seater/Sleeper (2+1),07:00,04h 30m,11:30,4.4,INR 400,37 Seats available
Kolkata to Digha,https://www.redbus.in/bus-tickets/kolkata-to-digha,Express Line,Volvo 9600 A/C Seater (2+2),23:45,05h 00m,04:45,4.3,INR 349,49 Seats available
Kolkata to Digha,https://www.redbus.in/bus-tickets/kolkata-to-digha,AdMaa Chandi Travels,A/C Seater / Sleeper (2+2),23:57,05h 13m,05:10,4.0,325,27 Seats available
Kolkata to Digha,https://www.redbus.in/bus-tickets/kolkata-to-digha,Maa Chandi Travels,A/C Seater / Sleeper (2+2),22:00,07h 30m,05:30,4.2,325,41 Seats available
Kolkata to Digha,https://www.redbus.in/bus-tickets/kolkata-to-digha,Snemita Paribahan,AC Seater (2+3),06:00,04h 30m,10:30,4.2,270,46 Seats available
Kolkata to Digha,https://www.redbus.in/bus-tickets/kolkata-to-digha,City Express (SHINJINI),AC Seater (2+3),06:39,04h 31m,11:10,4.2,279,27 Seats available
Kolkata to Digha,https://www.redbus.in/bus-tickets/kolkata-to-digha,Sagufta Travels(Maa Chandi),A/C Seater / Sleeper (2+2),23:57,05h 13m,05:10,4.2,INR 365,35 Seats available
Kolkata to Digha,https://www.redbus.in/bus-tickets/kolkata-to-digha,Snemita Paribahan (Maa Chandi)),A/C Push Back (2+3),06:21,04h 29m,10:50,4.1,270,36 Seats available
Kolkata to Digha,https://www.redbus.in/bus-tickets/kolkata-to-digha,Snemita Paribahan (SHINJINI),A/C Seater (2+3),05:50,04h 30m,10:20,3.6,INR 300,30 Seats available
Kolkata to Digha,https://www.redbus.in/bus-tickets/kolkata-to-digha,Samanta Travels,A/C Seater (2+3),08:40,04h 30m,13:10,3.3,INR 350,19 Seats available
Kolkata to Digha,https://www.redbus.in/bus-tickets/kolkata-to-digha,Arunita Paribahan,A/C Seater (2+3),06:05,04h 25m,10:30,4.1,270,21 Seats available
Kolkata to Digha,https://www.redbus.in/bus-tickets/kolkata-to-digha,City Express (Snemita),AC Seater (2+3),05:35,04h 30m,10:05,4.0,279,29 Seats available
Kolkata to Digha,https://www.redbus.in/bus-tickets/kolkata-to-digha,City Express (Maa Gauri),AC Seater (2+3),12:40,04h 30m,17:10,3.3,270,21 Seats available
Kolkata to Digha,https://www.redbus.in/bus-tickets/kolkata-to-digha,Parameswar Travels,A/C Seater Push Back (2+3),07:35,04h 40m,12:15,3.6,285,36 Seats available
Kolkata to Digha,https://www.redbus.in/bus-tickets/kolkata-to-digha,Parameswar Travels,A/C Seater Push Back (2+3),23:59,05h 01m,05:00,3.0,285,49 Seats available
Kolkata to Digha,https://www.redbus.in/bus-tickets/kolkata-to-digha,Parameswar Travels,A/C Seater Push Back (2+3),23:45,05h 15m,05:00,3.4,285,43 Seats available
Kolkata to Digha,https://www.redbus.in/bus-tickets/kolkata-to-digha,Basu Travels,A/C Seater Push Back (2+3),23:30,05h 00m,04:30,4.0,INR 499,20 Seats available
Kolkata to Digha,https://www.redbus.in/bus-tickets/kolkata-to-digha,Snemita Paribahan,Non AC Seater (2+3),05:00,04h 45m,09:45,3.8,198,46 Seats available
Kolkata to Digha,https://www.redbus.in/bus-tickets/kolkata-to-digha,Basu Travels,A/C Seater / Sleeper (2+2),23:59,05h 01m,05:00,3.5,INR 599,34 Seats available
Kolkata to Digha,https://www.redbus.in/bus-tickets/kolkata-to-digha,Sagufta Travels(Angel),A/C Seater (2+2),23:58,05h 12m,05:10,3.9,INR 315,24 Seats available
Kolkata to Digha,https://www.redbus.in/bus-tickets/kolkata-to-digha,Snemita Paribahan,AC Seater (2+3),06:00,04h 20m,10:20,4.0,320,16 Seats available
Kolkata to Digha,https://www.redbus.in/bus-tickets/kolkata-to-digha,Royal Cruiser,Scania Multi-Axle AC Semi Sleeper (2+2),06:45,05h 15m,12:00,3.6,462,50 Seats available
Kolkata to Digha,https://www.redbus.in/bus-tickets/kolkata-to-digha,Mayuri Express,A/C Seater (2+3),18:20,04h 30m,22:50,3.0,270,61 Seats available
Kolkata to Digha,https://www.redbus.in/bus-tickets/kolkata-to-digha,Sagufta Travels (Atithi),A/C Seater Push Back (2+3),23:59,05h 01m,05:00,3.6,INR 315,41 Seats available
Kolkata to Digha,https://www.redbus.in/bus-tickets/kolkata-to-digha,ADHIKARY PARIBAHAN,A/C Seater (2+3),15:15,04h 45m,20:00,3.6,266,41 Seats available
Kolkata to Digha,https://www.redbus.in/bus-tickets/kolkata-to-digha,Sagufta Travels(Sonamoni),A/C Seater Push Back (2+3),11:20,05h 00m,16:20,3.7,INR 315,20 Seats available
Kolkata to Digha,https://www.redbus.in/bus-tickets/kolkata-to-digha,Snemita Paribahan (Angel),A/C Seater (2+3),08:30,04h 30m,13:00,3.8,320,15 Seats available
Kolkata to Digha,https://www.redbus.in/bus-tickets/kolkata-to-digha,Sagufta Travels (Mayuri),A/C Seater (2+2),23:15,04h 45m,04:00,3.0,INR 365,20 Seats available
Kolkata to Digha,https://www.redbus.in/bus-tickets/kolkata-to-digha,City Express (Ruposhi),AC Seater (2+3),15:55,04h 55m,20:50,3.6,270,31 Seats available
Kolkata to Digha,https://www.redbus.in/bus-tickets/kolkata-to-digha,Snemita Parisheba(Samanta),AC Seater (2+3),18:00,04h 25m,22:25,0,352,25 Seats available
Barasat (West Bengal) to Digha,https://www.redbus.in/bus-tickets/barasat-west-bengal-to-digha,WBTC (CTC) BARASAT-DIGHA via Bally - 38|03:45,Non AC Seater (2+3),03:45,03h 55m,07:40,3.9,INR 161,38 Seats available
Barasat (West Bengal) to Digha,https://www.redbus.in/bus-tickets/barasat-west-bengal-to-digha,WBTC (CTC) HABRA-DIGHA via Bally - 26|04:30,Non AC Seater (2+3),04:30,03h 50m,08:20,3.8,INR 161,43 Seats available
Barasat (West Bengal) to Digha,https://www.redbus.in/bus-tickets/barasat-west-bengal-to-digha,WBTC (CTC) HABRA-DIGHA via Bally - 26|05:00,Non AC Seater (2+3),05:00,03h 50m,08:50,4.0,INR 161,44 Seats available
Barasat (West Bengal) to Digha,https://www.redbus.in/bus-tickets/barasat-west-bengal-to-digha,,,,,,,,
Barasat (West Bengal) to Digha,https://www.redbus.in/bus-tickets/barasat-west-bengal-to-digha,,,,,,,,
Barasat (West Bengal) to Digha,https://www.redbus.in/bus-tickets/barasat-west-bengal-to-digha,,,,,,,,
Barasat (West Bengal) to Digha,https://www.redbus.in/bus-tickets/barasat-west-bengal-to-digha,,,,,,,,
Barasat (West Bengal) to Digha,https://www.redbus.in/bus-tickets/barasat-west-bengal-to-digha,,,,,,,,
Barasat (West Bengal) to Digha,https://www.redbus.in/bus-tickets/barasat-west-bengal-to-digha,,,,,,,,
Barasat (West Bengal) to Digha,https://www.redbus.in/bus-tickets/barasat-west-bengal-to-digha,,,,,,0,,
Barasat (West Bengal) to Kolaghat,https://www.redbus.in/bus-tickets/barasat-west-bengal-to-kolaghat,WBTC (CTC) BARASAT-DIGHA via Bally - 38|03:45,Non AC Seater (2+3),03:45,01h 40m,05:25,4.0,INR 69,38 Seats available
Barasat (West Bengal) to Kolaghat,https://www.redbus.in/bus-tickets/barasat-west-bengal-to-kolaghat,WBTC (CTC) HABRA-DIGHA via Bally - 26|04:30,Non AC Seater (2+3),04:30,01h 35m,06:05,4.6,INR 69,43 Seats available
Barasat (West Bengal) to Kolaghat,https://www.redbus.in/bus-tickets/barasat-west-bengal-to-kolaghat,WBTC (CTC) HABRA-DIGHA via Bally - 26|05:00,Non AC Seater (2+3),05:00,01h 35m,06:35,2.7,INR 69,44 Seats available
Barasat (West Bengal) to Kolaghat,https://www.redbus.in/bus-tickets/barasat-west-bengal-to-kolaghat,,,,,,,,
Barasat (West Bengal) to Kolaghat,https://www.redbus.in/bus-tickets/barasat-west-bengal-to-kolaghat,,,,,,,,
Barasat (West Bengal) to Contai (Kanthi),https://www.redbus.in/bus-tickets/barasat-west-bengal-to-contai-kanthi,WBTC (CTC) BARASAT-DIGHA via Bally - 38|03:45,Non AC Seater (2+3),03:45,03h 10m,06:55,4.8,INR 131,38 Seats available
Barasat (West Bengal) to Contai (Kanthi),https://www.redbus.in/bus-tickets/barasat-west-bengal-to-contai-kanthi,WBTC (CTC) HABRA-DIGHA via Bally - 26|04:30,Non AC Seater (2+3),04:30,03h 05m,07:35,3.9,INR 131,43 Seats available
Barasat (West Bengal) to Contai (Kanthi),https://www.redbus.in/bus-tickets/barasat-west-bengal-to-contai-kanthi,WBTC (CTC) HABRA-DIGHA via Bally - 26|05:00,Non AC Seater (2+3),05:00,03h 05m,08:05,4.0,INR 131,44 Seats available
Barasat (West Bengal) to Contai (Kanthi),https://www.redbus.in/bus-tickets/barasat-west-bengal-to-contai-kanthi,,,,,,,,
Barasat (West Bengal) to Contai (Kanthi),https://www.redbus.in/bus-tickets/barasat-west-bengal-to-contai-kanthi,,,,,,,,
Barasat (West Bengal) to Contai (Kanthi),https://www.redbus.in/bus-tickets/barasat-west-bengal-to-contai-kanthi,,,,,,,,
Barasat (West Bengal) to Contai (Kanthi),https://www.redbus.in/bus-tickets/barasat-west-bengal-to-contai-kanthi,,,,,,,,
Barasat (West Bengal) to Contai (Kanthi),https://www.redbus.in/bus-tickets/barasat-west-bengal-to-contai-kanthi,,,,,,,,
Barasat (West Bengal) to Contai (Kanthi),https://www.redbus.in/bus-tickets/barasat-west-bengal-to-contai-kanthi,,,,,,0,,
Barasat (West Bengal) to Contai (Kanthi),https://www.redbus.in/bus-tickets/barasat-west-bengal-to-contai-kanthi,,,,,,0,,
Kolkata to Durgapur (West Bengal),https://www.redbus.in/bus-tickets/kolkata-to-durgapur,SBSTC-KOLKATA - PURULIA - VIA - ASN - 05:00 - (PRL DEPOT - 262,Non AC Seater (2+3),05:00,03h 15m,08:15,3.2,INR 150,52 Seats available
Kolkata to Durgapur (West Bengal),https://www.redbus.in/bus-tickets/kolkata-to-durgapur,SBSTC-KARUNAMOYEE - ASANSOL - 05:15 (ASN DEPOT) - 481,Non AC Seater (2+3),05:15,03h 45m,09:00,3.6,INR 155,51 Seats available
Kolkata to Durgapur (West Bengal),https://www.redbus.in/bus-tickets/kolkata-to-durgapur,SBSTC-KOLKATA - ASANSOL - 05:30 (HOWRAH DEPOT) - 776,Non AC Seater (2+3),05:30,03h 30m,09:00,2.5,INR 150,52 Seats available
Kolkata to Durgapur (West Bengal),https://www.redbus.in/bus-tickets/kolkata-to-durgapur,,,,,,,,
Kolkata to Durgapur (West Bengal),https://www.redbus.in/bus-tickets/kolkata-to-durgapur,,,,,,,,
Kolkata to Durgapur (West Bengal),https://www.redbus.in/bus-tickets/kolkata-to-durgapur,,,,,,,,
Kolkata to Durgapur (West Bengal),https://www.redbus.in/bus-tickets/kolkata-to-durgapur,,,,,,,,
Kolkata to Durgapur (West Bengal),https://www.redbus.in/bus-tickets/kolkata-to-durgapur,,,,,,,,
Kolkata to Durgapur (West Bengal),https://www.redbus.in/bus-tickets/kolkata-to-durgapur,,,,,,,,
Kolkata to Durgapur (West Bengal),https://www.redbus.in/bus-tickets/kolkata-to-durgapur,,,,,,,,
Digha to Habra,https://www.redbus.in/bus-tickets/digha-to-habra,WBTC (CTC) HABRA-DIGHA via Bally - 26|10:00,Non AC Seater (2+3),10:00,05h 45m,15:45,3.5,INR 179,45 Seats available
Digha to Habra,https://www.redbus.in/bus-tickets/digha-to-habra,WBTC (CTC) HABRA-DIGHA via Bally - 26|10:40,Non AC Seater (2+3),10:40,05h 45m,16:25,3.4,INR 179,48 Seats available
Digha to Habra,https://www.redbus.in/bus-tickets/digha-to-habra,WBTC (CTC) HABRA - DIGHA (AC-VOLVO) - 89|12:30,Volvo AC Seater (2+2),12:30,04h 45m,17:15,3.6,INR 460,37 Seats available
Digha to Habra,https://www.redbus.in/bus-tickets/digha-to-habra,WBTC (CTC) HABRA-DIGHA via Bally - 26|12:50,Non AC Seater (2+3),12:50,05h 45m,18:35,3.7,INR 179,46 Seats available
Digha to Habra,https://www.redbus.in/bus-tickets/digha-to-habra,,,,,,,,
Digha to Habra,https://www.redbus.in/bus-tickets/digha-to-habra,,,,,,,,
Digha to Habra,https://www.redbus.in/bus-tickets/digha-to-habra,,,,,,,,
Digha to Habra,https://www.redbus.in/bus-tickets/digha-to-habra,,,,,,,,
Digha to Habra,https://www.redbus.in/bus-tickets/digha-to-habra,,,,,,,,
Digha to Habra,https://www.redbus.in/bus-tickets/digha-to-habra,,,,,,,,
Barasat (West Bengal) to Heria,https://www.redbus.in/bus-tickets/barasat-west-bengal-to-heria,WBTC (CTC) BARASAT-DIGHA via Bally - 38|03:45,Non AC Seater (2+3),03:45,02h 40m,06:25,4.1,INR 112,38 Seats available
Barasat (West Bengal) to Heria,https://www.redbus.in/bus-tickets/barasat-west-bengal-to-heria,WBTC (CTC) HABRA-DIGHA via Bally - 26|04:30,Non AC Seater (2+3),04:30,02h 35m,07:05,3.9,INR 112,43 Seats available
Barasat (West Bengal) to Heria,https://www.redbus.in/bus-tickets/barasat-west-bengal-to-heria,WBTC (CTC) HABRA-DIGHA via Bally - 26|05:00,Non AC Seater (2+3),05:00,02h 35m,07:35,4.0,INR 112,44 Seats available
Barasat (West Bengal) to Heria,https://www.redbus.in/bus-tickets/barasat-west-bengal-to-heria,,,,,,,,
Barasat (West Bengal) to Heria,https://www.redbus.in/bus-tickets/barasat-west-bengal-to-heria,,,,,,,,
Haldia to Kolkata,https://www.redbus.in/bus-tickets/haldia-to-kolkata,SBSTC-HALDIA - CHITTARANJAN - VIA - KOLKATA - 05:00 - 278,Non AC Seater (2+3),05:00,03h 45m,08:45,4.3,INR 110,45 Seats available
Haldia to Kolkata,https://www.redbus.in/bus-tickets/haldia-to-kolkata,SBSTC-HALDIA - KOLKATA - ALL STOP - 05:30 (HALDIA DEPOT) - 626,Non AC Seater (2+3),05:30,03h 00m,08:30,3.9,INR 110,49 Seats available
Haldia to Kolkata,https://www.redbus.in/bus-tickets/haldia-to-kolkata,SBSTC-HALDIA - KOLKATA - 06:20 (Haldia Depot) - 1028,Non AC Seater (2+3),06:20,03h 00m,09:20,4.0,INR 110,52 Seats available
Haldia to Kolkata,https://www.redbus.in/bus-tickets/haldia-to-kolkata,SBSTC-HALDIA - KOLKATA - 06:40 (Haldia Depot) - 697,Non AC Seater (2+3),06:40,03h 00m,09:40,4.2,INR 110,52 Seats available
Haldia to Kolkata,https://www.redbus.in/bus-tickets/haldia-to-kolkata,SBSTC-HALDIA - KOLKATA - NON STOP - 07:15 (Haldia Depot) - 627,Non AC Seater (2+3),07:15,03h 00m,10:15,4.3,INR 135,52 Seats available
Haldia to Kolkata,https://www.redbus.in/bus-tickets/haldia-to-kolkata,SBSTC-HALDIA - KOLKATA - 08.00 (HALDIA DEPOT) - 632,Non AC Seater (2+3),08:00,03h 00m,11:00,3.5,INR 110,52 Seats available
Haldia to Kolkata,https://www.redbus.in/bus-tickets/haldia-to-kolkata,SBSTC-HALDIA - KOLKATA - A/C - 08:30 (Haldia Depot) - 1014,AC Seater (2+2),08:30,03h 00m,11:30,4.2,INR 210,36 Seats available
Haldia to Kolkata,https://www.redbus.in/bus-tickets/haldia-to-kolkata,SBSTC-HALDIA - KOLKATA - 09:00 (Haldia Depot) - 1329,Non AC Seater (2+3),09:00,03h 00m,12:00,3.6,INR 110,49 Seats available
Haldia to Kolkata,https://www.redbus.in/bus-tickets/haldia-to-kolkata,SBSTC-HALDIA - ASANSOL - VIA - KOLKATA - 09:30 (HLD DEPO - 1763,Non AC Seater (2+3),09:30,04h 15m,13:45,3.7,INR 110,52 Seats available
Haldia to Kolkata,https://www.redbus.in/bus-tickets/haldia-to-kolkata,SBSTC-HALDIA - KOLKATA - ALL STOP - 10:00 (BEL DEPOT) - 633,Non AC Seater (2+3),10:00,03h 00m,13:00,3.1,INR 110,52 Seats available
Haldia to Kolkata,https://www.redbus.in/bus-tickets/haldia-to-kolkata,SBSTC-HALDIA - KOLKATA - 11:00 (Haldia Depot) - 1331,Non AC Seater (2+3),11:00,03h 00m,14:00,2.9,INR 110,52 Seats available
Haldia to Kolkata,https://www.redbus.in/bus-tickets/haldia-to-kolkata,SBSTC-HALDIA - KOLKATA - A/C - 11:35 (Haldia Depot) - 1530,AC Seater (2+2),11:35,03h 00m,14:35,4.1,INR 210,35 Seats available
Haldia to Kolkata,https://www.redbus.in/bus-tickets/haldia-to-kolkata,SBSTC-HALDIA - KOLKATA - 12:00 (Belgharia Depot) - 3630,Non AC Seater (2+3),12:00,03h 00m,15:00,2.6,INR 110,52 Seats available
Haldia to Kolkata,https://www.redbus.in/bus-tickets/haldia-to-kolkata,SBSTC-HALDIA - KOLKATA - 12:20 (HWH DEPOT) - 1092,Non AC Seater (2+3),12:20,03h 00m,15:20,3.2,INR 110,52 Seats available
Haldia to Kolkata,https://www.redbus.in/bus-tickets/haldia-to-kolkata,SBSTC-HALDIA - KOLKATA - 13:00 (Haldia Depot) - 635,Non AC Seater (2+3),13:00,03h 00m,16:00,3.5,INR 110,52 Seats available
Haldia to Kolkata,https://www.redbus.in/bus-tickets/haldia-to-kolkata,SBSTC-HALDIA - KOLKATA - ALL STOP - 13:30 (Haldia Depot) - 629,Non AC Seater (2+3),13:30,03h 00m,16:30,4.1,INR 110,52 Seats available
Haldia to Kolkata,https://www.redbus.in/bus-tickets/haldia-to-kolkata,SBSTC-HALDIA - KOLKATA - 14:00 (Haldia Depot) - 640,Non AC Seater (2+3),14:00,03h 00m,17:00,4.1,INR 110,52 Seats available
Haldia to Kolkata,https://www.redbus.in/bus-tickets/haldia-to-kolkata,SBSTC-HALDIA - KOLKATA - 15:00 (Haldia Depot) - 641,Non AC Seater (2+3),15:00,03h 00m,18:00,3.9,INR 110,49 Seats available
Haldia to Kolkata,https://www.redbus.in/bus-tickets/haldia-to-kolkata,SBSTC-HALDIA - KOLKATA - 16:05 (HALDIA DEPOT) - 1328,Non AC Seater (2+3),16:05,03h 00m,19:05,3.4,INR 110,49 Seats available
Haldia to Kolkata,https://www.redbus.in/bus-tickets/haldia-to-kolkata,SBSTC-HALDIA - KOLKATA - ALL STOP - 17:30 (HLD DEPOT) - 630,Non AC Seater (2+3),17:30,03h 00m,20:30,3.7,INR 110,52 Seats available
Haldia to Kolkata,https://www.redbus.in/bus-tickets/haldia-to-kolkata,Satadal Travels,A/C Seater (2+2),05:55,03h 35m,09:30,3.5,167,43 Seats available
Haldia to Kolkata,https://www.redbus.in/bus-tickets/haldia-to-kolkata,Diamond City Service,A/C Executive (2+3),06:30,03h 45m,10:15,4.5,170,43 Seats available
Haldia to Kolkata,https://www.redbus.in/bus-tickets/haldia-to-kolkata,Droupadi Bus Service,Non AC Seater (2+3),07:15,03h 00m,10:15,3.7,INR 121,54 Seats available
Haldia to Kolkata,https://www.redbus.in/bus-tickets/haldia-to-kolkata,Gogol City Service,AC Seater (2+3),07:50,02h 55m,10:45,4.1,148,59 Seats available
Haldia to Kolkata,https://www.redbus.in/bus-tickets/haldia-to-kolkata,KRISHNAKALI,A/C Seater (2+3),06:25,02h 50m,09:15,2.1,INR 169,61 Seats available
Barasat (West Bengal) to Asansol (West Bengal),https://www.redbus.in/bus-tickets/barasat-west-bengal-to-asansol,WBTC (CTC) Habra - Barasat - Durgapur - Asansol - 100|06:00,Non AC Seater (2+3),06:00,04h 00m,10:00,4.6,INR 177,40 Seats available
Barasat (West Bengal) to Asansol (West Bengal),https://www.redbus.in/bus-tickets/barasat-west-bengal-to-asansol,WBTC (CTC) BARASAT -DURGAPUR - ASANSOL (AC-VOLVO) - 95|07:30,Volvo AC Seater (2+2),07:30,04h 15m,11:45,3.8,INR 430,38 Seats available
Barasat (West Bengal) to Asansol (West Bengal),https://www.redbus.in/bus-tickets/barasat-west-bengal-to-asansol,SBSTC-BONGAON - ASANSOL - VIA - BARASAT - 05:00 (ASN DEP - 1515,Non AC Seater (2+3),07:00,17h 00m,00:00,3.0,INR 185,49 Seats available
Kolkata to Mayapur ISKCON,https://www.redbus.in/bus-tickets/kolkata-to-mayapur-iskcon,WBTC (CTC) KOLKATA - MAYAPUR - 47|06:15,Non AC Seater (2+3),06:15,04h 25m,10:40,4.1,INR 108,24 Seats available
Kolkata to Mayapur ISKCON,https://www.redbus.in/bus-tickets/kolkata-to-mayapur-iskcon,WBTC (CTC) KOLKATA - KRISNANAGAR - MAYAPUR (AC- VOLVO) Banglashree Express - 140|07:00,Volvo AC Seater (2+2),07:00,04h 20m,11:20,4.6,INR 255,25 Seats available
